{
"type": "FeatureCollection",
"name": "risk_grid",
"crs": { "type": "name", "properties": { "name": "urn:ogc:def:crs:OGC:1.3:CRS84" } },
"features": [
{ "type": "Feature", "properties": { "center_lat": 40.6025, "center_lon": -74.0975, "predicted_risk": 0.27100009222035953, "cell_id": "cell_0_0" }, "geometry": { "type": "Polygon", "coordinates": [ [ [ -74.1, 40.6 ], [ -74.095, 40.6 ], [ -74.095, 40.605 ], [ -74.1, 40.605 ], [ -74.1, 40.6 ] ] ] } },
{ "type": "Feature", "properties": { "center_lat": 40.6025, "center_lon": -74.0925, "predicted_risk": 0.1155547009519067, "cell_id": "cell_0_1" }, "geometry": { "type": "Polygon", "coordinates": [ [ [ -74.095, 40.6 ], [ -74.09, 40.6 ], [ -74.09, 40.605 ], [ -74.095, 40.605 ], [ -74.095, 40.6 ] ] ] } },
{ "type": "Feature", "properties": { "center_lat": 40.6025, "center_lon": -74.0875, "predicted_risk": 0.41501633956489448, "cell_id": "cell_0_2" }, "geometry": { "type": "Polygon", "coordinates": [ [ [ -74.09, 40.6 ], [ -74.085, 40.6 ], [ -74.085, 40.605 ], [ -74.09, 40.605 ], [ -74.09, 40.6 ] ] ] } },
{ "type": "Feature", "properties": { "center_lat": 40.6025, "center_lon": -74.0825, "predicted_risk": 0.3062145272894175, "cell_id": "cell_0_3" }, "geometry": { "type": "Polygon", "coordinates": [ [ [ -74.085, 40.6 ], [ -74.08, 40.6 ], [ -74.08, 40.605 ], [ -74.085, 40.605 ], [ -74.085, 40.6 ] ] ] } },
{ "type": "Feature", "properties": { "center_lat": 40.6025, "center_lon": -74.0775, "predicted_risk": 0.31248862484098144, "cell_id": "cell_0_4" }, "geometry": { "type": "Polygon", "coordinates": [ [ [ -74.08, 40.6 ], [ -74.075, 40.6 ], [ -74.075, 40.605 ], [ -74.08, 40.605 ], [ -74.08, 40.6 ] ] ] } },
{ "type": "Feature", "properties": { "center_lat": 40.6025, "center_lon": -74.0725, "predicted_risk": 0.14698186723360956, "cell_id": "cell_0_5" }, "geometry": { "type": "Polygon", "coordinates": [ [ [ -74.075, 40.6 ], [ -74.07, 40.6 ], [ -74.07, 40.605 ], [ -74.075, 40.605 ], [ -74.075, 40.6 ] ] ] } },
{ "type": "Feature", "properties": { "center_lat": 40.6025, "center_lon": -74.0675, "predicted_risk": 0.12758769770490791, "cell_id": "cell_0_6" }, "geometry": { "type": "Polygon", "coordinates": [ [ [ -74.07, 40.6 ], [ -74.065, 40.6 ], [ -74.065, 40.605 ], [ -74.07, 40.605 ], [ -74.07, 40.6 ] ] ] } },
{ "type": "Feature", "properties": { "center_lat": 40.6025, "center_lon": -74.0625, "predicted_risk": 0.20562034586050312, "cell_id": "cell_0_7" }, "geometry": { "type": "Polygon", "coordinates": [ [ [ -74.065, 40.6 ], [ -74.06, 40.6 ], [ -74.06, 40.605 ], [ -74.065, 40.605 ], [ -74.065, 40.6 ] ] ] } },
{ "type": "Feature", "properties": { "center_lat": 40.6025, "center_lon": -74.0575, "predicted_risk": 0.078715695120929643, "cell_id": "cell_0_8" }, "geometry": { "type": "Polygon", "coordinates": [ [ [ -74.06, 40.6 ], [ -74.055, 40.6 ], [ -74.055, 40.605 ], [ -74.06, 40.605 ], [ -74.06, 40.6 ] ] ] } },
{ "type": "Feature", "properties": { "center_lat": 40.6025, "center_lon": -74.0525, "predicted_risk": 0.18361029830660783, "cell_id": "cell_0_9" }, "geometry": { "type": "Polygon", "coordinates": [ [ [ -74.055, 40.6 ], [ -74.05, 40.6 ], [ -74.05, 40.605 ], [ -74.055, 40.605 ], [ -74.055, 40.6 ] ] ] } },
{ "type": "Feature", "properties": { "center_lat": 40.6025, "center_lon": -74.0475, "predicted_risk": 0.21824399383761345, "cell_id": "cell_0_10" }, "geometry": { "type": "Polygon", "coordinates": [ [ [ -74.05, 40.6 ], [ -74.045, 40.6 ], [ -74.045, 40.605 ], [ -74.05, 40.605 ], [ -74.05, 40.6 ] ] ] } },
{ "type": "Feature", "properties": { "center_lat": 40.6025, "center_lon": -74.0425, "predicted_risk": 0.18124407532338258, "cell_id": "cell_0_11" }, "geometry": { "type": "Polygon", "coordinates": [ [ [ -74.045, 40.6 ], [ -74.04, 40.6 ], [ -74.04, 40.605 ], [ -74.045, 40.605 ], [ -74.045, 40.6 ] ] ] } },
{ "type": "Feature", "properties": { "center_lat": 40.6025, "center_lon": -74.0375, "predicted_risk": 0.30932529774323375, "cell_id": "cell_0_12" }, "geometry": { "type": "Polygon", "coordinates": [ [ [ -74.04, 40.6 ], [ -74.035, 40.6 ], [ -74.035, 40.605 ], [ -74.04, 40.605 ], [ -74.04, 40.6 ] ] ] } },
{ "type": "Feature", "properties": { "center_lat": 40.6025, "center_lon": -74.0325, "predicted_risk": 0.10116911477981873, "cell_id": "cell_0_13" }, "geometry": { "type": "Polygon", "coordinates": [ [ [ -74.035, 40.6 ], [ -74.03, 40.6 ], [ -74.03, 40.605 ], [ -74.035, 40.605 ], [ -74.035, 40.6 ] ] ] } },
{ "type": "Feature", "properties": { "center_lat": 40.6025, "center_lon": -74.0275, "predicted_risk": 0.25218348071642266, "cell_id": "cell_0_14" }, "geometry": { "type": "Polygon", "coordinates": [ [ [ -74.03, 40.6 ], [ -74.025, 40.6 ], [ -74.025, 40.605 ], [ -74.03, 40.605 ], [ -74.03, 40.6 ] ] ] } },
{ "type": "Feature", "properties": { "center_lat": 40.6025, "center_lon": -74.0225, "predicted_risk": 0.4379918196675911, "cell_id": "cell_0_15" }, "geometry": { "type": "Polygon", "coordinates": [ [ [ -74.025, 40.6 ], [ -74.02, 40.6 ], [ -74.02, 40.605 ], [ -74.025, 40.605 ], [ -74.025, 40.6 ] ] ] } },
{ "type": "Feature", "properties": { "center_lat": 40.6025, "center_lon": -74.0175, "predicted_risk": 0.46803643409342549, "cell_id": "cell_0_16" }, "geometry": { "type": "Polygon", "coordinates": [ [ [ -74.02, 40.6 ], [ -74.015, 40.6 ], [ -74.015, 40.605 ], [ -74.02, 40.605 ], [ -74.02, 40.6 ] ] ] } },
{ "type": "Feature", "properties": { "center_lat": 40.6025, "center_lon": -74.0125, "predicted_risk": 0.30736872993215986, "cell_id": "cell_0_17" }, "geometry": { "type": "Polygon", "coordinates": [ [ [ -74.015, 40.6 ], [ -74.01, 40.6 ], [ -74.01, 40.605 ], [ -74.015, 40.605 ], [ -74.015, 40.6 ] ] ] } },
{ "type": "Feature", "properties": { "center_lat": 40.6025, "center_lon": -74.0075, "predicted_risk": 0.55833542275933745, "cell_id": "cell_0_18" }, "geometry": { "type": "Polygon", "coordinates": [ [ [ -74.01, 40.6 ], [ -74.005, 40.6 ], [ -74.005, 40.605 ], [ -74.01, 40.605 ], [ -74.01, 40.6 ] ] ] } },
{ "type": "Feature", "properties": { "center_lat": 40.6025, "center_lon": -74.0025, "predicted_risk": 0.23432582662459922, "cell_id": "cell_0_19" }, "geometry": { "type": "Polygon", "coordinates": [ [ [ -74.005, 40.6 ], [ -74.0, 40.6 ], [ -74.0, 40.605 ], [ -74.005, 40.605 ], [ -74.005, 40.6 ] ] ] } },
{ "type": "Feature", "properties": { "center_lat": 40.6025, "center_lon": -73.9975, "predicted_risk": 0.27573289945577617, "cell_id": "cell_0_20" }, "geometry": { "type": "Polygon", "coordinates": [ [ [ -74.0, 40.6 ], [ -73.995, 40.6 ], [ -73.995, 40.605 ], [ -74.0, 40.605 ], [ -74.0, 40.6 ] ] ] } },
{ "type": "Feature", "properties": { "center_lat": 40.6025, "center_lon": -73.9925, "predicted_risk": 0.070010572484315539, "cell_id": "cell_0_21" }, "geometry": { "type": "Polygon", "coordinates": [ [ [ -73.995, 40.6 ], [ -73.99, 40.6 ], [ -73.99, 40.605 ], [ -73.995, 40.605 ], [ -73.995, 40.6 ] ] ] } },
{ "type": "Feature", "properties": { "center_lat": 40.6025, "center_lon": -73.9875, "predicted_risk": 0.22729484625561114, "cell_id": "cell_0_22" }, "geometry": { "type": "Polygon", "coordinates": [ [ [ -73.99, 40.6 ], [ -73.985, 40.6 ], [ -73.985, 40.605 ], [ -73.99, 40.605 ], [ -73.99, 40.6 ] ] ] } },
{ "type": "Feature", "properties": { "center_lat": 40.6025, "center_lon": -73.9825, "predicted_risk": 0.11115797437028653, "cell_id": "cell_0_23" }, "geometry": { "type": "Polygon", "coordinates": [ [ [ -73.985, 40.6 ], [ -73.980000000000103, 40.6 ], [ -73.980000000000103, 40.605 ], [ -73.985, 40.605 ], [ -73.985, 40.6 ] ] ] } },
{ "type": "Feature", "properties": { "center_lat": 40.6025, "center_lon": -73.9775, "predicted_risk": 0.26632460514896406, "cell_id": "cell_0_24" }, "geometry": { "type": "Polygon", "coordinates": [ [ [ -73.980000000000103, 40.6 ], [ -73.975000000000108, 40.6 ], [ -73.975000000000108, 40.605 ], [ -73.980000000000103, 40.605 ], [ -73.980000000000103, 40.6 ] ] ] } },
{ "type": "Feature", "properties": { "center_lat": 40.6025, "center_lon": -73.9725, "predicted_risk": 0.17427298076830838, "cell_id": "cell_0_25" }, "geometry": { "type": "Polygon", "coordinates": [ [ [ -73.975000000000108, 40.6 ], [ -73.970000000000113, 40.6 ], [ -73.970000000000113, 40.605 ], [ -73.975000000000108, 40.605 ], [ -73.975000000000108, 40.6 ] ] ] } },
{ "type": "Feature", "properties": { "center_lat": 40.6025, "center_lon": -73.9675, "predicted_risk": 0.33663702171716986, "cell_id": "cell_0_26" }, "geometry": { "type": "Polygon", "coordinates": [ [ [ -73.970000000000113, 40.6 ], [ -73.965000000000117, 40.6 ], [ -73.965000000000117, 40.605 ], [ -73.970000000000113, 40.605 ], [ -73.970000000000113, 40.6 ] ] ] } },
{ "type": "Feature", "properties": { "center_lat": 40.6025, "center_lon": -73.9625, "predicted_risk": 0.40700777752532502, "cell_id": "cell_0_27" }, "geometry": { "type": "Polygon", "coordinates": [ [ [ -73.965000000000117, 40.6 ], [ -73.960000000000122, 40.6 ], [ -73.960000000000122, 40.605 ], [ -73.965000000000117, 40.605 ], [ -73.965000000000117, 40.6 ] ] ] } },
{ "type": "Feature", "properties": { "center_lat": 40.6025, "center_lon": -73.9575, "predicted_risk": 0.45529252328899383, "cell_id": "cell_0_28" }, "geometry": { "type": "Polygon", "coordinates": [ [ [ -73.960000000000122, 40.6 ], [ -73.955000000000126, 40.6 ], [ -73.955000000000126, 40.605 ], [ -73.960000000000122, 40.605 ], [ -73.960000000000122, 40.6 ] ] ] } },
{ "type": "Feature", "properties": { "center_lat": 40.6025, "center_lon": -73.9525, "predicted_risk": 0.15655648975200739, "cell_id": "cell_0_29" }, "geometry": { "type": "Polygon", "coordinates": [ [ [ -73.955000000000126, 40.6 ], [ -73.950000000000131, 40.6 ], [ -73.950000000000131, 40.605 ], [ -73.955000000000126, 40.605 ], [ -73.955000000000126, 40.6 ] ] ] } },
{ "type": "Feature", "properties": { "center_lat": 40.6025, "center_lon": -73.9475, "predicted_risk": 0.59549151685349733, "cell_id": "cell_0_30" }, "geometry": { "type": "Polygon", "coordinates": [ [ [ -73.950000000000131, 40.6 ], [ -73.945000000000135, 40.6 ], [ -73.945000000000135, 40.605 ], [ -73.950000000000131, 40.605 ], [ -73.950000000000131, 40.6 ] ] ] } },
{ "type": "Feature", "properties": { "center_lat": 40.6025, "center_lon": -73.9425, "predicted_risk": 0.26118911729776256, "cell_id": "cell_0_31" }, "geometry": { "type": "Polygon", "coordinates": [ [ [ -73.945000000000135, 40.6 ], [ -73.94000000000014, 40.6 ], [ -73.94000000000014, 40.605 ], [ -73.945000000000135, 40.605 ], [ -73.945000000000135, 40.6 ] ] ] } },
{ "type": "Feature", "properties": { "center_lat": 40.6025, "center_lon": -73.9375, "predicted_risk": 0.21239339682296182, "cell_id": "cell_0_32" }, "geometry": { "type": "Polygon", "coordinates": [ [ [ -73.94000000000014, 40.6 ], [ -73.935000000000144, 40.6 ], [ -73.935000000000144, 40.605 ], [ -73.94000000000014, 40.605 ], [ -73.94000000000014, 40.6 ] ] ] } },
{ "type": "Feature", "properties": { "center_lat": 40.6025, "center_lon": -73.9325, "predicted_risk": 0.16330549118464985, "cell_id": "cell_0_33" }, "geometry": { "type": "Polygon", "coordinates": [ [ [ -73.935000000000144, 40.6 ], [ -73.930000000000149, 40.6 ], [ -73.930000000000149, 40.605 ], [ -73.935000000000144, 40.605 ], [ -73.935000000000144, 40.6 ] ] ] } },
{ "type": "Feature", "properties": { "center_lat": 40.6025, "center_lon": -73.9275, "predicted_risk": 0.18891574752566576, "cell_id": "cell_0_34" }, "geometry": { "type": "Polygon", "coordinates": [ [ [ -73.930000000000149, 40.6 ], [ -73.925000000000153, 40.6 ], [ -73.925000000000153, 40.605 ], [ -73.930000000000149, 40.605 ], [ -73.930000000000149, 40.6 ] ] ] } },
{ "type": "Feature", "properties": { "center_lat": 40.6025, "center_lon": -73.9225, "predicted_risk": 0.21891171119890573, "cell_id": "cell_0_35" }, "geometry": { "type": "Polygon", "coordinates": [ [ [ -73.925000000000153, 40.6 ], [ -73.920000000000158, 40.6 ], [ -73.920000000000158, 40.605 ], [ -73.925000000000153, 40.605 ], [ -73.925000000000153, 40.6 ] ] ] } },
{ "type": "Feature", "properties": { "center_lat": 40.6025, "center_lon": -73.9175, "predicted_risk": 0.058939197257716416, "cell_id": "cell_0_36" }, "geometry": { "type": "Polygon", "coordinates": [ [ [ -73.920000000000158, 40.6 ], [ -73.915000000000163, 40.6 ], [ -73.915000000000163, 40.605 ], [ -73.920000000000158, 40.605 ], [ -73.920000000000158, 40.6 ] ] ] } },
{ "type": "Feature", "properties": { "center_lat": 40.6025, "center_lon": -73.9125, "predicted_risk": 0.074574658579400627, "cell_id": "cell_0_37" }, "geometry": { "type": "Polygon", "coordinates": [ [ [ -73.915000000000163, 40.6 ], [ -73.910000000000167, 40.6 ], [ -73.910000000000167, 40.605 ], [ -73.915000000000163, 40.605 ], [ -73.915000000000163, 40.6 ] ] ] } },
{ "type": "Feature", "properties": { "center_lat": 40.6025, "center_lon": -73.9075, "predicted_risk": 0.29341861658223461, "cell_id": "cell_0_38" }, "geometry": { "type": "Polygon", "coordinates": [ [ [ -73.910000000000167, 40.6 ], [ -73.905000000000172, 40.6 ], [ -73.905000000000172, 40.605 ], [ -73.910000000000167, 40.605 ], [ -73.910000000000167, 40.6 ] ] ] } },
{ "type": "Feature", "properties": { "center_lat": 40.6075, "center_lon": -74.0975, "predicted_risk": 0.090266911406130856, "cell_id": "cell_1_0" }, "geometry": { "type": "Polygon", "coordinates": [ [ [ -74.1, 40.605 ], [ -74.095, 40.605 ], [ -74.095, 40.61 ], [ -74.1, 40.61 ], [ -74.1, 40.605 ] ] ] } },
{ "type": "Feature", "properties": { "center_lat": 40.6075, "center_lon": -74.0925, "predicted_risk": 0.34679409542916578, "cell_id": "cell_1_1" }, "geometry": { "type": "Polygon", "coordinates": [ [ [ -74.095, 40.605 ], [ -74.09, 40.605 ], [ -74.09, 40.61 ], [ -74.095, 40.61 ], [ -74.095, 40.605 ] ] ] } },
{ "type": "Feature", "properties": { "center_lat": 40.6075, "center_lon": -74.0875, "predicted_risk": 0.55392514133083115, "cell_id": "cell_1_2" }, "geometry": { "type": "Polygon", "coordinates": [ [ [ -74.09, 40.605 ], [ -74.085, 40.605 ], [ -74.085, 40.61 ], [ -74.09, 40.61 ], [ -74.09, 40.605 ] ] ] } },
{ "type": "Feature", "properties": { "center_lat": 40.6075, "center_lon": -74.0825, "predicted_risk": 0.61325621372550354, "cell_id": "cell_1_3" }, "geometry": { "type": "Polygon", "coordinates": [ [ [ -74.085, 40.605 ], [ -74.08, 40.605 ], [ -74.08, 40.61 ], [ -74.085, 40.61 ], [ -74.085, 40.605 ] ] ] } },
{ "type": "Feature", "properties": { "center_lat": 40.6075, "center_lon": -74.0775, "predicted_risk": 0.62585902865704002, "cell_id": "cell_1_4" }, "geometry": { "type": "Polygon", "coordinates": [ [ [ -74.08, 40.605 ], [ -74.075, 40.605 ], [ -74.075, 40.61 ], [ -74.08, 40.61 ], [ -74.08, 40.605 ] ] ] } },
{ "type": "Feature", "properties": { "center_lat": 40.6075, "center_lon": -74.0725, "predicted_risk": 0.58864797749170861, "cell_id": "cell_1_5" }, "geometry": { "type": "Polygon", "coordinates": [ [ [ -74.075, 40.605 ], [ -74.07, 40.605 ], [ -74.07, 40.61 ], [ -74.075, 40.61 ], [ -74.075, 40.605 ] ] ] } },
{ "type": "Feature", "properties": { "center_lat": 40.6075, "center_lon": -74.0675, "predicted_risk": 0.12768340583391538, "cell_id": "cell_1_6" }, "geometry": { "type": "Polygon", "coordinates": [ [ [ -74.07, 40.605 ], [ -74.065, 40.605 ], [ -74.065, 40.61 ], [ -74.07, 40.61 ], [ -74.07, 40.605 ] ] ] } },
{ "type": "Feature", "properties": { "center_lat": 40.6075, "center_lon": -74.0625, "predicted_risk": 0.20559605872206022, "cell_id": "cell_1_7" }, "geometry": { "type": "Polygon", "coordinates": [ [ [ -74.065, 40.605 ], [ -74.06, 40.605 ], [ -74.06, 40.61 ], [ -74.065, 40.61 ], [ -74.065, 40.605 ] ] ] } },
{ "type": "Feature", "properties": { "center_lat": 40.6075, "center_lon": -74.0575, "predicted_risk": 0.23579601906823991, "cell_id": "cell_1_8" }, "geometry": { "type": "Polygon", "coordinates": [ [ [ -74.06, 40.605 ], [ -74.055, 40.605 ], [ -74.055, 40.61 ], [ -74.06, 40.61 ], [ -74.06, 40.605 ] ] ] } },
{ "type": "Feature", "properties": { "center_lat": 40.6075, "center_lon": -74.0525, "predicted_risk": 0.18303054969794419, "cell_id": "cell_1_9" }, "geometry": { "type": "Polygon", "coordinates": [ [ [ -74.055, 40.605 ], [ -74.05, 40.605 ], [ -74.05, 40.61 ], [ -74.055, 40.61 ], [ -74.055, 40.605 ] ] ] } },
{ "type": "Feature", "properties": { "center_lat": 40.6075, "center_lon": -74.0475, "predicted_risk": 0.21735534284569641, "cell_id": "cell_1_10" }, "geometry": { "type": "Polygon", "coordinates": [ [ [ -74.05, 40.605 ], [ -74.045, 40.605 ], [ -74.045, 40.61 ], [ -74.05, 40.61 ], [ -74.05, 40.605 ] ] ] } },
{ "type": "Feature", "properties": { "center_lat": 40.6075, "center_lon": -74.0425, "predicted_risk": 0.24087203601450191, "cell_id": "cell_1_11" }, "geometry": { "type": "Polygon", "coordinates": [ [ [ -74.045, 40.605 ], [ -74.04, 40.605 ], [ -74.04, 40.61 ], [ -74.045, 40.61 ], [ -74.045, 40.605 ] ] ] } },
{ "type": "Feature", "properties": { "center_lat": 40.6075, "center_lon": -74.0375, "predicted_risk": 0.15441655288793743, "cell_id": "cell_1_12" }, "geometry": { "type": "Polygon", "coordinates": [ [ [ -74.04, 40.605 ], [ -74.035, 40.605 ], [ -74.035, 40.61 ], [ -74.04, 40.61 ], [ -74.04, 40.605 ] ] ] } },
{ "type": "Feature", "properties": { "center_lat": 40.6075, "center_lon": -74.0325, "predicted_risk": 0.10114982800682587, "cell_id": "cell_1_13" }, "geometry": { "type": "Polygon", "coordinates": [ [ [ -74.035, 40.605 ], [ -74.03, 40.605 ], [ -74.03, 40.61 ], [ -74.035, 40.61 ], [ -74.035, 40.605 ] ] ] } },
{ "type": "Feature", "properties": { "center_lat": 40.6075, "center_lon": -74.0275, "predicted_risk": 0.50472374751497395, "cell_id": "cell_1_14" }, "geometry": { "type": "Polygon", "coordinates": [ [ [ -74.03, 40.605 ], [ -74.025, 40.605 ], [ -74.025, 40.61 ], [ -74.03, 40.61 ], [ -74.03, 40.605 ] ] ] } },
{ "type": "Feature", "properties": { "center_lat": 40.6075, "center_lon": -74.0225, "predicted_risk": 0.29234622923504822, "cell_id": "cell_1_15" }, "geometry": { "type": "Polygon", "coordinates": [ [ [ -74.025, 40.605 ], [ -74.02, 40.605 ], [ -74.02, 40.61 ], [ -74.025, 40.61 ], [ -74.025, 40.605 ] ] ] } },
{ "type": "Feature", "properties": { "center_lat": 40.6075, "center_lon": -74.0175, "predicted_risk": 0.31246315772217259, "cell_id": "cell_1_16" }, "geometry": { "type": "Polygon", "coordinates": [ [ [ -74.02, 40.605 ], [ -74.015, 40.605 ], [ -74.015, 40.61 ], [ -74.02, 40.61 ], [ -74.02, 40.605 ] ] ] } },
{ "type": "Feature", "properties": { "center_lat": 40.6075, "center_lon": -74.0125, "predicted_risk": 0.46168100028431236, "cell_id": "cell_1_17" }, "geometry": { "type": "Polygon", "coordinates": [ [ [ -74.015, 40.605 ], [ -74.01, 40.605 ], [ -74.01, 40.61 ], [ -74.015, 40.61 ], [ -74.015, 40.605 ] ] ] } },
{ "type": "Feature", "properties": { "center_lat": 40.6075, "center_lon": -74.0075, "predicted_risk": 0.41919534221433896, "cell_id": "cell_1_18" }, "geometry": { "type": "Polygon", "coordinates": [ [ [ -74.01, 40.605 ], [ -74.005, 40.605 ], [ -74.005, 40.61 ], [ -74.01, 40.61 ], [ -74.01, 40.605 ] ] ] } },
{ "type": "Feature", "properties": { "center_lat": 40.6075, "center_lon": -74.0025, "predicted_risk": 0.23442648880522843, "cell_id": "cell_1_19" }, "geometry": { "type": "Polygon", "coordinates": [ [ [ -74.005, 40.605 ], [ -74.0, 40.605 ], [ -74.0, 40.61 ], [ -74.005, 40.61 ], [ -74.005, 40.605 ] ] ] } },
{ "type": "Feature", "properties": { "center_lat": 40.6075, "center_lon": -73.9975, "predicted_risk": 0.18370276162268473, "cell_id": "cell_1_20" }, "geometry": { "type": "Polygon", "coordinates": [ [ [ -74.0, 40.605 ], [ -73.995, 40.605 ], [ -73.995, 40.61 ], [ -74.0, 40.61 ], [ -74.0, 40.605 ] ] ] } },
{ "type": "Feature", "properties": { "center_lat": 40.6075, "center_lon": -73.9925, "predicted_risk": 0.20956697609179728, "cell_id": "cell_1_21" }, "geometry": { "type": "Polygon", "coordinates": [ [ [ -73.995, 40.605 ], [ -73.99, 40.605 ], [ -73.99, 40.61 ], [ -73.995, 40.61 ], [ -73.995, 40.605 ] ] ] } },
{ "type": "Feature", "properties": { "center_lat": 40.6075, "center_lon": -73.9875, "predicted_risk": 0.056611397961596643, "cell_id": "cell_1_22" }, "geometry": { "type": "Polygon", "coordinates": [ [ [ -73.99, 40.605 ], [ -73.985, 40.605 ], [ -73.985, 40.61 ], [ -73.99, 40.61 ], [ -73.99, 40.605 ] ] ] } },
{ "type": "Feature", "properties": { "center_lat": 40.6075, "center_lon": -73.9825, "predicted_risk": 0.055361255542120909, "cell_id": "cell_1_23" }, "geometry": { "type": "Polygon", "coordinates": [ [ [ -73.985, 40.605 ], [ -73.980000000000103, 40.605 ], [ -73.980000000000103, 40.61 ], [ -73.985, 40.61 ], [ -73.985, 40.605 ] ] ] } },
{ "type": "Feature", "properties": { "center_lat": 40.6075, "center_lon": -73.9775, "predicted_risk": 0.13282261980674143, "cell_id": "cell_1_24" }, "geometry": { "type": "Polygon", "coordinates": [ [ [ -73.980000000000103, 40.605 ], [ -73.975000000000108, 40.605 ], [ -73.975000000000108, 40.61 ], [ -73.980000000000103, 40.61 ], [ -73.980000000000103, 40.605 ] ] ] } },
{ "type": "Feature", "properties": { "center_lat": 40.6075, "center_lon": -73.9725, "predicted_risk": 0.17411224470726552, "cell_id": "cell_1_25" }, "geometry": { "type": "Polygon", "coordinates": [ [ [ -73.975000000000108, 40.605 ], [ -73.970000000000113, 40.605 ], [ -73.970000000000113, 40.61 ], [ -73.975000000000108, 40.61 ], [ -73.975000000000108, 40.605 ] ] ] } },
{ "type": "Feature", "properties": { "center_lat": 40.6075, "center_lon": -73.9675, "predicted_risk": 0.11224112279202189, "cell_id": "cell_1_26" }, "geometry": { "type": "Polygon", "coordinates": [ [ [ -73.970000000000113, 40.605 ], [ -73.965000000000117, 40.605 ], [ -73.965000000000117, 40.61 ], [ -73.970000000000113, 40.61 ], [ -73.970000000000113, 40.605 ] ] ] } },
{ "type": "Feature", "properties": { "center_lat": 40.6075, "center_lon": -73.9625, "predicted_risk": 0.54320057901485186, "cell_id": "cell_1_27" }, "geometry": { "type": "Polygon", "coordinates": [ [ [ -73.965000000000117, 40.605 ], [ -73.960000000000122, 40.605 ], [ -73.960000000000122, 40.61 ], [ -73.965000000000117, 40.61 ], [ -73.965000000000117, 40.605 ] ] ] } },
{ "type": "Feature", "properties": { "center_lat": 40.6075, "center_lon": -73.9575, "predicted_risk": 0.60786047205122096, "cell_id": "cell_1_28" }, "geometry": { "type": "Polygon", "coordinates": [ [ [ -73.960000000000122, 40.605 ], [ -73.955000000000126, 40.605 ], [ -73.955000000000126, 40.61 ], [ -73.960000000000122, 40.61 ], [ -73.960000000000122, 40.605 ] ] ] } },
{ "type": "Feature", "properties": { "center_lat": 40.6075, "center_lon": -73.9525, "predicted_risk": 0.15677829334237892, "cell_id": "cell_1_29" }, "geometry": { "type": "Polygon", "coordinates": [ [ [ -73.955000000000126, 40.605 ], [ -73.950000000000131, 40.605 ], [ -73.950000000000131, 40.61 ], [ -73.955000000000126, 40.61 ], [ -73.955000000000126, 40.605 ] ] ] } },
{ "type": "Feature", "properties": { "center_lat": 40.6075, "center_lon": -73.9475, "predicted_risk": 0.4471837126691498, "cell_id": "cell_1_30" }, "geometry": { "type": "Polygon", "coordinates": [ [ [ -73.950000000000131, 40.605 ], [ -73.945000000000135, 40.605 ], [ -73.945000000000135, 40.61 ], [ -73.950000000000131, 40.61 ], [ -73.950000000000131, 40.605 ] ] ] } },
{ "type": "Feature", "properties": { "center_lat": 40.6075, "center_lon": -73.9425, "predicted_risk": 0.39211006515879648, "cell_id": "cell_1_31" }, "geometry": { "type": "Polygon", "coordinates": [ [ [ -73.945000000000135, 40.605 ], [ -73.94000000000014, 40.605 ], [ -73.94000000000014, 40.61 ], [ -73.945000000000135, 40.61 ], [ -73.945000000000135, 40.605 ] ] ] } },
{ "type": "Feature", "properties": { "center_lat": 40.6075, "center_lon": -73.9375, "predicted_risk": 0.42479718288982016, "cell_id": "cell_1_32" }, "geometry": { "type": "Polygon", "coordinates": [ [ [ -73.94000000000014, 40.605 ], [ -73.935000000000144, 40.605 ], [ -73.935000000000144, 40.61 ], [ -73.94000000000014, 40.61 ], [ -73.94000000000014, 40.605 ] ] ] } },
{ "type": "Feature", "properties": { "center_lat": 40.6075, "center_lon": -73.9325, "predicted_risk": 0.081548507897911238, "cell_id": "cell_1_33" }, "geometry": { "type": "Polygon", "coordinates": [ [ [ -73.935000000000144, 40.605 ], [ -73.930000000000149, 40.605 ], [ -73.930000000000149, 40.61 ], [ -73.935000000000144, 40.61 ], [ -73.935000000000144, 40.605 ] ] ] } },
{ "type": "Feature", "properties": { "center_lat": 40.6075, "center_lon": -73.9275, "predicted_risk": 0.12557272833019278, "cell_id": "cell_1_34" }, "geometry": { "type": "Polygon", "coordinates": [ [ [ -73.930000000000149, 40.605 ], [ -73.925000000000153, 40.605 ], [ -73.925000000000153, 40.61 ], [ -73.930000000000149, 40.61 ], [ -73.930000000000149, 40.605 ] ] ] } },
{ "type": "Feature", "properties": { "center_lat": 40.6075, "center_lon": -73.9225, "predicted_risk": 0.16351947498712566, "cell_id": "cell_1_35" }, "geometry": { "type": "Polygon", "coordinates": [ [ [ -73.925000000000153, 40.605 ], [ -73.920000000000158, 40.605 ], [ -73.920000000000158, 40.61 ], [ -73.925000000000153, 40.61 ], [ -73.925000000000153, 40.605 ] ] ] } },
{ "type": "Feature", "properties": { "center_lat": 40.6075, "center_lon": -73.9175, "predicted_risk": 0.1762082758472549, "cell_id": "cell_1_36" }, "geometry": { "type": "Polygon", "coordinates": [ [ [ -73.920000000000158, 40.605 ], [ -73.915000000000163, 40.605 ], [ -73.915000000000163, 40.61 ], [ -73.920000000000158, 40.61 ], [ -73.920000000000158, 40.605 ] ] ] } },
{ "type": "Feature", "properties": { "center_lat": 40.6075, "center_lon": -73.9125, "predicted_risk": 0.074439611362587185, "cell_id": "cell_1_37" }, "geometry": { "type": "Polygon", "coordinates": [ [ [ -73.915000000000163, 40.605 ], [ -73.910000000000167, 40.605 ], [ -73.910000000000167, 40.61 ], [ -73.915000000000163, 40.61 ], [ -73.915000000000163, 40.605 ] ] ] } },
{ "type": "Feature", "properties": { "center_lat": 40.6075, "center_lon": -73.9075, "predicted_risk": 0.097772280671028153, "cell_id": "cell_1_38" }, "geometry": { "type": "Polygon", "coordinates": [ [ [ -73.910000000000167, 40.605 ], [ -73.905000000000172, 40.605 ], [ -73.905000000000172, 40.61 ], [ -73.910000000000167, 40.61 ], [ -73.910000000000167, 40.605 ] ] ] } },
{ "type": "Feature", "properties": { "center_lat": 40.6125, "center_lon": -74.0975, "predicted_risk": 0.093954533586755221, "cell_id": "cell_2_0" }, "geometry": { "type": "Polygon", "coordinates": [ [ [ -74.1, 40.61 ], [ -74.095, 40.61 ], [ -74.095, 40.615 ], [ -74.1, 40.615 ], [ -74.1, 40.61 ] ] ] } },
{ "type": "Feature", "properties": { "center_lat": 40.6125, "center_lon": -74.0925, "predicted_risk": 0.33958048736088781, "cell_id": "cell_2_1" }, "geometry": { "type": "Polygon", "coordinates": [ [ [ -74.095, 40.61 ], [ -74.09, 40.61 ], [ -74.09, 40.615 ], [ -74.095, 40.615 ], [ -74.095, 40.61 ] ] ] } },
{ "type": "Feature", "properties": { "center_lat": 40.6125, "center_lon": -74.0875, "predicted_risk": 0.1305733053860704, "cell_id": "cell_2_2" }, "geometry": { "type": "Polygon", "coordinates": [ [ [ -74.09, 40.61 ], [ -74.085, 40.61 ], [ -74.085, 40.615 ], [ -74.09, 40.615 ], [ -74.09, 40.61 ] ] ] } },
{ "type": "Feature", "properties": { "center_lat": 40.6125, "center_lon": -74.0825, "predicted_risk": 0.14183877885222876, "cell_id": "cell_2_3" }, "geometry": { "type": "Polygon", "coordinates": [ [ [ -74.085, 40.61 ], [ -74.08, 40.61 ], [ -74.08, 40.615 ], [ -74.085, 40.615 ], [ -74.085, 40.61 ] ] ] } },
{ "type": "Feature", "properties": { "center_lat": 40.6125, "center_lon": -74.0775, "predicted_risk": 0.28846347076753831, "cell_id": "cell_2_4" }, "geometry": { "type": "Polygon", "coordinates": [ [ [ -74.08, 40.61 ], [ -74.075, 40.61 ], [ -74.075, 40.615 ], [ -74.08, 40.615 ], [ -74.08, 40.61 ] ] ] } },
{ "type": "Feature", "properties": { "center_lat": 40.6125, "center_lon": -74.0725, "predicted_risk": 0.1371662957645024, "cell_id": "cell_2_5" }, "geometry": { "type": "Polygon", "coordinates": [ [ [ -74.075, 40.61 ], [ -74.07, 40.61 ], [ -74.07, 40.615 ], [ -74.075, 40.615 ], [ -74.075, 40.61 ] ] ] } },
{ "type": "Feature", "properties": { "center_lat": 40.6125, "center_lon": -74.0675, "predicted_risk": 0.3671169780871959, "cell_id": "cell_2_6" }, "geometry": { "type": "Polygon", "coordinates": [ [ [ -74.07, 40.61 ], [ -74.065, 40.61 ], [ -74.065, 40.615 ], [ -74.07, 40.615 ], [ -74.07, 40.61 ] ] ] } },
{ "type": "Feature", "properties": { "center_lat": 40.6125, "center_lon": -74.0625, "predicted_risk": 0.31041571777911675, "cell_id": "cell_2_7" }, "geometry": { "type": "Polygon", "coordinates": [ [ [ -74.065, 40.61 ], [ -74.06, 40.61 ], [ -74.06, 40.615 ], [ -74.065, 40.615 ], [ -74.065, 40.61 ] ] ] } },
{ "type": "Feature", "properties": { "center_lat": 40.6125, "center_lon": -74.0575, "predicted_risk": 0.085092517472808923, "cell_id": "cell_2_8" }, "geometry": { "type": "Polygon", "coordinates": [ [ [ -74.06, 40.61 ], [ -74.055, 40.61 ], [ -74.055, 40.615 ], [ -74.06, 40.615 ], [ -74.06, 40.61 ] ] ] } },
{ "type": "Feature", "properties": { "center_lat": 40.6125, "center_lon": -74.0525, "predicted_risk": 0.28693630386129426, "cell_id": "cell_2_9" }, "geometry": { "type": "Polygon", "coordinates": [ [ [ -74.055, 40.61 ], [ -74.05, 40.61 ], [ -74.05, 40.615 ], [ -74.055, 40.615 ], [ -74.055, 40.61 ] ] ] } },
{ "type": "Feature", "properties": { "center_lat": 40.6125, "center_lon": -74.0475, "predicted_risk": 0.26666877510767795, "cell_id": "cell_2_10" }, "geometry": { "type": "Polygon", "coordinates": [ [ [ -74.05, 40.61 ], [ -74.045, 40.61 ], [ -74.045, 40.615 ], [ -74.05, 40.615 ], [ -74.05, 40.61 ] ] ] } },
{ "type": "Feature", "properties": { "center_lat": 40.6125, "center_lon": -74.0425, "predicted_risk": 0.14226484076198812, "cell_id": "cell_2_11" }, "geometry": { "type": "Polygon", "coordinates": [ [ [ -74.045, 40.61 ], [ -74.04, 40.61 ], [ -74.04, 40.615 ], [ -74.045, 40.615 ], [ -74.045, 40.61 ] ] ] } },
{ "type": "Feature", "properties": { "center_lat": 40.6125, "center_lon": -74.0375, "predicted_risk": 0.33614605029854305, "cell_id": "cell_2_12" }, "geometry": { "type": "Polygon", "coordinates": [ [ [ -74.04, 40.61 ], [ -74.035, 40.61 ], [ -74.035, 40.615 ], [ -74.04, 40.615 ], [ -74.04, 40.61 ] ] ] } },
{ "type": "Feature", "properties": { "center_lat": 40.6125, "center_lon": -74.0325, "predicted_risk": 0.40888039417175387, "cell_id": "cell_2_13" }, "geometry": { "type": "Polygon", "coordinates": [ [ [ -74.035, 40.61 ], [ -74.03, 40.61 ], [ -74.03, 40.615 ], [ -74.035, 40.615 ], [ -74.035, 40.61 ] ] ] } },
{ "type": "Feature", "properties": { "center_lat": 40.6125, "center_lon": -74.0275, "predicted_risk": 0.24246240453216333, "cell_id": "cell_2_14" }, "geometry": { "type": "Polygon", "coordinates": [ [ [ -74.03, 40.61 ], [ -74.025, 40.61 ], [ -74.025, 40.615 ], [ -74.03, 40.615 ], [ -74.03, 40.61 ] ] ] } },
{ "type": "Feature", "properties": { "center_lat": 40.6125, "center_lon": -74.0225, "predicted_risk": 0.40924572755185773, "cell_id": "cell_2_15" }, "geometry": { "type": "Polygon", "coordinates": [ [ [ -74.025, 40.61 ], [ -74.02, 40.61 ], [ -74.02, 40.615 ], [ -74.025, 40.615 ], [ -74.025, 40.61 ] ] ] } },
{ "type": "Feature", "properties": { "center_lat": 40.6125, "center_lon": -74.0175, "predicted_risk": 0.14405463668109861, "cell_id": "cell_2_16" }, "geometry": { "type": "Polygon", "coordinates": [ [ [ -74.02, 40.61 ], [ -74.015, 40.61 ], [ -74.015, 40.615 ], [ -74.02, 40.615 ], [ -74.02, 40.61 ] ] ] } },
{ "type": "Feature", "properties": { "center_lat": 40.6125, "center_lon": -74.0125, "predicted_risk": 0.56911597853223905, "cell_id": "cell_2_17" }, "geometry": { "type": "Polygon", "coordinates": [ [ [ -74.015, 40.61 ], [ -74.01, 40.61 ], [ -74.01, 40.615 ], [ -74.015, 40.615 ], [ -74.015, 40.61 ] ] ] } },
{ "type": "Feature", "properties": { "center_lat": 40.6125, "center_lon": -74.0075, "predicted_risk": 0.52609222189686178, "cell_id": "cell_2_18" }, "geometry": { "type": "Polygon", "coordinates": [ [ [ -74.01, 40.61 ], [ -74.005, 40.61 ], [ -74.005, 40.615 ], [ -74.01, 40.615 ], [ -74.01, 40.61 ] ] ] } },
{ "type": "Feature", "properties": { "center_lat": 40.6125, "center_lon": -74.0025, "predicted_risk": 0.2288404964742097, "cell_id": "cell_2_19" }, "geometry": { "type": "Polygon", "coordinates": [ [ [ -74.005, 40.61 ], [ -74.0, 40.61 ], [ -74.0, 40.615 ], [ -74.005, 40.615 ], [ -74.005, 40.61 ] ] ] } },
{ "type": "Feature", "properties": { "center_lat": 40.6125, "center_lon": -73.9975, "predicted_risk": 0.1903158732293474, "cell_id": "cell_2_20" }, "geometry": { "type": "Polygon", "coordinates": [ [ [ -74.0, 40.61 ], [ -73.995, 40.61 ], [ -73.995, 40.615 ], [ -74.0, 40.615 ], [ -74.0, 40.61 ] ] ] } },
{ "type": "Feature", "properties": { "center_lat": 40.6125, "center_lon": -73.9925, "predicted_risk": 0.31380882515451219, "cell_id": "cell_2_21" }, "geometry": { "type": "Polygon", "coordinates": [ [ [ -73.995, 40.61 ], [ -73.99, 40.61 ], [ -73.99, 40.615 ], [ -73.995, 40.615 ], [ -73.995, 40.61 ] ] ] } },
{ "type": "Feature", "properties": { "center_lat": 40.6125, "center_lon": -73.9875, "predicted_risk": 0.27357281070216982, "cell_id": "cell_2_22" }, "geometry": { "type": "Polygon", "coordinates": [ [ [ -73.99, 40.61 ], [ -73.985, 40.61 ], [ -73.985, 40.615 ], [ -73.99, 40.615 ], [ -73.99, 40.61 ] ] ] } },
{ "type": "Feature", "properties": { "center_lat": 40.6125, "center_lon": -73.9825, "predicted_risk": 0.2697748827195196, "cell_id": "cell_2_23" }, "geometry": { "type": "Polygon", "coordinates": [ [ [ -73.985, 40.61 ], [ -73.980000000000103, 40.61 ], [ -73.980000000000103, 40.615 ], [ -73.985, 40.615 ], [ -73.985, 40.61 ] ] ] } },
{ "type": "Feature", "properties": { "center_lat": 40.6125, "center_lon": -73.9775, "predicted_risk": 0.22750867982557038, "cell_id": "cell_2_24" }, "geometry": { "type": "Polygon", "coordinates": [ [ [ -73.980000000000103, 40.61 ], [ -73.975000000000108, 40.61 ], [ -73.975000000000108, 40.615 ], [ -73.980000000000103, 40.615 ], [ -73.980000000000103, 40.61 ] ] ] } },
{ "type": "Feature", "properties": { "center_lat": 40.6125, "center_lon": -73.9725, "predicted_risk": 0.09151594231129416, "cell_id": "cell_2_25" }, "geometry": { "type": "Polygon", "coordinates": [ [ [ -73.975000000000108, 40.61 ], [ -73.970000000000113, 40.61 ], [ -73.970000000000113, 40.615 ], [ -73.975000000000108, 40.615 ], [ -73.975000000000108, 40.61 ] ] ] } },
{ "type": "Feature", "properties": { "center_lat": 40.6125, "center_lon": -73.9675, "predicted_risk": 0.33193177960472664, "cell_id": "cell_2_26" }, "geometry": { "type": "Polygon", "coordinates": [ [ [ -73.970000000000113, 40.61 ], [ -73.965000000000117, 40.61 ], [ -73.965000000000117, 40.615 ], [ -73.970000000000113, 40.615 ], [ -73.970000000000113, 40.61 ] ] ] } },
{ "type": "Feature", "properties": { "center_lat": 40.6125, "center_lon": -73.9625, "predicted_risk": 0.38561094488916964, "cell_id": "cell_2_27" }, "geometry": { "type": "Polygon", "coordinates": [ [ [ -73.965000000000117, 40.61 ], [ -73.960000000000122, 40.61 ], [ -73.960000000000122, 40.615 ], [ -73.965000000000117, 40.615 ], [ -73.965000000000117, 40.61 ] ] ] } },
{ "type": "Feature", "properties": { "center_lat": 40.6125, "center_lon": -73.9575, "predicted_risk": 0.56325705466546327, "cell_id": "cell_2_28" }, "geometry": { "type": "Polygon", "coordinates": [ [ [ -73.960000000000122, 40.61 ], [ -73.955000000000126, 40.61 ], [ -73.955000000000126, 40.615 ], [ -73.960000000000122, 40.615 ], [ -73.960000000000122, 40.61 ] ] ] } },
{ "type": "Feature", "properties": { "center_lat": 40.6125, "center_lon": -73.9525, "predicted_risk": 0.28893973163426034, "cell_id": "cell_2_29" }, "geometry": { "type": "Polygon", "coordinates": [ [ [ -73.955000000000126, 40.61 ], [ -73.950000000000131, 40.61 ], [ -73.950000000000131, 40.615 ], [ -73.955000000000126, 40.615 ], [ -73.955000000000126, 40.61 ] ] ] } },
{ "type": "Feature", "properties": { "center_lat": 40.6125, "center_lon": -73.9475, "predicted_risk": 0.41582630754575167, "cell_id": "cell_2_30" }, "geometry": { "type": "Polygon", "coordinates": [ [ [ -73.950000000000131, 40.61 ], [ -73.945000000000135, 40.61 ], [ -73.945000000000135, 40.615 ], [ -73.950000000000131, 40.615 ], [ -73.950000000000131, 40.61 ] ] ] } },
{ "type": "Feature", "properties": { "center_lat": 40.6125, "center_lon": -73.9425, "predicted_risk": 0.24933194925979504, "cell_id": "cell_2_31" }, "geometry": { "type": "Polygon", "coordinates": [ [ [ -73.945000000000135, 40.61 ], [ -73.94000000000014, 40.61 ], [ -73.94000000000014, 40.615 ], [ -73.945000000000135, 40.615 ], [ -73.945000000000135, 40.61 ] ] ] } },
{ "type": "Feature", "properties": { "center_lat": 40.6125, "center_lon": -73.9375, "predicted_risk": 0.10605516453940284, "cell_id": "cell_2_32" }, "geometry": { "type": "Polygon", "coordinates": [ [ [ -73.94000000000014, 40.61 ], [ -73.935000000000144, 40.61 ], [ -73.935000000000144, 40.615 ], [ -73.94000000000014, 40.615 ], [ -73.94000000000014, 40.61 ] ] ] } },
{ "type": "Feature", "properties": { "center_lat": 40.6125, "center_lon": -73.9325, "predicted_risk": 0.26199874288563957, "cell_id": "cell_2_33" }, "geometry": { "type": "Polygon", "coordinates": [ [ [ -73.935000000000144, 40.61 ], [ -73.930000000000149, 40.61 ], [ -73.930000000000149, 40.615 ], [ -73.935000000000144, 40.615 ], [ -73.935000000000144, 40.61 ] ] ] } },
{ "type": "Feature", "properties": { "center_lat": 40.6125, "center_lon": -73.9275, "predicted_risk": 0.29233233487384402, "cell_id": "cell_2_34" }, "geometry": { "type": "Polygon", "coordinates": [ [ [ -73.930000000000149, 40.61 ], [ -73.925000000000153, 40.61 ], [ -73.925000000000153, 40.615 ], [ -73.930000000000149, 40.615 ], [ -73.930000000000149, 40.61 ] ] ] } },
{ "type": "Feature", "properties": { "center_lat": 40.6125, "center_lon": -73.9225, "predicted_risk": 0.066794528314500029, "cell_id": "cell_2_35" }, "geometry": { "type": "Polygon", "coordinates": [ [ [ -73.925000000000153, 40.61 ], [ -73.920000000000158, 40.61 ], [ -73.920000000000158, 40.615 ], [ -73.925000000000153, 40.615 ], [ -73.925000000000153, 40.61 ] ] ] } },
{ "type": "Feature", "properties": { "center_lat": 40.6125, "center_lon": -73.9175, "predicted_risk": 0.28002762306909545, "cell_id": "cell_2_36" }, "geometry": { "type": "Polygon", "coordinates": [ [ [ -73.920000000000158, 40.61 ], [ -73.915000000000163, 40.61 ], [ -73.915000000000163, 40.615 ], [ -73.920000000000158, 40.615 ], [ -73.920000000000158, 40.61 ] ] ] } },
{ "type": "Feature", "properties": { "center_lat": 40.6125, "center_lon": -73.9125, "predicted_risk": 0.16386742808154908, "cell_id": "cell_2_37" }, "geometry": { "type": "Polygon", "coordinates": [ [ [ -73.915000000000163, 40.61 ], [ -73.910000000000167, 40.61 ], [ -73.910000000000167, 40.615 ], [ -73.915000000000163, 40.615 ], [ -73.915000000000163, 40.61 ] ] ] } },
{ "type": "Feature", "properties": { "center_lat": 40.6125, "center_lon": -73.9075, "predicted_risk": 0.29896456352291007, "cell_id": "cell_2_38" }, "geometry": { "type": "Polygon", "coordinates": [ [ [ -73.910000000000167, 40.61 ], [ -73.905000000000172, 40.61 ], [ -73.905000000000172, 40.615 ], [ -73.910000000000167, 40.615 ], [ -73.910000000000167, 40.61 ] ] ] } },
{ "type": "Feature", "properties": { "center_lat": 40.6175, "center_lon": -74.0975, "predicted_risk": 0.40197348838071367, "cell_id": "cell_3_0" }, "geometry": { "type": "Polygon", "coordinates": [ [ [ -74.1, 40.615 ], [ -74.095, 40.615 ], [ -74.095, 40.62 ], [ -74.1, 40.62 ], [ -74.1, 40.615 ] ] ] } },
{ "type": "Feature", "properties": { "center_lat": 40.6175, "center_lon": -74.0925, "predicted_risk": 0.32678942148939932, "cell_id": "cell_3_1" }, "geometry": { "type": "Polygon", "coordinates": [ [ [ -74.095, 40.615 ], [ -74.09, 40.615 ], [ -74.09, 40.62 ], [ -74.095, 40.62 ], [ -74.095, 40.615 ] ] ] } },
{ "type": "Feature", "properties": { "center_lat": 40.6175, "center_lon": -74.0875, "predicted_risk": 0.1165509893064562, "cell_id": "cell_3_2" }, "geometry": { "type": "Polygon", "coordinates": [ [ [ -74.09, 40.615 ], [ -74.085, 40.615 ], [ -74.085, 40.62 ], [ -74.09, 40.62 ], [ -74.09, 40.615 ] ] ] } },
{ "type": "Feature", "properties": { "center_lat": 40.6175, "center_lon": -74.0825, "predicted_risk": 0.48596394935387971, "cell_id": "cell_3_3" }, "geometry": { "type": "Polygon", "coordinates": [ [ [ -74.085, 40.615 ], [ -74.08, 40.615 ], [ -74.08, 40.62 ], [ -74.085, 40.62 ], [ -74.085, 40.615 ] ] ] } },
{ "type": "Feature", "properties": { "center_lat": 40.6175, "center_lon": -74.0775, "predicted_risk": 0.12254031745246959, "cell_id": "cell_3_4" }, "geometry": { "type": "Polygon", "coordinates": [ [ [ -74.08, 40.615 ], [ -74.075, 40.615 ], [ -74.075, 40.62 ], [ -74.08, 40.62 ], [ -74.08, 40.615 ] ] ] } },
{ "type": "Feature", "properties": { "center_lat": 40.6175, "center_lon": -74.0725, "predicted_risk": 0.35832620111965396, "cell_id": "cell_3_5" }, "geometry": { "type": "Polygon", "coordinates": [ [ [ -74.075, 40.615 ], [ -74.07, 40.615 ], [ -74.07, 40.62 ], [ -74.075, 40.62 ], [ -74.075, 40.615 ] ] ] } },
{ "type": "Feature", "properties": { "center_lat": 40.6175, "center_lon": -74.0675, "predicted_risk": 0.45181918342793981, "cell_id": "cell_3_6" }, "geometry": { "type": "Polygon", "coordinates": [ [ [ -74.07, 40.615 ], [ -74.065, 40.615 ], [ -74.065, 40.62 ], [ -74.07, 40.62 ], [ -74.07, 40.615 ] ] ] } },
{ "type": "Feature", "properties": { "center_lat": 40.6175, "center_lon": -74.0625, "predicted_risk": 0.31400044242244013, "cell_id": "cell_3_7" }, "geometry": { "type": "Polygon", "coordinates": [ [ [ -74.065, 40.615 ], [ -74.06, 40.615 ], [ -74.06, 40.62 ], [ -74.065, 40.62 ], [ -74.065, 40.615 ] ] ] } },
{ "type": "Feature", "properties": { "center_lat": 40.6175, "center_lon": -74.0575, "predicted_risk": 0.38642923547591407, "cell_id": "cell_3_8" }, "geometry": { "type": "Polygon", "coordinates": [ [ [ -74.06, 40.615 ], [ -74.055, 40.615 ], [ -74.055, 40.62 ], [ -74.06, 40.62 ], [ -74.06, 40.615 ] ] ] } },
{ "type": "Feature", "properties": { "center_lat": 40.6175, "center_lon": -74.0525, "predicted_risk": 0.27224858405120933, "cell_id": "cell_3_9" }, "geometry": { "type": "Polygon", "coordinates": [ [ [ -74.055, 40.615 ], [ -74.05, 40.615 ], [ -74.05, 40.62 ], [ -74.055, 40.62 ], [ -74.055, 40.615 ] ] ] } },
{ "type": "Feature", "properties": { "center_lat": 40.6175, "center_lon": -74.0475, "predicted_risk": 0.08852766063489953, "cell_id": "cell_3_10" }, "geometry": { "type": "Polygon", "coordinates": [ [ [ -74.05, 40.615 ], [ -74.045, 40.615 ], [ -74.045, 40.62 ], [ -74.05, 40.62 ], [ -74.05, 40.615 ] ] ] } },
{ "type": "Feature", "properties": { "center_lat": 40.6175, "center_lon": -74.0425, "predicted_risk": 0.18097139469589821, "cell_id": "cell_3_11" }, "geometry": { "type": "Polygon", "coordinates": [ [ [ -74.045, 40.615 ], [ -74.04, 40.615 ], [ -74.04, 40.62 ], [ -74.045, 40.62 ], [ -74.045, 40.615 ] ] ] } },
{ "type": "Feature", "properties": { "center_lat": 40.6175, "center_lon": -74.0375, "predicted_risk": 0.19228848495988193, "cell_id": "cell_3_12" }, "geometry": { "type": "Polygon", "coordinates": [ [ [ -74.04, 40.615 ], [ -74.035, 40.615 ], [ -74.035, 40.62 ], [ -74.04, 40.62 ], [ -74.04, 40.615 ] ] ] } },
{ "type": "Feature", "properties": { "center_lat": 40.6175, "center_lon": -74.0325, "predicted_risk": 0.31235366050176899, "cell_id": "cell_3_13" }, "geometry": { "type": "Polygon", "coordinates": [ [ [ -74.035, 40.615 ], [ -74.03, 40.615 ], [ -74.03, 40.62 ], [ -74.035, 40.62 ], [ -74.035, 40.615 ] ] ] } },
{ "type": "Feature", "properties": { "center_lat": 40.6175, "center_lon": -74.0275, "predicted_risk": 0.11245440418145021, "cell_id": "cell_3_14" }, "geometry": { "type": "Polygon", "coordinates": [ [ [ -74.03, 40.615 ], [ -74.025, 40.615 ], [ -74.025, 40.62 ], [ -74.03, 40.62 ], [ -74.03, 40.615 ] ] ] } },
{ "type": "Feature", "properties": { "center_lat": 40.6175, "center_lon": -74.0225, "predicted_risk": 0.35733817298901238, "cell_id": "cell_3_15" }, "geometry": { "type": "Polygon", "coordinates": [ [ [ -74.025, 40.615 ], [ -74.02, 40.615 ], [ -74.02, 40.62 ], [ -74.025, 40.62 ], [ -74.025, 40.615 ] ] ] } },
{ "type": "Feature", "properties": { "center_lat": 40.6175, "center_lon": -74.0175, "predicted_risk": 0.48985063315699634, "cell_id": "cell_3_16" }, "geometry": { "type": "Polygon", "coordinates": [ [ [ -74.02, 40.615 ], [ -74.015, 40.615 ], [ -74.015, 40.62 ], [ -74.02, 40.62 ], [ -74.02, 40.615 ] ] ] } },
{ "type": "Feature", "properties": { "center_lat": 40.6175, "center_lon": -74.0125, "predicted_risk": 0.36505207618158292, "cell_id": "cell_3_17" }, "geometry": { "type": "Polygon", "coordinates": [ [ [ -74.015, 40.615 ], [ -74.01, 40.615 ], [ -74.01, 40.62 ], [ -74.015, 40.62 ], [ -74.015, 40.615 ] ] ] } },
{ "type": "Feature", "properties": { "center_lat": 40.6175, "center_lon": -74.0075, "predicted_risk": 0.11696746213207115, "cell_id": "cell_3_18" }, "geometry": { "type": "Polygon", "coordinates": [ [ [ -74.01, 40.615 ], [ -74.005, 40.615 ], [ -74.005, 40.62 ], [ -74.01, 40.62 ], [ -74.01, 40.615 ] ] ] } },
{ "type": "Feature", "properties": { "center_lat": 40.6175, "center_lon": -74.0025, "predicted_risk": 0.32840324305873025, "cell_id": "cell_3_19" }, "geometry": { "type": "Polygon", "coordinates": [ [ [ -74.005, 40.615 ], [ -74.0, 40.615 ], [ -74.0, 40.62 ], [ -74.005, 40.62 ], [ -74.005, 40.615 ] ] ] } },
{ "type": "Feature", "properties": { "center_lat": 40.6175, "center_lon": -73.9975, "predicted_risk": 0.20204214742884388, "cell_id": "cell_3_20" }, "geometry": { "type": "Polygon", "coordinates": [ [ [ -74.0, 40.615 ], [ -73.995, 40.615 ], [ -73.995, 40.62 ], [ -74.0, 40.62 ], [ -74.0, 40.615 ] ] ] } },
{ "type": "Feature", "properties": { "center_lat": 40.6175, "center_lon": -73.9925, "predicted_risk": 0.28108644177879583, "cell_id": "cell_3_21" }, "geometry": { "type": "Polygon", "coordinates": [ [ [ -73.995, 40.615 ], [ -73.99, 40.615 ], [ -73.99, 40.62 ], [ -73.995, 40.62 ], [ -73.995, 40.615 ] ] ] } },
{ "type": "Feature", "properties": { "center_lat": 40.6175, "center_lon": -73.9875, "predicted_risk": 0.17856905801385145, "cell_id": "cell_3_22" }, "geometry": { "type": "Polygon", "coordinates": [ [ [ -73.99, 40.615 ], [ -73.985, 40.615 ], [ -73.985, 40.62 ], [ -73.99, 40.62 ], [ -73.99, 40.615 ] ] ] } },
{ "type": "Feature", "properties": { "center_lat": 40.6175, "center_lon": -73.9825, "predicted_risk": 0.17773634748391315, "cell_id": "cell_3_23" }, "geometry": { "type": "Polygon", "coordinates": [ [ [ -73.985, 40.615 ], [ -73.980000000000103, 40.615 ], [ -73.980000000000103, 40.62 ], [ -73.985, 40.62 ], [ -73.985, 40.615 ] ] ] } },
{ "type": "Feature", "properties": { "center_lat": 40.6175, "center_lon": -73.9775, "predicted_risk": 0.27764505926336264, "cell_id": "cell_3_24" }, "geometry": { "type": "Polygon", "coordinates": [ [ [ -73.980000000000103, 40.615 ], [ -73.975000000000108, 40.615 ], [ -73.975000000000108, 40.62 ], [ -73.980000000000103, 40.62 ], [ -73.980000000000103, 40.615 ] ] ] } },
{ "type": "Feature", "properties": { "center_lat": 40.6175, "center_lon": -73.9725, "predicted_risk": 0.29827209236949165, "cell_id": "cell_3_25" }, "geometry": { "type": "Polygon", "coordinates": [ [ [ -73.975000000000108, 40.615 ], [ -73.970000000000113, 40.615 ], [ -73.970000000000113, 40.62 ], [ -73.975000000000108, 40.62 ], [ -73.975000000000108, 40.615 ] ] ] } },
{ "type": "Feature", "properties": { "center_lat": 40.6175, "center_lon": -73.9675, "predicted_risk": 0.32343540344689181, "cell_id": "cell_3_26" }, "geometry": { "type": "Polygon", "coordinates": [ [ [ -73.970000000000113, 40.615 ], [ -73.965000000000117, 40.615 ], [ -73.965000000000117, 40.62 ], [ -73.970000000000113, 40.62 ], [ -73.970000000000113, 40.615 ] ] ] } },
{ "type": "Feature", "properties": { "center_lat": 40.6175, "center_lon": -73.9625, "predicted_risk": 0.34697413634275087, "cell_id": "cell_3_27" }, "geometry": { "type": "Polygon", "coordinates": [ [ [ -73.965000000000117, 40.615 ], [ -73.960000000000122, 40.615 ], [ -73.960000000000122, 40.62 ], [ -73.965000000000117, 40.62 ], [ -73.965000000000117, 40.615 ] ] ] } },
{ "type": "Feature", "properties": { "center_lat": 40.6175, "center_lon": -73.9575, "predicted_risk": 0.36312518830208967, "cell_id": "cell_3_28" }, "geometry": { "type": "Polygon", "coordinates": [ [ [ -73.960000000000122, 40.615 ], [ -73.955000000000126, 40.615 ], [ -73.955000000000126, 40.62 ], [ -73.960000000000122, 40.62 ], [ -73.960000000000122, 40.615 ] ] ] } },
{ "type": "Feature", "properties": { "center_lat": 40.6175, "center_lon": -73.9525, "predicted_risk": 0.12264473950589679, "cell_id": "cell_3_29" }, "geometry": { "type": "Polygon", "coordinates": [ [ [ -73.955000000000126, 40.615 ], [ -73.950000000000131, 40.615 ], [ -73.950000000000131, 40.62 ], [ -73.955000000000126, 40.62 ], [ -73.955000000000126, 40.615 ] ] ] } },
{ "type": "Feature", "properties": { "center_lat": 40.6175, "center_lon": -73.9475, "predicted_risk": 0.36022380867196874, "cell_id": "cell_3_30" }, "geometry": { "type": "Polygon", "coordinates": [ [ [ -73.950000000000131, 40.615 ], [ -73.945000000000135, 40.615 ], [ -73.945000000000135, 40.62 ], [ -73.950000000000131, 40.62 ], [ -73.950000000000131, 40.615 ] ] ] } },
{ "type": "Feature", "properties": { "center_lat": 40.6175, "center_lon": -73.9425, "predicted_risk": 0.34188173600507432, "cell_id": "cell_3_31" }, "geometry": { "type": "Polygon", "coordinates": [ [ [ -73.945000000000135, 40.615 ], [ -73.94000000000014, 40.615 ], [ -73.94000000000014, 40.62 ], [ -73.945000000000135, 40.62 ], [ -73.945000000000135, 40.615 ] ] ] } },
{ "type": "Feature", "properties": { "center_lat": 40.6175, "center_lon": -73.9375, "predicted_risk": 0.31739877960806012, "cell_id": "cell_3_32" }, "geometry": { "type": "Polygon", "coordinates": [ [ [ -73.94000000000014, 40.615 ], [ -73.935000000000144, 40.615 ], [ -73.935000000000144, 40.62 ], [ -73.94000000000014, 40.62 ], [ -73.94000000000014, 40.615 ] ] ] } },
{ "type": "Feature", "properties": { "center_lat": 40.6175, "center_lon": -73.9325, "predicted_risk": 0.39035896143971099, "cell_id": "cell_3_33" }, "geometry": { "type": "Polygon", "coordinates": [ [ [ -73.935000000000144, 40.615 ], [ -73.930000000000149, 40.615 ], [ -73.930000000000149, 40.62 ], [ -73.935000000000144, 40.62 ], [ -73.935000000000144, 40.615 ] ] ] } },
{ "type": "Feature", "properties": { "center_lat": 40.6175, "center_lon": -73.9275, "predicted_risk": 0.18268215688927703, "cell_id": "cell_3_34" }, "geometry": { "type": "Polygon", "coordinates": [ [ [ -73.930000000000149, 40.615 ], [ -73.925000000000153, 40.615 ], [ -73.925000000000153, 40.62 ], [ -73.930000000000149, 40.62 ], [ -73.930000000000149, 40.615 ] ] ] } },
{ "type": "Feature", "properties": { "center_lat": 40.6175, "center_lon": -73.9225, "predicted_risk": 0.17716699564672514, "cell_id": "cell_3_35" }, "geometry": { "type": "Polygon", "coordinates": [ [ [ -73.925000000000153, 40.615 ], [ -73.920000000000158, 40.615 ], [ -73.920000000000158, 40.62 ], [ -73.925000000000153, 40.62 ], [ -73.925000000000153, 40.615 ] ] ] } },
{ "type": "Feature", "properties": { "center_lat": 40.6175, "center_lon": -73.9175, "predicted_risk": 0.089992150406182025, "cell_id": "cell_3_36" }, "geometry": { "type": "Polygon", "coordinates": [ [ [ -73.920000000000158, 40.615 ], [ -73.915000000000163, 40.615 ], [ -73.915000000000163, 40.62 ], [ -73.920000000000158, 40.62 ], [ -73.920000000000158, 40.615 ] ] ] } },
{ "type": "Feature", "properties": { "center_lat": 40.6175, "center_lon": -73.9125, "predicted_risk": 0.28566644673705416, "cell_id": "cell_3_37" }, "geometry": { "type": "Polygon", "coordinates": [ [ [ -73.915000000000163, 40.615 ], [ -73.910000000000167, 40.615 ], [ -73.910000000000167, 40.62 ], [ -73.915000000000163, 40.62 ], [ -73.915000000000163, 40.615 ] ] ] } },
{ "type": "Feature", "properties": { "center_lat": 40.6175, "center_lon": -73.9075, "predicted_risk": 0.20598601460994337, "cell_id": "cell_3_38" }, "geometry": { "type": "Polygon", "coordinates": [ [ [ -73.910000000000167, 40.615 ], [ -73.905000000000172, 40.615 ], [ -73.905000000000172, 40.62 ], [ -73.910000000000167, 40.62 ], [ -73.910000000000167, 40.615 ] ] ] } },
{ "type": "Feature", "properties": { "center_lat": 40.6225, "center_lon": -74.0975, "predicted_risk": 0.3248474736437717, "cell_id": "cell_4_0" }, "geometry": { "type": "Polygon", "coordinates": [ [ [ -74.1, 40.62 ], [ -74.095, 40.62 ], [ -74.095, 40.625 ], [ -74.1, 40.625 ], [ -74.1, 40.62 ] ] ] } },
{ "type": "Feature", "properties": { "center_lat": 40.6225, "center_lon": -74.0925, "predicted_risk": 0.31155259684402409, "cell_id": "cell_4_1" }, "geometry": { "type": "Polygon", "coordinates": [ [ [ -74.095, 40.62 ], [ -74.09, 40.62 ], [ -74.09, 40.625 ], [ -74.095, 40.625 ], [ -74.095, 40.62 ] ] ] } },
{ "type": "Feature", "properties": { "center_lat": 40.6225, "center_lon": -74.0875, "predicted_risk": 0.29954246734646117, "cell_id": "cell_4_2" }, "geometry": { "type": "Polygon", "coordinates": [ [ [ -74.09, 40.62 ], [ -74.085, 40.62 ], [ -74.085, 40.625 ], [ -74.09, 40.625 ], [ -74.09, 40.62 ] ] ] } },
{ "type": "Feature", "properties": { "center_lat": 40.6225, "center_lon": -74.0825, "predicted_risk": 0.097252527906651037, "cell_id": "cell_4_3" }, "geometry": { "type": "Polygon", "coordinates": [ [ [ -74.085, 40.62 ], [ -74.08, 40.62 ], [ -74.08, 40.625 ], [ -74.085, 40.625 ], [ -74.085, 40.62 ] ] ] } },
{ "type": "Feature", "properties": { "center_lat": 40.6225, "center_lon": -74.0775, "predicted_risk": 0.096701318994532812, "cell_id": "cell_4_4" }, "geometry": { "type": "Polygon", "coordinates": [ [ [ -74.08, 40.62 ], [ -74.075, 40.62 ], [ -74.075, 40.625 ], [ -74.08, 40.625 ], [ -74.08, 40.62 ] ] ] } },
{ "type": "Feature", "properties": { "center_lat": 40.6225, "center_lon": -74.0725, "predicted_risk": 0.39331527017959905, "cell_id": "cell_4_5" }, "geometry": { "type": "Polygon", "coordinates": [ [ [ -74.075, 40.62 ], [ -74.07, 40.62 ], [ -74.07, 40.625 ], [ -74.075, 40.625 ], [ -74.075, 40.62 ] ] ] } },
{ "type": "Feature", "properties": { "center_lat": 40.6225, "center_lon": -74.0675, "predicted_risk": 0.20347311030324289, "cell_id": "cell_4_6" }, "geometry": { "type": "Polygon", "coordinates": [ [ [ -74.07, 40.62 ], [ -74.065, 40.62 ], [ -74.065, 40.625 ], [ -74.07, 40.625 ], [ -74.07, 40.62 ] ] ] } },
{ "type": "Feature", "properties": { "center_lat": 40.6225, "center_lon": -74.0625, "predicted_risk": 0.42436079519832243, "cell_id": "cell_4_7" }, "geometry": { "type": "Polygon", "coordinates": [ [ [ -74.065, 40.62 ], [ -74.06, 40.62 ], [ -74.06, 40.625 ], [ -74.065, 40.625 ], [ -74.065, 40.62 ] ] ] } },
{ "type": "Feature", "properties": { "center_lat": 40.6225, "center_lon": -74.0575, "predicted_risk": 0.11032382468511467, "cell_id": "cell_4_8" }, "geometry": { "type": "Polygon", "coordinates": [ [ [ -74.06, 40.62 ], [ -74.055, 40.62 ], [ -74.055, 40.625 ], [ -74.06, 40.625 ], [ -74.06, 40.62 ] ] ] } },
{ "type": "Feature", "properties": { "center_lat": 40.6225, "center_lon": -74.0525, "predicted_risk": 0.11340089353859538, "cell_id": "cell_4_9" }, "geometry": { "type": "Polygon", "coordinates": [ [ [ -74.055, 40.62 ], [ -74.05, 40.62 ], [ -74.05, 40.625 ], [ -74.055, 40.625 ], [ -74.055, 40.62 ] ] ] } },
{ "type": "Feature", "properties": { "center_lat": 40.6225, "center_lon": -74.0475, "predicted_risk": 0.45827212635261749, "cell_id": "cell_4_10" }, "geometry": { "type": "Polygon", "coordinates": [ [ [ -74.05, 40.62 ], [ -74.045, 40.62 ], [ -74.045, 40.625 ], [ -74.05, 40.625 ], [ -74.05, 40.62 ] ] ] } },
{ "type": "Feature", "properties": { "center_lat": 40.6225, "center_lon": -74.0425, "predicted_risk": 0.45415793093560503, "cell_id": "cell_4_11" }, "geometry": { "type": "Polygon", "coordinates": [ [ [ -74.045, 40.62 ], [ -74.04, 40.62 ], [ -74.04, 40.625 ], [ -74.045, 40.625 ], [ -74.045, 40.62 ] ] ] } },
{ "type": "Feature", "properties": { "center_lat": 40.6225, "center_lon": -74.0375, "predicted_risk": 0.11056707160725532, "cell_id": "cell_4_12" }, "geometry": { "type": "Polygon", "coordinates": [ [ [ -74.04, 40.62 ], [ -74.035, 40.62 ], [ -74.035, 40.625 ], [ -74.04, 40.625 ], [ -74.04, 40.62 ] ] ] } },
{ "type": "Feature", "properties": { "center_lat": 40.6225, "center_lon": -74.0325, "predicted_risk": 0.42551419247388422, "cell_id": "cell_4_13" }, "geometry": { "type": "Polygon", "coordinates": [ [ [ -74.035, 40.62 ], [ -74.03, 40.62 ], [ -74.03, 40.625 ], [ -74.035, 40.625 ], [ -74.035, 40.62 ] ] ] } },
{ "type": "Feature", "properties": { "center_lat": 40.6225, "center_lon": -74.0275, "predicted_risk": 0.30599822669243298, "cell_id": "cell_4_14" }, "geometry": { "type": "Polygon", "coordinates": [ [ [ -74.03, 40.62 ], [ -74.025, 40.62 ], [ -74.025, 40.625 ], [ -74.03, 40.625 ], [ -74.03, 40.62 ] ] ] } },
{ "type": "Feature", "properties": { "center_lat": 40.6225, "center_lon": -74.0225, "predicted_risk": 0.098501819953378353, "cell_id": "cell_4_15" }, "geometry": { "type": "Polygon", "coordinates": [ [ [ -74.025, 40.62 ], [ -74.02, 40.62 ], [ -74.02, 40.625 ], [ -74.025, 40.625 ], [ -74.025, 40.62 ] ] ] } },
{ "type": "Feature", "properties": { "center_lat": 40.6225, "center_lon": -74.0175, "predicted_risk": 0.09674211304237694, "cell_id": "cell_4_16" }, "geometry": { "type": "Polygon", "coordinates": [ [ [ -74.02, 40.62 ], [ -74.015, 40.62 ], [ -74.015, 40.625 ], [ -74.02, 40.625 ], [ -74.02, 40.62 ] ] ] } },
{ "type": "Feature", "properties": { "center_lat": 40.6225, "center_lon": -74.0125, "predicted_risk": 0.38860450315281725, "cell_id": "cell_4_17" }, "geometry": { "type": "Polygon", "coordinates": [ [ [ -74.015, 40.62 ], [ -74.01, 40.62 ], [ -74.01, 40.625 ], [ -74.015, 40.625 ], [ -74.015, 40.62 ] ] ] } },
{ "type": "Feature", "properties": { "center_lat": 40.6225, "center_lon": -74.0075, "predicted_risk": 0.29888615281758796, "cell_id": "cell_4_18" }, "geometry": { "type": "Polygon", "coordinates": [ [ [ -74.01, 40.62 ], [ -74.005, 40.62 ], [ -74.005, 40.625 ], [ -74.01, 40.625 ], [ -74.01, 40.62 ] ] ] } },
{ "type": "Feature", "properties": { "center_lat": 40.6225, "center_lon": -74.0025, "predicted_risk": 0.31070486282808768, "cell_id": "cell_4_19" }, "geometry": { "type": "Polygon", "coordinates": [ [ [ -74.005, 40.62 ], [ -74.0, 40.62 ], [ -74.0, 40.625 ], [ -74.005, 40.625 ], [ -74.005, 40.62 ] ] ] } },
{ "type": "Feature", "properties": { "center_lat": 40.6225, "center_lon": -73.9975, "predicted_risk": 0.10800529166452948, "cell_id": "cell_4_20" }, "geometry": { "type": "Polygon", "coordinates": [ [ [ -74.0, 40.62 ], [ -73.995, 40.62 ], [ -73.995, 40.625 ], [ -74.0, 40.625 ], [ -74.0, 40.62 ] ] ] } },
{ "type": "Feature", "properties": { "center_lat": 40.6225, "center_lon": -73.9925, "predicted_risk": 0.44741358573099216, "cell_id": "cell_4_21" }, "geometry": { "type": "Polygon", "coordinates": [ [ [ -73.995, 40.62 ], [ -73.99, 40.62 ], [ -73.99, 40.625 ], [ -73.995, 40.625 ], [ -73.995, 40.62 ] ] ] } },
{ "type": "Feature", "properties": { "center_lat": 40.6225, "center_lon": -73.9875, "predicted_risk": 0.45668180663760966, "cell_id": "cell_4_22" }, "geometry": { "type": "Polygon", "coordinates": [ [ [ -73.99, 40.62 ], [ -73.985, 40.62 ], [ -73.985, 40.625 ], [ -73.99, 40.625 ], [ -73.99, 40.62 ] ] ] } },
{ "type": "Feature", "properties": { "center_lat": 40.6225, "center_lon": -73.9825, "predicted_risk": 0.457556645659559, "cell_id": "cell_4_23" }, "geometry": { "type": "Polygon", "coordinates": [ [ [ -73.985, 40.62 ], [ -73.980000000000103, 40.62 ], [ -73.980000000000103, 40.625 ], [ -73.985, 40.625 ], [ -73.985, 40.62 ] ] ] } },
{ "type": "Feature", "properties": { "center_lat": 40.6225, "center_lon": -73.9775, "predicted_risk": 0.11245597792329676, "cell_id": "cell_4_24" }, "geometry": { "type": "Polygon", "coordinates": [ [ [ -73.980000000000103, 40.62 ], [ -73.975000000000108, 40.62 ], [ -73.975000000000108, 40.625 ], [ -73.980000000000103, 40.625 ], [ -73.980000000000103, 40.62 ] ] ] } },
{ "type": "Feature", "properties": { "center_lat": 40.6225, "center_lon": -73.9725, "predicted_risk": 0.43537684770195934, "cell_id": "cell_4_25" }, "geometry": { "type": "Polygon", "coordinates": [ [ [ -73.975000000000108, 40.62 ], [ -73.970000000000113, 40.62 ], [ -73.970000000000113, 40.625 ], [ -73.975000000000108, 40.625 ], [ -73.975000000000108, 40.62 ] ] ] } },
{ "type": "Feature", "properties": { "center_lat": 40.6225, "center_lon": -73.9675, "predicted_risk": 0.31331444910745404, "cell_id": "cell_4_26" }, "geometry": { "type": "Polygon", "coordinates": [ [ [ -73.970000000000113, 40.62 ], [ -73.965000000000117, 40.62 ], [ -73.965000000000117, 40.625 ], [ -73.970000000000113, 40.625 ], [ -73.970000000000113, 40.62 ] ] ] } },
{ "type": "Feature", "properties": { "center_lat": 40.6225, "center_lon": -73.9625, "predicted_risk": 0.10031654895324939, "cell_id": "cell_4_27" }, "geometry": { "type": "Polygon", "coordinates": [ [ [ -73.965000000000117, 40.62 ], [ -73.960000000000122, 40.62 ], [ -73.960000000000122, 40.625 ], [ -73.965000000000117, 40.625 ], [ -73.965000000000117, 40.62 ] ] ] } },
{ "type": "Feature", "properties": { "center_lat": 40.6225, "center_lon": -73.9575, "predicted_risk": 0.38995408514823698, "cell_id": "cell_4_28" }, "geometry": { "type": "Polygon", "coordinates": [ [ [ -73.960000000000122, 40.62 ], [ -73.955000000000126, 40.62 ], [ -73.955000000000126, 40.625 ], [ -73.960000000000122, 40.625 ], [ -73.960000000000122, 40.62 ] ] ] } },
{ "type": "Feature", "properties": { "center_lat": 40.6225, "center_lon": -73.9525, "predicted_risk": 0.19329293301500103, "cell_id": "cell_4_29" }, "geometry": { "type": "Polygon", "coordinates": [ [ [ -73.955000000000126, 40.62 ], [ -73.950000000000131, 40.62 ], [ -73.950000000000131, 40.625 ], [ -73.955000000000126, 40.625 ], [ -73.955000000000126, 40.62 ] ] ] } },
{ "type": "Feature", "properties": { "center_lat": 40.6225, "center_lon": -73.9475, "predicted_risk": 0.29398964697689545, "cell_id": "cell_4_30" }, "geometry": { "type": "Polygon", "coordinates": [ [ [ -73.950000000000131, 40.62 ], [ -73.945000000000135, 40.62 ], [ -73.945000000000135, 40.625 ], [ -73.950000000000131, 40.625 ], [ -73.950000000000131, 40.62 ] ] ] } },
{ "type": "Feature", "properties": { "center_lat": 40.6225, "center_lon": -73.9425, "predicted_risk": 0.30362466439022018, "cell_id": "cell_4_31" }, "geometry": { "type": "Polygon", "coordinates": [ [ [ -73.945000000000135, 40.62 ], [ -73.94000000000014, 40.62 ], [ -73.94000000000014, 40.625 ], [ -73.945000000000135, 40.625 ], [ -73.945000000000135, 40.62 ] ] ] } },
{ "type": "Feature", "properties": { "center_lat": 40.6225, "center_lon": -73.9375, "predicted_risk": 0.421980617955584, "cell_id": "cell_4_32" }, "geometry": { "type": "Polygon", "coordinates": [ [ [ -73.94000000000014, 40.62 ], [ -73.935000000000144, 40.62 ], [ -73.935000000000144, 40.625 ], [ -73.94000000000014, 40.625 ], [ -73.94000000000014, 40.62 ] ] ] } },
{ "type": "Feature", "properties": { "center_lat": 40.6225, "center_lon": -73.9325, "predicted_risk": 0.10980775735212568, "cell_id": "cell_4_33" }, "geometry": { "type": "Polygon", "coordinates": [ [ [ -73.935000000000144, 40.62 ], [ -73.930000000000149, 40.62 ], [ -73.930000000000149, 40.625 ], [ -73.935000000000144, 40.625 ], [ -73.935000000000144, 40.62 ] ] ] } },
{ "type": "Feature", "properties": { "center_lat": 40.6225, "center_lon": -73.9275, "predicted_risk": 0.11309015446488252, "cell_id": "cell_4_34" }, "geometry": { "type": "Polygon", "coordinates": [ [ [ -73.930000000000149, 40.62 ], [ -73.925000000000153, 40.62 ], [ -73.925000000000153, 40.625 ], [ -73.930000000000149, 40.625 ], [ -73.930000000000149, 40.62 ] ] ] } },
{ "type": "Feature", "properties": { "center_lat": 40.6225, "center_lon": -73.9225, "predicted_risk": 0.22907740107274796, "cell_id": "cell_4_35" }, "geometry": { "type": "Polygon", "coordinates": [ [ [ -73.925000000000153, 40.62 ], [ -73.920000000000158, 40.62 ], [ -73.920000000000158, 40.625 ], [ -73.925000000000153, 40.625 ], [ -73.925000000000153, 40.62 ] ] ] } },
{ "type": "Feature", "properties": { "center_lat": 40.6225, "center_lon": -73.9175, "predicted_risk": 0.22759748193696927, "cell_id": "cell_4_36" }, "geometry": { "type": "Polygon", "coordinates": [ [ [ -73.920000000000158, 40.62 ], [ -73.915000000000163, 40.62 ], [ -73.915000000000163, 40.625 ], [ -73.920000000000158, 40.625 ], [ -73.920000000000158, 40.62 ] ] ] } },
{ "type": "Feature", "properties": { "center_lat": 40.6225, "center_lon": -73.9125, "predicted_risk": 0.11105144367042329, "cell_id": "cell_4_37" }, "geometry": { "type": "Polygon", "coordinates": [ [ [ -73.915000000000163, 40.62 ], [ -73.910000000000167, 40.62 ], [ -73.910000000000167, 40.625 ], [ -73.915000000000163, 40.625 ], [ -73.915000000000163, 40.62 ] ] ] } },
{ "type": "Feature", "properties": { "center_lat": 40.6225, "center_lon": -73.9075, "predicted_risk": 0.10696944283610568, "cell_id": "cell_4_38" }, "geometry": { "type": "Polygon", "coordinates": [ [ [ -73.910000000000167, 40.62 ], [ -73.905000000000172, 40.62 ], [ -73.905000000000172, 40.625 ], [ -73.910000000000167, 40.625 ], [ -73.910000000000167, 40.62 ] ] ] } },
{ "type": "Feature", "properties": { "center_lat": 40.6275, "center_lon": -74.0975, "predicted_risk": 0.34624452878849993, "cell_id": "cell_5_0" }, "geometry": { "type": "Polygon", "coordinates": [ [ [ -74.1, 40.625 ], [ -74.095, 40.625 ], [ -74.095, 40.63 ], [ -74.1, 40.63 ], [ -74.1, 40.625 ] ] ] } },
{ "type": "Feature", "properties": { "center_lat": 40.6275, "center_lon": -74.0925, "predicted_risk": 0.19840034633390158, "cell_id": "cell_5_1" }, "geometry": { "type": "Polygon", "coordinates": [ [ [ -74.095, 40.625 ], [ -74.09, 40.625 ], [ -74.09, 40.63 ], [ -74.095, 40.63 ], [ -74.095, 40.625 ] ] ] } },
{ "type": "Feature", "properties": { "center_lat": 40.6275, "center_lon": -74.0875, "predicted_risk": 0.084552404214918761, "cell_id": "cell_5_2" }, "geometry": { "type": "Polygon", "coordinates": [ [ [ -74.09, 40.625 ], [ -74.085, 40.625 ], [ -74.085, 40.63 ], [ -74.09, 40.63 ], [ -74.09, 40.625 ] ] ] } },
{ "type": "Feature", "properties": { "center_lat": 40.6275, "center_lon": -74.0825, "predicted_risk": 0.15011564154322146, "cell_id": "cell_5_3" }, "geometry": { "type": "Polygon", "coordinates": [ [ [ -74.085, 40.625 ], [ -74.08, 40.625 ], [ -74.08, 40.63 ], [ -74.085, 40.63 ], [ -74.085, 40.625 ] ] ] } },
{ "type": "Feature", "properties": { "center_lat": 40.6275, "center_lon": -74.0775, "predicted_risk": 0.21912308399744385, "cell_id": "cell_5_4" }, "geometry": { "type": "Polygon", "coordinates": [ [ [ -74.08, 40.625 ], [ -74.075, 40.625 ], [ -74.075, 40.63 ], [ -74.08, 40.63 ], [ -74.08, 40.625 ] ] ] } },
{ "type": "Feature", "properties": { "center_lat": 40.6275, "center_lon": -74.0725, "predicted_risk": 0.23698742131898712, "cell_id": "cell_5_5" }, "geometry": { "type": "Polygon", "coordinates": [ [ [ -74.075, 40.625 ], [ -74.07, 40.625 ], [ -74.07, 40.63 ], [ -74.075, 40.63 ], [ -74.075, 40.625 ] ] ] } },
{ "type": "Feature", "properties": { "center_lat": 40.6275, "center_lon": -74.0675, "predicted_risk": 0.27439266146255492, "cell_id": "cell_5_6" }, "geometry": { "type": "Polygon", "coordinates": [ [ [ -74.07, 40.625 ], [ -74.065, 40.625 ], [ -74.065, 40.63 ], [ -74.07, 40.63 ], [ -74.07, 40.625 ] ] ] } },
{ "type": "Feature", "properties": { "center_lat": 40.6275, "center_lon": -74.0625, "predicted_risk": 0.32218069708777847, "cell_id": "cell_5_7" }, "geometry": { "type": "Polygon", "coordinates": [ [ [ -74.065, 40.625 ], [ -74.06, 40.625 ], [ -74.06, 40.63 ], [ -74.065, 40.63 ], [ -74.065, 40.625 ] ] ] } },
{ "type": "Feature", "properties": { "center_lat": 40.6275, "center_lon": -74.0575, "predicted_risk": 0.36865135040746644, "cell_id": "cell_5_8" }, "geometry": { "type": "Polygon", "coordinates": [ [ [ -74.06, 40.625 ], [ -74.055, 40.625 ], [ -74.055, 40.63 ], [ -74.06, 40.63 ], [ -74.06, 40.625 ] ] ] } },
{ "type": "Feature", "properties": { "center_lat": 40.6275, "center_lon": -74.0525, "predicted_risk": 0.40242698476843053, "cell_id": "cell_5_9" }, "geometry": { "type": "Polygon", "coordinates": [ [ [ -74.055, 40.625 ], [ -74.05, 40.625 ], [ -74.05, 40.63 ], [ -74.055, 40.63 ], [ -74.055, 40.625 ] ] ] } },
{ "type": "Feature", "properties": { "center_lat": 40.6275, "center_lon": -74.0475, "predicted_risk": 0.41523814691258654, "cell_id": "cell_5_10" }, "geometry": { "type": "Polygon", "coordinates": [ [ [ -74.05, 40.625 ], [ -74.045, 40.625 ], [ -74.045, 40.63 ], [ -74.05, 40.63 ], [ -74.05, 40.625 ] ] ] } },
{ "type": "Feature", "properties": { "center_lat": 40.6275, "center_lon": -74.0425, "predicted_risk": 0.53859762338958772, "cell_id": "cell_5_11" }, "geometry": { "type": "Polygon", "coordinates": [ [ [ -74.045, 40.625 ], [ -74.04, 40.625 ], [ -74.04, 40.63 ], [ -74.045, 40.63 ], [ -74.045, 40.625 ] ] ] } },
{ "type": "Feature", "properties": { "center_lat": 40.6275, "center_lon": -74.0375, "predicted_risk": 0.49509515348959821, "cell_id": "cell_5_12" }, "geometry": { "type": "Polygon", "coordinates": [ [ [ -74.04, 40.625 ], [ -74.035, 40.625 ], [ -74.035, 40.63 ], [ -74.04, 40.63 ], [ -74.04, 40.625 ] ] ] } },
{ "type": "Feature", "properties": { "center_lat": 40.6275, "center_lon": -74.0325, "predicted_risk": 0.21689718734159386, "cell_id": "cell_5_13" }, "geometry": { "type": "Polygon", "coordinates": [ [ [ -74.035, 40.625 ], [ -74.03, 40.625 ], [ -74.03, 40.63 ], [ -74.035, 40.63 ], [ -74.035, 40.625 ] ] ] } },
{ "type": "Feature", "properties": { "center_lat": 40.6275, "center_lon": -74.0275, "predicted_risk": 0.18485192778086623, "cell_id": "cell_5_14" }, "geometry": { "type": "Polygon", "coordinates": [ [ [ -74.03, 40.625 ], [ -74.025, 40.625 ], [ -74.025, 40.63 ], [ -74.03, 40.63 ], [ -74.03, 40.625 ] ] ] } },
{ "type": "Feature", "properties": { "center_lat": 40.6275, "center_lon": -74.0225, "predicted_risk": 0.23888639283070012, "cell_id": "cell_5_15" }, "geometry": { "type": "Polygon", "coordinates": [ [ [ -74.025, 40.625 ], [ -74.02, 40.625 ], [ -74.02, 40.63 ], [ -74.025, 40.63 ], [ -74.025, 40.625 ] ] ] } },
{ "type": "Feature", "properties": { "center_lat": 40.6275, "center_lon": -74.0175, "predicted_risk": 0.14638057490480408, "cell_id": "cell_5_16" }, "geometry": { "type": "Polygon", "coordinates": [ [ [ -74.02, 40.625 ], [ -74.015, 40.625 ], [ -74.015, 40.63 ], [ -74.02, 40.63 ], [ -74.02, 40.625 ] ] ] } },
{ "type": "Feature", "properties": { "center_lat": 40.6275, "center_lon": -74.0125, "predicted_risk": 0.22406041576333571, "cell_id": "cell_5_17" }, "geometry": { "type": "Polygon", "coordinates": [ [ [ -74.015, 40.625 ], [ -74.01, 40.625 ], [ -74.01, 40.63 ], [ -74.015, 40.63 ], [ -74.015, 40.625 ] ] ] } },
{ "type": "Feature", "properties": { "center_lat": 40.6275, "center_lon": -74.0075, "predicted_risk": 0.25125585379660731, "cell_id": "cell_5_18" }, "geometry": { "type": "Polygon", "coordinates": [ [ [ -74.01, 40.625 ], [ -74.005, 40.625 ], [ -74.005, 40.63 ], [ -74.01, 40.63 ], [ -74.01, 40.625 ] ] ] } },
{ "type": "Feature", "properties": { "center_lat": 40.6275, "center_lon": -74.0025, "predicted_risk": 0.29449878475251334, "cell_id": "cell_5_19" }, "geometry": { "type": "Polygon", "coordinates": [ [ [ -74.005, 40.625 ], [ -74.0, 40.625 ], [ -74.0, 40.63 ], [ -74.005, 40.63 ], [ -74.005, 40.625 ] ] ] } },
{ "type": "Feature", "properties": { "center_lat": 40.6275, "center_lon": -73.9975, "predicted_risk": 0.22880122065532699, "cell_id": "cell_5_20" }, "geometry": { "type": "Polygon", "coordinates": [ [ [ -74.0, 40.625 ], [ -73.995, 40.625 ], [ -73.995, 40.63 ], [ -74.0, 40.63 ], [ -74.0, 40.625 ] ] ] } },
{ "type": "Feature", "properties": { "center_lat": 40.6275, "center_lon": -73.9925, "predicted_risk": 0.12848026273095756, "cell_id": "cell_5_21" }, "geometry": { "type": "Polygon", "coordinates": [ [ [ -73.995, 40.625 ], [ -73.99, 40.625 ], [ -73.99, 40.63 ], [ -73.995, 40.63 ], [ -73.995, 40.625 ] ] ] } },
{ "type": "Feature", "properties": { "center_lat": 40.6275, "center_lon": -73.9875, "predicted_risk": 0.54783211536257925, "cell_id": "cell_5_22" }, "geometry": { "type": "Polygon", "coordinates": [ [ [ -73.99, 40.625 ], [ -73.985, 40.625 ], [ -73.985, 40.63 ], [ -73.99, 40.63 ], [ -73.99, 40.625 ] ] ] } },
{ "type": "Feature", "properties": { "center_lat": 40.6275, "center_lon": -73.9825, "predicted_risk": 0.13775825584067439, "cell_id": "cell_5_23" }, "geometry": { "type": "Polygon", "coordinates": [ [ [ -73.985, 40.625 ], [ -73.980000000000103, 40.625 ], [ -73.980000000000103, 40.63 ], [ -73.985, 40.63 ], [ -73.985, 40.625 ] ] ] } },
{ "type": "Feature", "properties": { "center_lat": 40.6275, "center_lon": -73.9775, "predicted_risk": 0.39205506075763363, "cell_id": "cell_5_24" }, "geometry": { "type": "Polygon", "coordinates": [ [ [ -73.980000000000103, 40.625 ], [ -73.975000000000108, 40.625 ], [ -73.975000000000108, 40.63 ], [ -73.980000000000103, 40.63 ], [ -73.980000000000103, 40.625 ] ] ] } },
{ "type": "Feature", "properties": { "center_lat": 40.6275, "center_lon": -73.9725, "predicted_risk": 0.23494019367183908, "cell_id": "cell_5_25" }, "geometry": { "type": "Polygon", "coordinates": [ [ [ -73.975000000000108, 40.625 ], [ -73.970000000000113, 40.625 ], [ -73.970000000000113, 40.63 ], [ -73.975000000000108, 40.63 ], [ -73.975000000000108, 40.625 ] ] ] } },
{ "type": "Feature", "properties": { "center_lat": 40.6275, "center_lon": -73.9675, "predicted_risk": 0.30404687918937362, "cell_id": "cell_5_26" }, "geometry": { "type": "Polygon", "coordinates": [ [ [ -73.970000000000113, 40.625 ], [ -73.965000000000117, 40.625 ], [ -73.965000000000117, 40.63 ], [ -73.970000000000113, 40.63 ], [ -73.970000000000113, 40.625 ] ] ] } },
{ "type": "Feature", "properties": { "center_lat": 40.6275, "center_lon": -73.9625, "predicted_risk": 0.17253725108398937, "cell_id": "cell_5_27" }, "geometry": { "type": "Polygon", "coordinates": [ [ [ -73.965000000000117, 40.625 ], [ -73.960000000000122, 40.625 ], [ -73.960000000000122, 40.63 ], [ -73.965000000000117, 40.63 ], [ -73.965000000000117, 40.625 ] ] ] } },
{ "type": "Feature", "properties": { "center_lat": 40.6275, "center_lon": -73.9575, "predicted_risk": 0.3036851441071387, "cell_id": "cell_5_28" }, "geometry": { "type": "Polygon", "coordinates": [ [ [ -73.960000000000122, 40.625 ], [ -73.955000000000126, 40.625 ], [ -73.955000000000126, 40.63 ], [ -73.960000000000122, 40.63 ], [ -73.960000000000122, 40.625 ] ] ] } },
{ "type": "Feature", "properties": { "center_lat": 40.6275, "center_lon": -73.9525, "predicted_risk": 0.072840330773529416, "cell_id": "cell_5_29" }, "geometry": { "type": "Polygon", "coordinates": [ [ [ -73.955000000000126, 40.625 ], [ -73.950000000000131, 40.625 ], [ -73.950000000000131, 40.63 ], [ -73.955000000000126, 40.63 ], [ -73.955000000000126, 40.625 ] ] ] } },
{ "type": "Feature", "properties": { "center_lat": 40.6275, "center_lon": -73.9475, "predicted_risk": 0.23334025524091487, "cell_id": "cell_5_30" }, "geometry": { "type": "Polygon", "coordinates": [ [ [ -73.950000000000131, 40.625 ], [ -73.945000000000135, 40.625 ], [ -73.945000000000135, 40.63 ], [ -73.950000000000131, 40.63 ], [ -73.950000000000131, 40.625 ] ] ] } },
{ "type": "Feature", "properties": { "center_lat": 40.6275, "center_lon": -73.9425, "predicted_risk": 0.089531124812875978, "cell_id": "cell_5_31" }, "geometry": { "type": "Polygon", "coordinates": [ [ [ -73.945000000000135, 40.625 ], [ -73.94000000000014, 40.625 ], [ -73.94000000000014, 40.63 ], [ -73.945000000000135, 40.63 ], [ -73.945000000000135, 40.625 ] ] ] } },
{ "type": "Feature", "properties": { "center_lat": 40.6275, "center_lon": -73.9375, "predicted_risk": 0.31564915683851802, "cell_id": "cell_5_32" }, "geometry": { "type": "Polygon", "coordinates": [ [ [ -73.94000000000014, 40.625 ], [ -73.935000000000144, 40.625 ], [ -73.935000000000144, 40.63 ], [ -73.94000000000014, 40.63 ], [ -73.94000000000014, 40.625 ] ] ] } },
{ "type": "Feature", "properties": { "center_lat": 40.6275, "center_lon": -73.9325, "predicted_risk": 0.48398227437530056, "cell_id": "cell_5_33" }, "geometry": { "type": "Polygon", "coordinates": [ [ [ -73.935000000000144, 40.625 ], [ -73.930000000000149, 40.625 ], [ -73.930000000000149, 40.63 ], [ -73.935000000000144, 40.63 ], [ -73.935000000000144, 40.625 ] ] ] } },
{ "type": "Feature", "properties": { "center_lat": 40.6275, "center_lon": -73.9275, "predicted_risk": 0.53202151777520112, "cell_id": "cell_5_34" }, "geometry": { "type": "Polygon", "coordinates": [ [ [ -73.930000000000149, 40.625 ], [ -73.925000000000153, 40.625 ], [ -73.925000000000153, 40.63 ], [ -73.930000000000149, 40.63 ], [ -73.930000000000149, 40.625 ] ] ] } },
{ "type": "Feature", "properties": { "center_lat": 40.6275, "center_lon": -73.9225, "predicted_risk": 0.55322159043974906, "cell_id": "cell_5_35" }, "geometry": { "type": "Polygon", "coordinates": [ [ [ -73.925000000000153, 40.625 ], [ -73.920000000000158, 40.625 ], [ -73.920000000000158, 40.63 ], [ -73.925000000000153, 40.63 ], [ -73.925000000000153, 40.625 ] ] ] } },
{ "type": "Feature", "properties": { "center_lat": 40.6275, "center_lon": -73.9175, "predicted_risk": 0.27119598760111163, "cell_id": "cell_5_36" }, "geometry": { "type": "Polygon", "coordinates": [ [ [ -73.920000000000158, 40.625 ], [ -73.915000000000163, 40.625 ], [ -73.915000000000163, 40.63 ], [ -73.920000000000158, 40.63 ], [ -73.920000000000158, 40.625 ] ] ] } },
{ "type": "Feature", "properties": { "center_lat": 40.6275, "center_lon": -73.9125, "predicted_risk": 0.12554603489219182, "cell_id": "cell_5_37" }, "geometry": { "type": "Polygon", "coordinates": [ [ [ -73.915000000000163, 40.625 ], [ -73.910000000000167, 40.625 ], [ -73.910000000000167, 40.63 ], [ -73.915000000000163, 40.63 ], [ -73.915000000000163, 40.625 ] ] ] } },
{ "type": "Feature", "properties": { "center_lat": 40.6275, "center_lon": -73.9075, "predicted_risk": 0.11061059099996259, "cell_id": "cell_5_38" }, "geometry": { "type": "Polygon", "coordinates": [ [ [ -73.910000000000167, 40.625 ], [ -73.905000000000172, 40.625 ], [ -73.905000000000172, 40.63 ], [ -73.910000000000167, 40.63 ], [ -73.910000000000167, 40.625 ] ] ] } },
{ "type": "Feature", "properties": { "center_lat": 40.6325, "center_lon": -74.0975, "predicted_risk": 0.24028835758133299, "cell_id": "cell_6_0" }, "geometry": { "type": "Polygon", "coordinates": [ [ [ -74.1, 40.63 ], [ -74.095, 40.63 ], [ -74.095, 40.635 ], [ -74.1, 40.635 ], [ -74.1, 40.63 ] ] ] } },
{ "type": "Feature", "properties": { "center_lat": 40.6325, "center_lon": -74.0925, "predicted_risk": 0.38446552611885149, "cell_id": "cell_6_1" }, "geometry": { "type": "Polygon", "coordinates": [ [ [ -74.095, 40.63 ], [ -74.09, 40.63 ], [ -74.09, 40.635 ], [ -74.095, 40.635 ], [ -74.095, 40.63 ] ] ] } },
{ "type": "Feature", "properties": { "center_lat": 40.6325, "center_lon": -74.0875, "predicted_risk": 0.2232315144692297, "cell_id": "cell_6_2" }, "geometry": { "type": "Polygon", "coordinates": [ [ [ -74.09, 40.63 ], [ -74.085, 40.63 ], [ -74.085, 40.635 ], [ -74.09, 40.635 ], [ -74.09, 40.63 ] ] ] } },
{ "type": "Feature", "properties": { "center_lat": 40.6325, "center_lon": -74.0825, "predicted_risk": 0.24136361722951991, "cell_id": "cell_6_3" }, "geometry": { "type": "Polygon", "coordinates": [ [ [ -74.085, 40.63 ], [ -74.08, 40.63 ], [ -74.08, 40.635 ], [ -74.085, 40.635 ], [ -74.085, 40.63 ] ] ] } },
{ "type": "Feature", "properties": { "center_lat": 40.6325, "center_lon": -74.0775, "predicted_risk": 0.057352308883375863, "cell_id": "cell_6_4" }, "geometry": { "type": "Polygon", "coordinates": [ [ [ -74.08, 40.63 ], [ -74.075, 40.63 ], [ -74.075, 40.635 ], [ -74.08, 40.635 ], [ -74.08, 40.63 ] ] ] } },
{ "type": "Feature", "properties": { "center_lat": 40.6325, "center_lon": -74.0725, "predicted_risk": 0.13235286188351814, "cell_id": "cell_6_5" }, "geometry": { "type": "Polygon", "coordinates": [ [ [ -74.075, 40.63 ], [ -74.07, 40.63 ], [ -74.07, 40.635 ], [ -74.075, 40.635 ], [ -74.075, 40.63 ] ] ] } },
{ "type": "Feature", "properties": { "center_lat": 40.6325, "center_lon": -74.0675, "predicted_risk": 0.25395845295179409, "cell_id": "cell_6_6" }, "geometry": { "type": "Polygon", "coordinates": [ [ [ -74.07, 40.63 ], [ -74.065, 40.63 ], [ -74.065, 40.635 ], [ -74.07, 40.635 ], [ -74.07, 40.63 ] ] ] } },
{ "type": "Feature", "properties": { "center_lat": 40.6325, "center_lon": -74.0625, "predicted_risk": 0.21651561031424174, "cell_id": "cell_6_7" }, "geometry": { "type": "Polygon", "coordinates": [ [ [ -74.065, 40.63 ], [ -74.06, 40.63 ], [ -74.06, 40.635 ], [ -74.065, 40.635 ], [ -74.065, 40.63 ] ] ] } },
{ "type": "Feature", "properties": { "center_lat": 40.6325, "center_lon": -74.0575, "predicted_risk": 0.52484827706779014, "cell_id": "cell_6_8" }, "geometry": { "type": "Polygon", "coordinates": [ [ [ -74.06, 40.63 ], [ -74.055, 40.63 ], [ -74.055, 40.635 ], [ -74.06, 40.635 ], [ -74.06, 40.63 ] ] ] } },
{ "type": "Feature", "properties": { "center_lat": 40.6325, "center_lon": -74.0525, "predicted_risk": 0.29579121113625256, "cell_id": "cell_6_9" }, "geometry": { "type": "Polygon", "coordinates": [ [ [ -74.055, 40.63 ], [ -74.05, 40.63 ], [ -74.05, 40.635 ], [ -74.055, 40.635 ], [ -74.055, 40.63 ] ] ] } },
{ "type": "Feature", "properties": { "center_lat": 40.6325, "center_lon": -74.0475, "predicted_risk": 0.46267110754624108, "cell_id": "cell_6_10" }, "geometry": { "type": "Polygon", "coordinates": [ [ [ -74.05, 40.63 ], [ -74.045, 40.63 ], [ -74.045, 40.635 ], [ -74.05, 40.635 ], [ -74.05, 40.63 ] ] ] } },
{ "type": "Feature", "properties": { "center_lat": 40.6325, "center_lon": -74.0425, "predicted_risk": 0.59458808510415906, "cell_id": "cell_6_11" }, "geometry": { "type": "Polygon", "coordinates": [ [ [ -74.045, 40.63 ], [ -74.04, 40.63 ], [ -74.04, 40.635 ], [ -74.045, 40.635 ], [ -74.045, 40.63 ] ] ] } },
{ "type": "Feature", "properties": { "center_lat": 40.6325, "center_lon": -74.0375, "predicted_risk": 0.53012371164390348, "cell_id": "cell_6_12" }, "geometry": { "type": "Polygon", "coordinates": [ [ [ -74.04, 40.63 ], [ -74.035, 40.63 ], [ -74.035, 40.635 ], [ -74.04, 40.635 ], [ -74.04, 40.63 ] ] ] } },
{ "type": "Feature", "properties": { "center_lat": 40.6325, "center_lon": -74.0325, "predicted_risk": 0.32946361243301392, "cell_id": "cell_6_13" }, "geometry": { "type": "Polygon", "coordinates": [ [ [ -74.035, 40.63 ], [ -74.03, 40.63 ], [ -74.03, 40.635 ], [ -74.035, 40.635 ], [ -74.035, 40.63 ] ] ] } },
{ "type": "Feature", "properties": { "center_lat": 40.6325, "center_lon": -74.0275, "predicted_risk": 0.086077982383565357, "cell_id": "cell_6_14" }, "geometry": { "type": "Polygon", "coordinates": [ [ [ -74.03, 40.63 ], [ -74.025, 40.63 ], [ -74.025, 40.635 ], [ -74.03, 40.635 ], [ -74.03, 40.63 ] ] ] } },
{ "type": "Feature", "properties": { "center_lat": 40.6325, "center_lon": -74.0225, "predicted_risk": 0.20134329416825575, "cell_id": "cell_6_15" }, "geometry": { "type": "Polygon", "coordinates": [ [ [ -74.025, 40.63 ], [ -74.02, 40.63 ], [ -74.02, 40.635 ], [ -74.025, 40.635 ], [ -74.025, 40.63 ] ] ] } },
{ "type": "Feature", "properties": { "center_lat": 40.6325, "center_lon": -74.0175, "predicted_risk": 0.057573489822278077, "cell_id": "cell_6_16" }, "geometry": { "type": "Polygon", "coordinates": [ [ [ -74.02, 40.63 ], [ -74.015, 40.63 ], [ -74.015, 40.635 ], [ -74.02, 40.635 ], [ -74.02, 40.63 ] ] ] } },
{ "type": "Feature", "properties": { "center_lat": 40.6325, "center_lon": -74.0125, "predicted_risk": 0.23916445171886344, "cell_id": "cell_6_17" }, "geometry": { "type": "Polygon", "coordinates": [ [ [ -74.015, 40.63 ], [ -74.01, 40.63 ], [ -74.01, 40.635 ], [ -74.015, 40.635 ], [ -74.015, 40.63 ] ] ] } },
{ "type": "Feature", "properties": { "center_lat": 40.6325, "center_lon": -74.0075, "predicted_risk": 0.14644869846543093, "cell_id": "cell_6_18" }, "geometry": { "type": "Polygon", "coordinates": [ [ [ -74.01, 40.63 ], [ -74.005, 40.63 ], [ -74.005, 40.635 ], [ -74.01, 40.635 ], [ -74.01, 40.63 ] ] ] } },
{ "type": "Feature", "properties": { "center_lat": 40.6325, "center_lon": -74.0025, "predicted_risk": 0.094584273983855841, "cell_id": "cell_6_19" }, "geometry": { "type": "Polygon", "coordinates": [ [ [ -74.005, 40.63 ], [ -74.0, 40.63 ], [ -74.0, 40.635 ], [ -74.005, 40.635 ], [ -74.005, 40.63 ] ] ] } },
{ "type": "Feature", "properties": { "center_lat": 40.6325, "center_lon": -73.9975, "predicted_risk": 0.3559236979517445, "cell_id": "cell_6_20" }, "geometry": { "type": "Polygon", "coordinates": [ [ [ -74.0, 40.63 ], [ -73.995, 40.63 ], [ -73.995, 40.635 ], [ -74.0, 40.635 ], [ -74.0, 40.63 ] ] ] } },
{ "type": "Feature", "properties": { "center_lat": 40.6325, "center_lon": -73.9925, "predicted_risk": 0.13950524273559858, "cell_id": "cell_6_21" }, "geometry": { "type": "Polygon", "coordinates": [ [ [ -73.995, 40.63 ], [ -73.99, 40.63 ], [ -73.99, 40.635 ], [ -73.995, 40.635 ], [ -73.995, 40.63 ] ] ] } },
{ "type": "Feature", "properties": { "center_lat": 40.6325, "center_lon": -73.9875, "predicted_risk": 0.30413613382449722, "cell_id": "cell_6_22" }, "geometry": { "type": "Polygon", "coordinates": [ [ [ -73.99, 40.63 ], [ -73.985, 40.63 ], [ -73.985, 40.635 ], [ -73.99, 40.635 ], [ -73.99, 40.63 ] ] ] } },
{ "type": "Feature", "properties": { "center_lat": 40.6325, "center_lon": -73.9825, "predicted_risk": 0.1532538876783219, "cell_id": "cell_6_23" }, "geometry": { "type": "Polygon", "coordinates": [ [ [ -73.985, 40.63 ], [ -73.980000000000103, 40.63 ], [ -73.980000000000103, 40.635 ], [ -73.985, 40.635 ], [ -73.985, 40.63 ] ] ] } },
{ "type": "Feature", "properties": { "center_lat": 40.6325, "center_lon": -73.9775, "predicted_risk": 0.57108949901334194, "cell_id": "cell_6_24" }, "geometry": { "type": "Polygon", "coordinates": [ [ [ -73.980000000000103, 40.63 ], [ -73.975000000000108, 40.63 ], [ -73.975000000000108, 40.635 ], [ -73.980000000000103, 40.635 ], [ -73.980000000000103, 40.63 ] ] ] } },
{ "type": "Feature", "properties": { "center_lat": 40.6325, "center_lon": -73.9725, "predicted_risk": 0.24637953611366331, "cell_id": "cell_6_25" }, "geometry": { "type": "Polygon", "coordinates": [ [ [ -73.975000000000108, 40.63 ], [ -73.970000000000113, 40.63 ], [ -73.970000000000113, 40.635 ], [ -73.975000000000108, 40.635 ], [ -73.975000000000108, 40.63 ] ] ] } },
{ "type": "Feature", "properties": { "center_lat": 40.6325, "center_lon": -73.9675, "predicted_risk": 0.19860114535090376, "cell_id": "cell_6_26" }, "geometry": { "type": "Polygon", "coordinates": [ [ [ -73.970000000000113, 40.63 ], [ -73.965000000000117, 40.63 ], [ -73.965000000000117, 40.635 ], [ -73.970000000000113, 40.635 ], [ -73.970000000000113, 40.63 ] ] ] } },
{ "type": "Feature", "properties": { "center_lat": 40.6325, "center_lon": -73.9625, "predicted_risk": 0.076953696803288812, "cell_id": "cell_6_27" }, "geometry": { "type": "Polygon", "coordinates": [ [ [ -73.965000000000117, 40.63 ], [ -73.960000000000122, 40.63 ], [ -73.960000000000122, 40.635 ], [ -73.965000000000117, 40.635 ], [ -73.965000000000117, 40.63 ] ] ] } },
{ "type": "Feature", "properties": { "center_lat": 40.6325, "center_lon": -73.9575, "predicted_risk": 0.24648174011380256, "cell_id": "cell_6_28" }, "geometry": { "type": "Polygon", "coordinates": [ [ [ -73.960000000000122, 40.63 ], [ -73.955000000000126, 40.63 ], [ -73.955000000000126, 40.635 ], [ -73.960000000000122, 40.635 ], [ -73.960000000000122, 40.63 ] ] ] } },
{ "type": "Feature", "properties": { "center_lat": 40.6325, "center_lon": -73.9525, "predicted_risk": 0.11410980919912536, "cell_id": "cell_6_29" }, "geometry": { "type": "Polygon", "coordinates": [ [ [ -73.955000000000126, 40.63 ], [ -73.950000000000131, 40.63 ], [ -73.950000000000131, 40.635 ], [ -73.955000000000126, 40.635 ], [ -73.955000000000126, 40.63 ] ] ] } },
{ "type": "Feature", "properties": { "center_lat": 40.6325, "center_lon": -73.9475, "predicted_risk": 0.12874981318813847, "cell_id": "cell_6_30" }, "geometry": { "type": "Polygon", "coordinates": [ [ [ -73.950000000000131, 40.63 ], [ -73.945000000000135, 40.63 ], [ -73.945000000000135, 40.635 ], [ -73.950000000000131, 40.635 ], [ -73.950000000000131, 40.63 ] ] ] } },
{ "type": "Feature", "properties": { "center_lat": 40.6325, "center_lon": -73.9425, "predicted_risk": 0.16357649845949335, "cell_id": "cell_6_31" }, "geometry": { "type": "Polygon", "coordinates": [ [ [ -73.945000000000135, 40.63 ], [ -73.94000000000014, 40.63 ], [ -73.94000000000014, 40.635 ], [ -73.945000000000135, 40.635 ], [ -73.945000000000135, 40.63 ] ] ] } },
{ "type": "Feature", "properties": { "center_lat": 40.6325, "center_lon": -73.9375, "predicted_risk": 0.42012615567111444, "cell_id": "cell_6_32" }, "geometry": { "type": "Polygon", "coordinates": [ [ [ -73.94000000000014, 40.63 ], [ -73.935000000000144, 40.63 ], [ -73.935000000000144, 40.635 ], [ -73.94000000000014, 40.635 ], [ -73.94000000000014, 40.63 ] ] ] } },
{ "type": "Feature", "properties": { "center_lat": 40.6325, "center_lon": -73.9325, "predicted_risk": 0.38524202311365074, "cell_id": "cell_6_33" }, "geometry": { "type": "Polygon", "coordinates": [ [ [ -73.935000000000144, 40.63 ], [ -73.930000000000149, 40.63 ], [ -73.930000000000149, 40.635 ], [ -73.935000000000144, 40.635 ], [ -73.935000000000144, 40.63 ] ] ] } },
{ "type": "Feature", "properties": { "center_lat": 40.6325, "center_lon": -73.9275, "predicted_risk": 0.58484324695555545, "cell_id": "cell_6_34" }, "geometry": { "type": "Polygon", "coordinates": [ [ [ -73.930000000000149, 40.63 ], [ -73.925000000000153, 40.63 ], [ -73.925000000000153, 40.635 ], [ -73.930000000000149, 40.635 ], [ -73.930000000000149, 40.63 ] ] ] } },
{ "type": "Feature", "properties": { "center_lat": 40.6325, "center_lon": -73.9225, "predicted_risk": 0.30812934541602449, "cell_id": "cell_6_35" }, "geometry": { "type": "Polygon", "coordinates": [ [ [ -73.925000000000153, 40.63 ], [ -73.920000000000158, 40.63 ], [ -73.920000000000158, 40.635 ], [ -73.925000000000153, 40.635 ], [ -73.925000000000153, 40.63 ] ] ] } },
{ "type": "Feature", "properties": { "center_lat": 40.6325, "center_lon": -73.9175, "predicted_risk": 0.6002107661347228, "cell_id": "cell_6_36" }, "geometry": { "type": "Polygon", "coordinates": [ [ [ -73.920000000000158, 40.63 ], [ -73.915000000000163, 40.63 ], [ -73.915000000000163, 40.635 ], [ -73.920000000000158, 40.635 ], [ -73.920000000000158, 40.63 ] ] ] } },
{ "type": "Feature", "properties": { "center_lat": 40.6325, "center_lon": -73.9125, "predicted_risk": 0.13515714113009139, "cell_id": "cell_6_37" }, "geometry": { "type": "Polygon", "coordinates": [ [ [ -73.915000000000163, 40.63 ], [ -73.910000000000167, 40.63 ], [ -73.910000000000167, 40.635 ], [ -73.915000000000163, 40.635 ], [ -73.915000000000163, 40.63 ] ] ] } },
{ "type": "Feature", "properties": { "center_lat": 40.6325, "center_lon": -73.9075, "predicted_risk": 0.22604994347312965, "cell_id": "cell_6_38" }, "geometry": { "type": "Polygon", "coordinates": [ [ [ -73.910000000000167, 40.63 ], [ -73.905000000000172, 40.63 ], [ -73.905000000000172, 40.635 ], [ -73.910000000000167, 40.635 ], [ -73.910000000000167, 40.63 ] ] ] } },
{ "type": "Feature", "properties": { "center_lat": 40.6375, "center_lon": -74.0975, "predicted_risk": 0.4852503697515958, "cell_id": "cell_7_0" }, "geometry": { "type": "Polygon", "coordinates": [ [ [ -74.1, 40.635 ], [ -74.095, 40.635 ], [ -74.095, 40.64 ], [ -74.1, 40.64 ], [ -74.1, 40.635 ] ] ] } },
{ "type": "Feature", "properties": { "center_lat": 40.6375, "center_lon": -74.0925, "predicted_risk": 0.3814180417870609, "cell_id": "cell_7_1" }, "geometry": { "type": "Polygon", "coordinates": [ [ [ -74.095, 40.635 ], [ -74.09, 40.635 ], [ -74.09, 40.64 ], [ -74.095, 40.64 ], [ -74.095, 40.635 ] ] ] } },
{ "type": "Feature", "properties": { "center_lat": 40.6375, "center_lon": -74.0875, "predicted_risk": 0.14380976324448014, "cell_id": "cell_7_2" }, "geometry": { "type": "Polygon", "coordinates": [ [ [ -74.09, 40.635 ], [ -74.085, 40.635 ], [ -74.085, 40.64 ], [ -74.09, 40.64 ], [ -74.09, 40.635 ] ] ] } },
{ "type": "Feature", "properties": { "center_lat": 40.6375, "center_lon": -74.0825, "predicted_risk": 0.11340998586976003, "cell_id": "cell_7_3" }, "geometry": { "type": "Polygon", "coordinates": [ [ [ -74.085, 40.635 ], [ -74.08, 40.635 ], [ -74.08, 40.64 ], [ -74.085, 40.64 ], [ -74.085, 40.635 ] ] ] } },
{ "type": "Feature", "properties": { "center_lat": 40.6375, "center_lon": -74.0775, "predicted_risk": 0.053476307250042231, "cell_id": "cell_7_4" }, "geometry": { "type": "Polygon", "coordinates": [ [ [ -74.08, 40.635 ], [ -74.075, 40.635 ], [ -74.075, 40.64 ], [ -74.08, 40.64 ], [ -74.08, 40.635 ] ] ] } },
{ "type": "Feature", "properties": { "center_lat": 40.6375, "center_lon": -74.0725, "predicted_risk": 0.12601863885542666, "cell_id": "cell_7_5" }, "geometry": { "type": "Polygon", "coordinates": [ [ [ -74.075, 40.635 ], [ -74.07, 40.635 ], [ -74.07, 40.64 ], [ -74.075, 40.64 ], [ -74.075, 40.635 ] ] ] } },
{ "type": "Feature", "properties": { "center_lat": 40.6375, "center_lon": -74.0675, "predicted_risk": 0.33188006244540369, "cell_id": "cell_7_6" }, "geometry": { "type": "Polygon", "coordinates": [ [ [ -74.07, 40.635 ], [ -74.065, 40.635 ], [ -74.065, 40.64 ], [ -74.07, 40.64 ], [ -74.07, 40.635 ] ] ] } },
{ "type": "Feature", "properties": { "center_lat": 40.6375, "center_lon": -74.0625, "predicted_risk": 0.43388528488662026, "cell_id": "cell_7_7" }, "geometry": { "type": "Polygon", "coordinates": [ [ [ -74.065, 40.635 ], [ -74.06, 40.635 ], [ -74.06, 40.64 ], [ -74.065, 40.64 ], [ -74.065, 40.635 ] ] ] } },
{ "type": "Feature", "properties": { "center_lat": 40.6375, "center_lon": -74.0575, "predicted_risk": 0.13326962725602892, "cell_id": "cell_7_8" }, "geometry": { "type": "Polygon", "coordinates": [ [ [ -74.06, 40.635 ], [ -74.055, 40.635 ], [ -74.055, 40.64 ], [ -74.06, 40.64 ], [ -74.06, 40.635 ] ] ] } },
{ "type": "Feature", "properties": { "center_lat": 40.6375, "center_lon": -74.0525, "predicted_risk": 0.45388033057856336, "cell_id": "cell_7_9" }, "geometry": { "type": "Polygon", "coordinates": [ [ [ -74.055, 40.635 ], [ -74.05, 40.635 ], [ -74.05, 40.64 ], [ -74.055, 40.64 ], [ -74.055, 40.635 ] ] ] } },
{ "type": "Feature", "properties": { "center_lat": 40.6375, "center_lon": -74.0475, "predicted_risk": 0.31625982241316031, "cell_id": "cell_7_10" }, "geometry": { "type": "Polygon", "coordinates": [ [ [ -74.05, 40.635 ], [ -74.045, 40.635 ], [ -74.045, 40.64 ], [ -74.05, 40.64 ], [ -74.05, 40.635 ] ] ] } },
{ "type": "Feature", "properties": { "center_lat": 40.6375, "center_lon": -74.0425, "predicted_risk": 0.15210522457892464, "cell_id": "cell_7_11" }, "geometry": { "type": "Polygon", "coordinates": [ [ [ -74.045, 40.635 ], [ -74.04, 40.635 ], [ -74.04, 40.64 ], [ -74.045, 40.64 ], [ -74.045, 40.635 ] ] ] } },
{ "type": "Feature", "properties": { "center_lat": 40.6375, "center_lon": -74.0375, "predicted_risk": 0.13469443704797926, "cell_id": "cell_7_12" }, "geometry": { "type": "Polygon", "coordinates": [ [ [ -74.04, 40.635 ], [ -74.035, 40.635 ], [ -74.035, 40.64 ], [ -74.04, 40.64 ], [ -74.04, 40.635 ] ] ] } },
{ "type": "Feature", "properties": { "center_lat": 40.6375, "center_lon": -74.0325, "predicted_risk": 0.22032063324740153, "cell_id": "cell_7_13" }, "geometry": { "type": "Polygon", "coordinates": [ [ [ -74.035, 40.635 ], [ -74.03, 40.635 ], [ -74.03, 40.64 ], [ -74.035, 40.64 ], [ -74.035, 40.635 ] ] ] } },
{ "type": "Feature", "properties": { "center_lat": 40.6375, "center_lon": -74.0275, "predicted_risk": 0.2535290149301449, "cell_id": "cell_7_14" }, "geometry": { "type": "Polygon", "coordinates": [ [ [ -74.03, 40.635 ], [ -74.025, 40.635 ], [ -74.025, 40.64 ], [ -74.03, 40.64 ], [ -74.03, 40.635 ] ] ] } },
{ "type": "Feature", "properties": { "center_lat": 40.6375, "center_lon": -74.0225, "predicted_risk": 0.25609069838252402, "cell_id": "cell_7_15" }, "geometry": { "type": "Polygon", "coordinates": [ [ [ -74.025, 40.635 ], [ -74.02, 40.635 ], [ -74.02, 40.64 ], [ -74.025, 40.64 ], [ -74.025, 40.635 ] ] ] } },
{ "type": "Feature", "properties": { "center_lat": 40.6375, "center_lon": -74.0175, "predicted_risk": 0.053715256866794223, "cell_id": "cell_7_16" }, "geometry": { "type": "Polygon", "coordinates": [ [ [ -74.02, 40.635 ], [ -74.015, 40.635 ], [ -74.015, 40.64 ], [ -74.02, 40.64 ], [ -74.02, 40.635 ] ] ] } },
{ "type": "Feature", "properties": { "center_lat": 40.6375, "center_lon": -74.0125, "predicted_risk": 0.22444413520245801, "cell_id": "cell_7_17" }, "geometry": { "type": "Polygon", "coordinates": [ [ [ -74.015, 40.635 ], [ -74.01, 40.635 ], [ -74.01, 40.64 ], [ -74.015, 40.64 ], [ -74.015, 40.635 ] ] ] } },
{ "type": "Feature", "properties": { "center_lat": 40.6375, "center_lon": -74.0075, "predicted_risk": 0.21187030694413367, "cell_id": "cell_7_18" }, "geometry": { "type": "Polygon", "coordinates": [ [ [ -74.01, 40.635 ], [ -74.005, 40.635 ], [ -74.005, 40.64 ], [ -74.01, 40.64 ], [ -74.01, 40.635 ] ] ] } },
{ "type": "Feature", "properties": { "center_lat": 40.6375, "center_lon": -74.0025, "predicted_risk": 0.37479728119670574, "cell_id": "cell_7_19" }, "geometry": { "type": "Polygon", "coordinates": [ [ [ -74.005, 40.635 ], [ -74.0, 40.635 ], [ -74.0, 40.64 ], [ -74.005, 40.64 ], [ -74.005, 40.635 ] ] ] } },
{ "type": "Feature", "properties": { "center_lat": 40.6375, "center_lon": -73.9975, "predicted_risk": 0.23937781278347686, "cell_id": "cell_7_20" }, "geometry": { "type": "Polygon", "coordinates": [ [ [ -74.0, 40.635 ], [ -73.995, 40.635 ], [ -73.995, 40.64 ], [ -74.0, 40.64 ], [ -74.0, 40.635 ] ] ] } },
{ "type": "Feature", "properties": { "center_lat": 40.6375, "center_lon": -73.9925, "predicted_risk": 0.42668711049558306, "cell_id": "cell_7_21" }, "geometry": { "type": "Polygon", "coordinates": [ [ [ -73.995, 40.635 ], [ -73.99, 40.635 ], [ -73.99, 40.64 ], [ -73.995, 40.64 ], [ -73.995, 40.635 ] ] ] } },
{ "type": "Feature", "properties": { "center_lat": 40.6375, "center_lon": -73.9875, "predicted_risk": 0.15580110157321031, "cell_id": "cell_7_22" }, "geometry": { "type": "Polygon", "coordinates": [ [ [ -73.99, 40.635 ], [ -73.985, 40.635 ], [ -73.985, 40.64 ], [ -73.99, 40.64 ], [ -73.99, 40.635 ] ] ] } },
{ "type": "Feature", "properties": { "center_lat": 40.6375, "center_lon": -73.9825, "predicted_risk": 0.47124655747454008, "cell_id": "cell_7_23" }, "geometry": { "type": "Polygon", "coordinates": [ [ [ -73.985, 40.635 ], [ -73.980000000000103, 40.635 ], [ -73.980000000000103, 40.64 ], [ -73.985, 40.64 ], [ -73.985, 40.635 ] ] ] } },
{ "type": "Feature", "properties": { "center_lat": 40.6375, "center_lon": -73.9775, "predicted_risk": 0.58303454193036353, "cell_id": "cell_7_24" }, "geometry": { "type": "Polygon", "coordinates": [ [ [ -73.980000000000103, 40.635 ], [ -73.975000000000108, 40.635 ], [ -73.975000000000108, 40.64 ], [ -73.980000000000103, 40.64 ], [ -73.980000000000103, 40.635 ] ] ] } },
{ "type": "Feature", "properties": { "center_lat": 40.6375, "center_lon": -73.9725, "predicted_risk": 0.49841140237124493, "cell_id": "cell_7_25" }, "geometry": { "type": "Polygon", "coordinates": [ [ [ -73.975000000000108, 40.635 ], [ -73.970000000000113, 40.635 ], [ -73.970000000000113, 40.64 ], [ -73.975000000000108, 40.64 ], [ -73.975000000000108, 40.635 ] ] ] } },
{ "type": "Feature", "properties": { "center_lat": 40.6375, "center_lon": -73.9675, "predicted_risk": 0.098794505130375049, "cell_id": "cell_7_26" }, "geometry": { "type": "Polygon", "coordinates": [ [ [ -73.970000000000113, 40.635 ], [ -73.965000000000117, 40.635 ], [ -73.965000000000117, 40.64 ], [ -73.970000000000113, 40.64 ], [ -73.970000000000113, 40.635 ] ] ] } },
{ "type": "Feature", "properties": { "center_lat": 40.6375, "center_lon": -73.9625, "predicted_risk": 0.29860952864763884, "cell_id": "cell_7_27" }, "geometry": { "type": "Polygon", "coordinates": [ [ [ -73.965000000000117, 40.635 ], [ -73.960000000000122, 40.635 ], [ -73.960000000000122, 40.64 ], [ -73.965000000000117, 40.64 ], [ -73.965000000000117, 40.635 ] ] ] } },
{ "type": "Feature", "properties": { "center_lat": 40.6375, "center_lon": -73.9575, "predicted_risk": 0.17426194612840321, "cell_id": "cell_7_28" }, "geometry": { "type": "Polygon", "coordinates": [ [ [ -73.960000000000122, 40.635 ], [ -73.955000000000126, 40.635 ], [ -73.955000000000126, 40.64 ], [ -73.960000000000122, 40.64 ], [ -73.960000000000122, 40.635 ] ] ] } },
{ "type": "Feature", "properties": { "center_lat": 40.6375, "center_lon": -73.9525, "predicted_risk": 0.21262004339619639, "cell_id": "cell_7_29" }, "geometry": { "type": "Polygon", "coordinates": [ [ [ -73.955000000000126, 40.635 ], [ -73.950000000000131, 40.635 ], [ -73.950000000000131, 40.64 ], [ -73.955000000000126, 40.64 ], [ -73.955000000000126, 40.635 ] ] ] } },
{ "type": "Feature", "properties": { "center_lat": 40.6375, "center_lon": -73.9475, "predicted_risk": 0.18318920624709495, "cell_id": "cell_7_30" }, "geometry": { "type": "Polygon", "coordinates": [ [ [ -73.950000000000131, 40.635 ], [ -73.945000000000135, 40.635 ], [ -73.945000000000135, 40.64 ], [ -73.950000000000131, 40.64 ], [ -73.950000000000131, 40.635 ] ] ] } },
{ "type": "Feature", "properties": { "center_lat": 40.6375, "center_lon": -73.9425, "predicted_risk": 0.15975064139806666, "cell_id": "cell_7_31" }, "geometry": { "type": "Polygon", "coordinates": [ [ [ -73.945000000000135, 40.635 ], [ -73.94000000000014, 40.635 ], [ -73.94000000000014, 40.64 ], [ -73.945000000000135, 40.64 ], [ -73.945000000000135, 40.635 ] ] ] } },
{ "type": "Feature", "properties": { "center_lat": 40.6375, "center_lon": -73.9375, "predicted_risk": 0.41994348528567765, "cell_id": "cell_7_32" }, "geometry": { "type": "Polygon", "coordinates": [ [ [ -73.94000000000014, 40.635 ], [ -73.935000000000144, 40.635 ], [ -73.935000000000144, 40.64 ], [ -73.94000000000014, 40.64 ], [ -73.94000000000014, 40.635 ] ] ] } },
{ "type": "Feature", "properties": { "center_lat": 40.6375, "center_lon": -73.9325, "predicted_risk": 0.39074034618855047, "cell_id": "cell_7_33" }, "geometry": { "type": "Polygon", "coordinates": [ [ [ -73.935000000000144, 40.635 ], [ -73.930000000000149, 40.635 ], [ -73.930000000000149, 40.64 ], [ -73.935000000000144, 40.64 ], [ -73.935000000000144, 40.635 ] ] ] } },
{ "type": "Feature", "properties": { "center_lat": 40.6375, "center_lon": -73.9275, "predicted_risk": 0.44841990290608119, "cell_id": "cell_7_34" }, "geometry": { "type": "Polygon", "coordinates": [ [ [ -73.930000000000149, 40.635 ], [ -73.925000000000153, 40.635 ], [ -73.925000000000153, 40.64 ], [ -73.930000000000149, 40.64 ], [ -73.930000000000149, 40.635 ] ] ] } },
{ "type": "Feature", "properties": { "center_lat": 40.6375, "center_lon": -73.9225, "predicted_risk": 0.15795810566257928, "cell_id": "cell_7_35" }, "geometry": { "type": "Polygon", "coordinates": [ [ [ -73.925000000000153, 40.635 ], [ -73.920000000000158, 40.635 ], [ -73.920000000000158, 40.64 ], [ -73.925000000000153, 40.64 ], [ -73.925000000000153, 40.635 ] ] ] } },
{ "type": "Feature", "properties": { "center_lat": 40.6375, "center_lon": -73.9175, "predicted_risk": 0.15362382003751196, "cell_id": "cell_7_36" }, "geometry": { "type": "Polygon", "coordinates": [ [ [ -73.920000000000158, 40.635 ], [ -73.915000000000163, 40.635 ], [ -73.915000000000163, 40.64 ], [ -73.920000000000158, 40.64 ], [ -73.920000000000158, 40.635 ] ] ] } },
{ "type": "Feature", "properties": { "center_lat": 40.6375, "center_lon": -73.9125, "predicted_risk": 0.1375316283779886, "cell_id": "cell_7_37" }, "geometry": { "type": "Polygon", "coordinates": [ [ [ -73.915000000000163, 40.635 ], [ -73.910000000000167, 40.635 ], [ -73.910000000000167, 40.64 ], [ -73.915000000000163, 40.64 ], [ -73.915000000000163, 40.635 ] ] ] } },
{ "type": "Feature", "properties": { "center_lat": 40.6375, "center_lon": -73.9075, "predicted_risk": 0.11362146043710837, "cell_id": "cell_7_38" }, "geometry": { "type": "Polygon", "coordinates": [ [ [ -73.910000000000167, 40.635 ], [ -73.905000000000172, 40.635 ], [ -73.905000000000172, 40.64 ], [ -73.910000000000167, 40.64 ], [ -73.910000000000167, 40.635 ] ] ] } },
{ "type": "Feature", "properties": { "center_lat": 40.6425, "center_lon": -74.0975, "predicted_risk": 0.11863401546050951, "cell_id": "cell_8_0" }, "geometry": { "type": "Polygon", "coordinates": [ [ [ -74.1, 40.64 ], [ -74.095, 40.64 ], [ -74.095, 40.645 ], [ -74.1, 40.645 ], [ -74.1, 40.64 ] ] ] } },
{ "type": "Feature", "properties": { "center_lat": 40.6425, "center_lon": -74.0925, "predicted_risk": 0.38840437012157175, "cell_id": "cell_8_1" }, "geometry": { "type": "Polygon", "coordinates": [ [ [ -74.095, 40.64 ], [ -74.09, 40.64 ], [ -74.09, 40.645 ], [ -74.095, 40.645 ], [ -74.095, 40.64 ] ] ] } },
{ "type": "Feature", "properties": { "center_lat": 40.6425, "center_lon": -74.0875, "predicted_risk": 0.077648998558626919, "cell_id": "cell_8_2" }, "geometry": { "type": "Polygon", "coordinates": [ [ [ -74.09, 40.64 ], [ -74.085, 40.64 ], [ -74.085, 40.645 ], [ -74.09, 40.645 ], [ -74.09, 40.64 ] ] ] } },
{ "type": "Feature", "properties": { "center_lat": 40.6425, "center_lon": -74.0825, "predicted_risk": 0.19512085369477444, "cell_id": "cell_8_3" }, "geometry": { "type": "Polygon", "coordinates": [ [ [ -74.085, 40.64 ], [ -74.08, 40.64 ], [ -74.08, 40.645 ], [ -74.085, 40.645 ], [ -74.085, 40.64 ] ] ] } },
{ "type": "Feature", "properties": { "center_lat": 40.6425, "center_lon": -74.0775, "predicted_risk": 0.24944801391701027, "cell_id": "cell_8_4" }, "geometry": { "type": "Polygon", "coordinates": [ [ [ -74.08, 40.64 ], [ -74.075, 40.64 ], [ -74.075, 40.645 ], [ -74.08, 40.645 ], [ -74.08, 40.64 ] ] ] } },
{ "type": "Feature", "properties": { "center_lat": 40.6425, "center_lon": -74.0725, "predicted_risk": 0.21080967575907475, "cell_id": "cell_8_5" }, "geometry": { "type": "Polygon", "coordinates": [ [ [ -74.075, 40.64 ], [ -74.07, 40.64 ], [ -74.07, 40.645 ], [ -74.075, 40.645 ], [ -74.075, 40.64 ] ] ] } },
{ "type": "Feature", "properties": { "center_lat": 40.6425, "center_lon": -74.0675, "predicted_risk": 0.086827822998750026, "cell_id": "cell_8_6" }, "geometry": { "type": "Polygon", "coordinates": [ [ [ -74.07, 40.64 ], [ -74.065, 40.64 ], [ -74.065, 40.645 ], [ -74.07, 40.645 ], [ -74.07, 40.64 ] ] ] } },
{ "type": "Feature", "properties": { "center_lat": 40.6425, "center_lon": -74.0625, "predicted_risk": 0.10798183771029866, "cell_id": "cell_8_7" }, "geometry": { "type": "Polygon", "coordinates": [ [ [ -74.065, 40.64 ], [ -74.06, 40.64 ], [ -74.06, 40.645 ], [ -74.065, 40.645 ], [ -74.065, 40.64 ] ] ] } },
{ "type": "Feature", "properties": { "center_lat": 40.6425, "center_lon": -74.0575, "predicted_risk": 0.12855269548083828, "cell_id": "cell_8_8" }, "geometry": { "type": "Polygon", "coordinates": [ [ [ -74.06, 40.64 ], [ -74.055, 40.64 ], [ -74.055, 40.645 ], [ -74.06, 40.645 ], [ -74.06, 40.64 ] ] ] } },
{ "type": "Feature", "properties": { "center_lat": 40.6425, "center_lon": -74.0525, "predicted_risk": 0.4305117986834045, "cell_id": "cell_8_9" }, "geometry": { "type": "Polygon", "coordinates": [ [ [ -74.055, 40.64 ], [ -74.05, 40.64 ], [ -74.05, 40.645 ], [ -74.055, 40.645 ], [ -74.055, 40.64 ] ] ] } },
{ "type": "Feature", "properties": { "center_lat": 40.6425, "center_lon": -74.0475, "predicted_risk": 0.5966998623586296, "cell_id": "cell_8_10" }, "geometry": { "type": "Polygon", "coordinates": [ [ [ -74.05, 40.64 ], [ -74.045, 40.64 ], [ -74.045, 40.645 ], [ -74.05, 40.645 ], [ -74.05, 40.64 ] ] ] } },
{ "type": "Feature", "properties": { "center_lat": 40.6425, "center_lon": -74.0425, "predicted_risk": 0.43253198093539241, "cell_id": "cell_8_11" }, "geometry": { "type": "Polygon", "coordinates": [ [ [ -74.045, 40.64 ], [ -74.04, 40.64 ], [ -74.04, 40.645 ], [ -74.045, 40.645 ], [ -74.045, 40.64 ] ] ] } },
{ "type": "Feature", "properties": { "center_lat": 40.6425, "center_lon": -74.0375, "predicted_risk": 0.38920383987498575, "cell_id": "cell_8_12" }, "geometry": { "type": "Polygon", "coordinates": [ [ [ -74.04, 40.64 ], [ -74.035, 40.64 ], [ -74.035, 40.645 ], [ -74.04, 40.645 ], [ -74.04, 40.64 ] ] ] } },
{ "type": "Feature", "properties": { "center_lat": 40.6425, "center_lon": -74.0325, "predicted_risk": 0.10938290454697763, "cell_id": "cell_8_13" }, "geometry": { "type": "Polygon", "coordinates": [ [ [ -74.035, 40.64 ], [ -74.03, 40.64 ], [ -74.03, 40.645 ], [ -74.035, 40.645 ], [ -74.035, 40.64 ] ] ] } },
{ "type": "Feature", "properties": { "center_lat": 40.6425, "center_lon": -74.0275, "predicted_risk": 0.088105008835821119, "cell_id": "cell_8_14" }, "geometry": { "type": "Polygon", "coordinates": [ [ [ -74.03, 40.64 ], [ -74.025, 40.64 ], [ -74.025, 40.645 ], [ -74.03, 40.645 ], [ -74.03, 40.64 ] ] ] } },
{ "type": "Feature", "properties": { "center_lat": 40.6425, "center_lon": -74.0225, "predicted_risk": 0.2844419884830553, "cell_id": "cell_8_15" }, "geometry": { "type": "Polygon", "coordinates": [ [ [ -74.025, 40.64 ], [ -74.02, 40.64 ], [ -74.02, 40.645 ], [ -74.025, 40.645 ], [ -74.025, 40.64 ] ] ] } },
{ "type": "Feature", "properties": { "center_lat": 40.6425, "center_lon": -74.0175, "predicted_risk": 0.062560218574014156, "cell_id": "cell_8_16" }, "geometry": { "type": "Polygon", "coordinates": [ [ [ -74.02, 40.64 ], [ -74.015, 40.64 ], [ -74.015, 40.645 ], [ -74.02, 40.645 ], [ -74.02, 40.64 ] ] ] } },
{ "type": "Feature", "properties": { "center_lat": 40.6425, "center_lon": -74.0125, "predicted_risk": 0.12909515917035058, "cell_id": "cell_8_17" }, "geometry": { "type": "Polygon", "coordinates": [ [ [ -74.015, 40.64 ], [ -74.01, 40.64 ], [ -74.01, 40.645 ], [ -74.015, 40.645 ], [ -74.015, 40.64 ] ] ] } },
{ "type": "Feature", "properties": { "center_lat": 40.6425, "center_lon": -74.0075, "predicted_risk": 0.076586004867071247, "cell_id": "cell_8_18" }, "geometry": { "type": "Polygon", "coordinates": [ [ [ -74.01, 40.64 ], [ -74.005, 40.64 ], [ -74.005, 40.645 ], [ -74.01, 40.645 ], [ -74.01, 40.64 ] ] ] } },
{ "type": "Feature", "properties": { "center_lat": 40.6425, "center_lon": -74.0025, "predicted_risk": 0.095728068055977181, "cell_id": "cell_8_19" }, "geometry": { "type": "Polygon", "coordinates": [ [ [ -74.005, 40.64 ], [ -74.0, 40.64 ], [ -74.0, 40.645 ], [ -74.005, 40.645 ], [ -74.005, 40.64 ] ] ] } },
{ "type": "Feature", "properties": { "center_lat": 40.6425, "center_lon": -73.9975, "predicted_risk": 0.23457424896080933, "cell_id": "cell_8_20" }, "geometry": { "type": "Polygon", "coordinates": [ [ [ -74.0, 40.64 ], [ -73.995, 40.64 ], [ -73.995, 40.645 ], [ -74.0, 40.645 ], [ -74.0, 40.64 ] ] ] } },
{ "type": "Feature", "properties": { "center_lat": 40.6425, "center_lon": -73.9925, "predicted_risk": 0.40795429568805563, "cell_id": "cell_8_21" }, "geometry": { "type": "Polygon", "coordinates": [ [ [ -73.995, 40.64 ], [ -73.99, 40.64 ], [ -73.99, 40.645 ], [ -73.995, 40.645 ], [ -73.995, 40.64 ] ] ] } },
{ "type": "Feature", "properties": { "center_lat": 40.6425, "center_lon": -73.9875, "predicted_risk": 0.44172946723322365, "cell_id": "cell_8_22" }, "geometry": { "type": "Polygon", "coordinates": [ [ [ -73.99, 40.64 ], [ -73.985, 40.64 ], [ -73.985, 40.645 ], [ -73.99, 40.645 ], [ -73.99, 40.64 ] ] ] } },
{ "type": "Feature", "properties": { "center_lat": 40.6425, "center_lon": -73.9825, "predicted_risk": 0.29661169875486221, "cell_id": "cell_8_23" }, "geometry": { "type": "Polygon", "coordinates": [ [ [ -73.985, 40.64 ], [ -73.980000000000103, 40.64 ], [ -73.980000000000103, 40.645 ], [ -73.985, 40.645 ], [ -73.985, 40.64 ] ] ] } },
{ "type": "Feature", "properties": { "center_lat": 40.6425, "center_lon": -73.9775, "predicted_risk": 0.41673798499295517, "cell_id": "cell_8_24" }, "geometry": { "type": "Polygon", "coordinates": [ [ [ -73.980000000000103, 40.64 ], [ -73.975000000000108, 40.64 ], [ -73.975000000000108, 40.645 ], [ -73.980000000000103, 40.645 ], [ -73.980000000000103, 40.64 ] ] ] } },
{ "type": "Feature", "properties": { "center_lat": 40.6425, "center_lon": -73.9725, "predicted_risk": 0.48545349022432194, "cell_id": "cell_8_25" }, "geometry": { "type": "Polygon", "coordinates": [ [ [ -73.975000000000108, 40.64 ], [ -73.970000000000113, 40.64 ], [ -73.970000000000113, 40.645 ], [ -73.975000000000108, 40.645 ], [ -73.975000000000108, 40.64 ] ] ] } },
{ "type": "Feature", "properties": { "center_lat": 40.6425, "center_lon": -73.9675, "predicted_risk": 0.39981864031726372, "cell_id": "cell_8_26" }, "geometry": { "type": "Polygon", "coordinates": [ [ [ -73.970000000000113, 40.64 ], [ -73.965000000000117, 40.64 ], [ -73.965000000000117, 40.645 ], [ -73.970000000000113, 40.645 ], [ -73.970000000000113, 40.64 ] ] ] } },
{ "type": "Feature", "properties": { "center_lat": 40.6425, "center_lon": -73.9625, "predicted_risk": 0.079928123703210716, "cell_id": "cell_8_27" }, "geometry": { "type": "Polygon", "coordinates": [ [ [ -73.965000000000117, 40.64 ], [ -73.960000000000122, 40.64 ], [ -73.960000000000122, 40.645 ], [ -73.965000000000117, 40.645 ], [ -73.965000000000117, 40.64 ] ] ] } },
{ "type": "Feature", "properties": { "center_lat": 40.6425, "center_lon": -73.9575, "predicted_risk": 0.13237391596512568, "cell_id": "cell_8_28" }, "geometry": { "type": "Polygon", "coordinates": [ [ [ -73.960000000000122, 40.64 ], [ -73.955000000000126, 40.64 ], [ -73.955000000000126, 40.645 ], [ -73.960000000000122, 40.645 ], [ -73.960000000000122, 40.64 ] ] ] } },
{ "type": "Feature", "properties": { "center_lat": 40.6425, "center_lon": -73.9525, "predicted_risk": 0.12419095905129288, "cell_id": "cell_8_29" }, "geometry": { "type": "Polygon", "coordinates": [ [ [ -73.955000000000126, 40.64 ], [ -73.950000000000131, 40.64 ], [ -73.950000000000131, 40.645 ], [ -73.955000000000126, 40.645 ], [ -73.955000000000126, 40.64 ] ] ] } },
{ "type": "Feature", "properties": { "center_lat": 40.6425, "center_lon": -73.9475, "predicted_risk": 0.20596627486207622, "cell_id": "cell_8_30" }, "geometry": { "type": "Polygon", "coordinates": [ [ [ -73.950000000000131, 40.64 ], [ -73.945000000000135, 40.64 ], [ -73.945000000000135, 40.645 ], [ -73.950000000000131, 40.645 ], [ -73.950000000000131, 40.64 ] ] ] } },
{ "type": "Feature", "properties": { "center_lat": 40.6425, "center_lon": -73.9425, "predicted_risk": 0.33704276336304345, "cell_id": "cell_8_31" }, "geometry": { "type": "Polygon", "coordinates": [ [ [ -73.945000000000135, 40.64 ], [ -73.94000000000014, 40.64 ], [ -73.94000000000014, 40.645 ], [ -73.945000000000135, 40.645 ], [ -73.945000000000135, 40.64 ] ] ] } },
{ "type": "Feature", "properties": { "center_lat": 40.6425, "center_lon": -73.9375, "predicted_risk": 0.2101811276881268, "cell_id": "cell_8_32" }, "geometry": { "type": "Polygon", "coordinates": [ [ [ -73.94000000000014, 40.64 ], [ -73.935000000000144, 40.64 ], [ -73.935000000000144, 40.645 ], [ -73.94000000000014, 40.645 ], [ -73.94000000000014, 40.64 ] ] ] } },
{ "type": "Feature", "properties": { "center_lat": 40.6425, "center_lon": -73.9325, "predicted_risk": 0.3781354937567426, "cell_id": "cell_8_33" }, "geometry": { "type": "Polygon", "coordinates": [ [ [ -73.935000000000144, 40.64 ], [ -73.930000000000149, 40.64 ], [ -73.930000000000149, 40.645 ], [ -73.935000000000144, 40.645 ], [ -73.935000000000144, 40.64 ] ] ] } },
{ "type": "Feature", "properties": { "center_lat": 40.6425, "center_lon": -73.9275, "predicted_risk": 0.42598222795945068, "cell_id": "cell_8_34" }, "geometry": { "type": "Polygon", "coordinates": [ [ [ -73.930000000000149, 40.64 ], [ -73.925000000000153, 40.64 ], [ -73.925000000000153, 40.645 ], [ -73.930000000000149, 40.645 ], [ -73.930000000000149, 40.64 ] ] ] } },
{ "type": "Feature", "properties": { "center_lat": 40.6425, "center_lon": -73.9225, "predicted_risk": 0.5961297931926256, "cell_id": "cell_8_35" }, "geometry": { "type": "Polygon", "coordinates": [ [ [ -73.925000000000153, 40.64 ], [ -73.920000000000158, 40.64 ], [ -73.920000000000158, 40.645 ], [ -73.925000000000153, 40.645 ], [ -73.925000000000153, 40.64 ] ] ] } },
{ "type": "Feature", "properties": { "center_lat": 40.6425, "center_lon": -73.9175, "predicted_risk": 0.43631112752060103, "cell_id": "cell_8_36" }, "geometry": { "type": "Polygon", "coordinates": [ [ [ -73.920000000000158, 40.64 ], [ -73.915000000000163, 40.64 ], [ -73.915000000000163, 40.645 ], [ -73.920000000000158, 40.645 ], [ -73.920000000000158, 40.64 ] ] ] } },
{ "type": "Feature", "properties": { "center_lat": 40.6425, "center_lon": -73.9125, "predicted_risk": 0.52835255737788367, "cell_id": "cell_8_37" }, "geometry": { "type": "Polygon", "coordinates": [ [ [ -73.915000000000163, 40.64 ], [ -73.910000000000167, 40.64 ], [ -73.910000000000167, 40.645 ], [ -73.915000000000163, 40.645 ], [ -73.915000000000163, 40.64 ] ] ] } },
{ "type": "Feature", "properties": { "center_lat": 40.6425, "center_lon": -73.9075, "predicted_risk": 0.33676204759329637, "cell_id": "cell_8_38" }, "geometry": { "type": "Polygon", "coordinates": [ [ [ -73.910000000000167, 40.64 ], [ -73.905000000000172, 40.64 ], [ -73.905000000000172, 40.645 ], [ -73.910000000000167, 40.645 ], [ -73.910000000000167, 40.64 ] ] ] } },
{ "type": "Feature", "properties": { "center_lat": 40.6475, "center_lon": -74.0975, "predicted_risk": 0.45105702768485684, "cell_id": "cell_9_0" }, "geometry": { "type": "Polygon", "coordinates": [ [ [ -74.1, 40.645 ], [ -74.095, 40.645 ], [ -74.095, 40.65 ], [ -74.1, 40.65 ], [ -74.1, 40.645 ] ] ] } },
{ "type": "Feature", "properties": { "center_lat": 40.6475, "center_lon": -74.0925, "predicted_risk": 0.40371401428934284, "cell_id": "cell_9_1" }, "geometry": { "type": "Polygon", "coordinates": [ [ [ -74.095, 40.645 ], [ -74.09, 40.645 ], [ -74.09, 40.65 ], [ -74.095, 40.65 ], [ -74.095, 40.645 ] ] ] } },
{ "type": "Feature", "properties": { "center_lat": 40.6475, "center_lon": -74.0875, "predicted_risk": 0.18047299094619956, "cell_id": "cell_9_2" }, "geometry": { "type": "Polygon", "coordinates": [ [ [ -74.09, 40.645 ], [ -74.085, 40.645 ], [ -74.085, 40.65 ], [ -74.09, 40.65 ], [ -74.09, 40.645 ] ] ] } },
{ "type": "Feature", "properties": { "center_lat": 40.6475, "center_lon": -74.0825, "predicted_risk": 0.33322403641192028, "cell_id": "cell_9_3" }, "geometry": { "type": "Polygon", "coordinates": [ [ [ -74.085, 40.645 ], [ -74.08, 40.645 ], [ -74.08, 40.65 ], [ -74.085, 40.65 ], [ -74.085, 40.645 ] ] ] } },
{ "type": "Feature", "properties": { "center_lat": 40.6475, "center_lon": -74.0775, "predicted_risk": 0.16366773846912541, "cell_id": "cell_9_4" }, "geometry": { "type": "Polygon", "coordinates": [ [ [ -74.08, 40.645 ], [ -74.075, 40.645 ], [ -74.075, 40.65 ], [ -74.08, 40.65 ], [ -74.08, 40.645 ] ] ] } },
{ "type": "Feature", "properties": { "center_lat": 40.6475, "center_lon": -74.0725, "predicted_risk": 0.086180507050303806, "cell_id": "cell_9_5" }, "geometry": { "type": "Polygon", "coordinates": [ [ [ -74.075, 40.645 ], [ -74.07, 40.645 ], [ -74.07, 40.65 ], [ -74.075, 40.65 ], [ -74.075, 40.645 ] ] ] } },
{ "type": "Feature", "properties": { "center_lat": 40.6475, "center_lon": -74.0675, "predicted_risk": 0.095281714018604829, "cell_id": "cell_9_6" }, "geometry": { "type": "Polygon", "coordinates": [ [ [ -74.07, 40.645 ], [ -74.065, 40.645 ], [ -74.065, 40.65 ], [ -74.07, 40.65 ], [ -74.07, 40.645 ] ] ] } },
{ "type": "Feature", "properties": { "center_lat": 40.6475, "center_lon": -74.0625, "predicted_risk": 0.2138183945159367, "cell_id": "cell_9_7" }, "geometry": { "type": "Polygon", "coordinates": [ [ [ -74.065, 40.645 ], [ -74.06, 40.645 ], [ -74.06, 40.65 ], [ -74.065, 40.65 ], [ -74.065, 40.645 ] ] ] } },
{ "type": "Feature", "properties": { "center_lat": 40.6475, "center_lon": -74.0575, "predicted_risk": 0.23643228669742417, "cell_id": "cell_9_8" }, "geometry": { "type": "Polygon", "coordinates": [ [ [ -74.06, 40.645 ], [ -74.055, 40.645 ], [ -74.055, 40.65 ], [ -74.06, 40.65 ], [ -74.06, 40.645 ] ] ] } },
{ "type": "Feature", "properties": { "center_lat": 40.6475, "center_lon": -74.0525, "predicted_risk": 0.12643421754433129, "cell_id": "cell_9_9" }, "geometry": { "type": "Polygon", "coordinates": [ [ [ -74.055, 40.645 ], [ -74.05, 40.645 ], [ -74.05, 40.65 ], [ -74.055, 40.65 ], [ -74.055, 40.645 ] ] ] } },
{ "type": "Feature", "properties": { "center_lat": 40.6475, "center_lon": -74.0475, "predicted_risk": 0.25910269733271751, "cell_id": "cell_9_10" }, "geometry": { "type": "Polygon", "coordinates": [ [ [ -74.05, 40.645 ], [ -74.045, 40.645 ], [ -74.045, 40.65 ], [ -74.05, 40.65 ], [ -74.05, 40.645 ] ] ] } },
{ "type": "Feature", "properties": { "center_lat": 40.6475, "center_lon": -74.0425, "predicted_risk": 0.12680435430238485, "cell_id": "cell_9_11" }, "geometry": { "type": "Polygon", "coordinates": [ [ [ -74.045, 40.645 ], [ -74.04, 40.645 ], [ -74.04, 40.65 ], [ -74.045, 40.65 ], [ -74.045, 40.645 ] ] ] } },
{ "type": "Feature", "properties": { "center_lat": 40.6475, "center_lon": -74.0375, "predicted_risk": 0.47546317790998177, "cell_id": "cell_9_12" }, "geometry": { "type": "Polygon", "coordinates": [ [ [ -74.04, 40.645 ], [ -74.035, 40.645 ], [ -74.035, 40.65 ], [ -74.04, 40.65 ], [ -74.04, 40.645 ] ] ] } },
{ "type": "Feature", "properties": { "center_lat": 40.6475, "center_lon": -74.0325, "predicted_risk": 0.43071722201499302, "cell_id": "cell_9_13" }, "geometry": { "type": "Polygon", "coordinates": [ [ [ -74.035, 40.645 ], [ -74.03, 40.645 ], [ -74.03, 40.65 ], [ -74.035, 40.65 ], [ -74.035, 40.645 ] ] ] } },
{ "type": "Feature", "properties": { "center_lat": 40.6475, "center_lon": -74.0275, "predicted_risk": 0.38393492009755514, "cell_id": "cell_9_14" }, "geometry": { "type": "Polygon", "coordinates": [ [ [ -74.03, 40.645 ], [ -74.025, 40.645 ], [ -74.025, 40.65 ], [ -74.03, 40.65 ], [ -74.03, 40.645 ] ] ] } },
{ "type": "Feature", "properties": { "center_lat": 40.6475, "center_lon": -74.0225, "predicted_risk": 0.25992765844253202, "cell_id": "cell_9_15" }, "geometry": { "type": "Polygon", "coordinates": [ [ [ -74.025, 40.645 ], [ -74.02, 40.645 ], [ -74.02, 40.65 ], [ -74.025, 40.65 ], [ -74.025, 40.645 ] ] ] } },
{ "type": "Feature", "properties": { "center_lat": 40.6475, "center_lon": -74.0175, "predicted_risk": 0.081942819839143255, "cell_id": "cell_9_16" }, "geometry": { "type": "Polygon", "coordinates": [ [ [ -74.02, 40.645 ], [ -74.015, 40.645 ], [ -74.015, 40.65 ], [ -74.02, 40.65 ], [ -74.02, 40.645 ] ] ] } },
{ "type": "Feature", "properties": { "center_lat": 40.6475, "center_lon": -74.0125, "predicted_risk": 0.083035189640475834, "cell_id": "cell_9_17" }, "geometry": { "type": "Polygon", "coordinates": [ [ [ -74.015, 40.645 ], [ -74.01, 40.645 ], [ -74.01, 40.65 ], [ -74.015, 40.65 ], [ -74.015, 40.645 ] ] ] } },
{ "type": "Feature", "properties": { "center_lat": 40.6475, "center_lon": -74.0075, "predicted_risk": 0.089652211993077185, "cell_id": "cell_9_18" }, "geometry": { "type": "Polygon", "coordinates": [ [ [ -74.01, 40.645 ], [ -74.005, 40.645 ], [ -74.005, 40.65 ], [ -74.01, 40.65 ], [ -74.01, 40.645 ] ] ] } },
{ "type": "Feature", "properties": { "center_lat": 40.6475, "center_lon": -74.0025, "predicted_risk": 0.20034761809666346, "cell_id": "cell_9_19" }, "geometry": { "type": "Polygon", "coordinates": [ [ [ -74.005, 40.645 ], [ -74.0, 40.645 ], [ -74.0, 40.65 ], [ -74.005, 40.65 ], [ -74.005, 40.645 ] ] ] } },
{ "type": "Feature", "properties": { "center_lat": 40.6475, "center_lon": -73.9975, "predicted_risk": 0.22404785378711806, "cell_id": "cell_9_20" }, "geometry": { "type": "Polygon", "coordinates": [ [ [ -74.0, 40.645 ], [ -73.995, 40.645 ], [ -73.995, 40.65 ], [ -74.0, 40.65 ], [ -74.0, 40.645 ] ] ] } },
{ "type": "Feature", "properties": { "center_lat": 40.6475, "center_lon": -73.9925, "predicted_risk": 0.12230124339298148, "cell_id": "cell_9_21" }, "geometry": { "type": "Polygon", "coordinates": [ [ [ -73.995, 40.645 ], [ -73.99, 40.645 ], [ -73.99, 40.65 ], [ -73.995, 40.65 ], [ -73.995, 40.645 ] ] ] } },
{ "type": "Feature", "properties": { "center_lat": 40.6475, "center_lon": -73.9875, "predicted_risk": 0.12848951303356926, "cell_id": "cell_9_22" }, "geometry": { "type": "Polygon", "coordinates": [ [ [ -73.99, 40.645 ], [ -73.985, 40.645 ], [ -73.985, 40.65 ], [ -73.99, 40.65 ], [ -73.99, 40.645 ] ] ] } },
{ "type": "Feature", "properties": { "center_lat": 40.6475, "center_lon": -73.9825, "predicted_risk": 0.12907363158387969, "cell_id": "cell_9_23" }, "geometry": { "type": "Polygon", "coordinates": [ [ [ -73.985, 40.645 ], [ -73.980000000000103, 40.645 ], [ -73.980000000000103, 40.65 ], [ -73.985, 40.65 ], [ -73.985, 40.645 ] ] ] } },
{ "type": "Feature", "properties": { "center_lat": 40.6475, "center_lon": -73.9775, "predicted_risk": 0.24782117290189726, "cell_id": "cell_9_24" }, "geometry": { "type": "Polygon", "coordinates": [ [ [ -73.980000000000103, 40.645 ], [ -73.975000000000108, 40.645 ], [ -73.975000000000108, 40.65 ], [ -73.980000000000103, 40.65 ], [ -73.980000000000103, 40.645 ] ] ] } },
{ "type": "Feature", "properties": { "center_lat": 40.6475, "center_lon": -73.9725, "predicted_risk": 0.11426447115079325, "cell_id": "cell_9_25" }, "geometry": { "type": "Polygon", "coordinates": [ [ [ -73.975000000000108, 40.645 ], [ -73.970000000000113, 40.645 ], [ -73.970000000000113, 40.65 ], [ -73.975000000000108, 40.65 ], [ -73.975000000000108, 40.645 ] ] ] } },
{ "type": "Feature", "properties": { "center_lat": 40.6475, "center_lon": -73.9675, "predicted_risk": 0.10249699112894971, "cell_id": "cell_9_26" }, "geometry": { "type": "Polygon", "coordinates": [ [ [ -73.970000000000113, 40.645 ], [ -73.965000000000117, 40.645 ], [ -73.965000000000117, 40.65 ], [ -73.970000000000113, 40.65 ], [ -73.970000000000113, 40.645 ] ] ] } },
{ "type": "Feature", "properties": { "center_lat": 40.6475, "center_lon": -73.9625, "predicted_risk": 0.18297847179987339, "cell_id": "cell_9_27" }, "geometry": { "type": "Polygon", "coordinates": [ [ [ -73.965000000000117, 40.645 ], [ -73.960000000000122, 40.645 ], [ -73.960000000000122, 40.65 ], [ -73.965000000000117, 40.65 ], [ -73.965000000000117, 40.645 ] ] ] } },
{ "type": "Feature", "properties": { "center_lat": 40.6475, "center_lon": -73.9575, "predicted_risk": 0.33574515141092443, "cell_id": "cell_9_28" }, "geometry": { "type": "Polygon", "coordinates": [ [ [ -73.960000000000122, 40.645 ], [ -73.955000000000126, 40.645 ], [ -73.955000000000126, 40.65 ], [ -73.960000000000122, 40.65 ], [ -73.960000000000122, 40.645 ] ] ] } },
{ "type": "Feature", "properties": { "center_lat": 40.6475, "center_lon": -73.9525, "predicted_risk": 0.081687372087534044, "cell_id": "cell_9_29" }, "geometry": { "type": "Polygon", "coordinates": [ [ [ -73.955000000000126, 40.645 ], [ -73.950000000000131, 40.645 ], [ -73.950000000000131, 40.65 ], [ -73.955000000000126, 40.65 ], [ -73.955000000000126, 40.645 ] ] ] } },
{ "type": "Feature", "properties": { "center_lat": 40.6475, "center_lon": -73.9475, "predicted_risk": 0.25587930485205335, "cell_id": "cell_9_30" }, "geometry": { "type": "Polygon", "coordinates": [ [ [ -73.950000000000131, 40.645 ], [ -73.945000000000135, 40.645 ], [ -73.945000000000135, 40.65 ], [ -73.950000000000131, 40.65 ], [ -73.950000000000131, 40.645 ] ] ] } },
{ "type": "Feature", "properties": { "center_lat": 40.6475, "center_lon": -73.9425, "predicted_risk": 0.093870668099082316, "cell_id": "cell_9_31" }, "geometry": { "type": "Polygon", "coordinates": [ [ [ -73.945000000000135, 40.645 ], [ -73.94000000000014, 40.645 ], [ -73.94000000000014, 40.65 ], [ -73.945000000000135, 40.65 ], [ -73.945000000000135, 40.645 ] ] ] } },
{ "type": "Feature", "properties": { "center_lat": 40.6475, "center_lon": -73.9375, "predicted_risk": 0.2106399682097749, "cell_id": "cell_9_32" }, "geometry": { "type": "Polygon", "coordinates": [ [ [ -73.94000000000014, 40.645 ], [ -73.935000000000144, 40.645 ], [ -73.935000000000144, 40.65 ], [ -73.94000000000014, 40.65 ], [ -73.94000000000014, 40.645 ] ] ] } },
{ "type": "Feature", "properties": { "center_lat": 40.6475, "center_lon": -73.9325, "predicted_risk": 0.11683785776773088, "cell_id": "cell_9_33" }, "geometry": { "type": "Polygon", "coordinates": [ [ [ -73.935000000000144, 40.645 ], [ -73.930000000000149, 40.645 ], [ -73.930000000000149, 40.65 ], [ -73.935000000000144, 40.65 ], [ -73.935000000000144, 40.645 ] ] ] } },
{ "type": "Feature", "properties": { "center_lat": 40.6475, "center_lon": -73.9275, "predicted_risk": 0.50241724766012152, "cell_id": "cell_9_34" }, "geometry": { "type": "Polygon", "coordinates": [ [ [ -73.930000000000149, 40.645 ], [ -73.925000000000153, 40.645 ], [ -73.925000000000153, 40.65 ], [ -73.930000000000149, 40.65 ], [ -73.930000000000149, 40.645 ] ] ] } },
{ "type": "Feature", "properties": { "center_lat": 40.6475, "center_lon": -73.9225, "predicted_risk": 0.25894602566156255, "cell_id": "cell_9_35" }, "geometry": { "type": "Polygon", "coordinates": [ [ [ -73.925000000000153, 40.645 ], [ -73.920000000000158, 40.645 ], [ -73.920000000000158, 40.65 ], [ -73.925000000000153, 40.65 ], [ -73.925000000000153, 40.645 ] ] ] } },
{ "type": "Feature", "properties": { "center_lat": 40.6475, "center_lon": -73.9175, "predicted_risk": 0.25499353521027202, "cell_id": "cell_9_36" }, "geometry": { "type": "Polygon", "coordinates": [ [ [ -73.920000000000158, 40.645 ], [ -73.915000000000163, 40.645 ], [ -73.915000000000163, 40.65 ], [ -73.920000000000158, 40.65 ], [ -73.920000000000158, 40.645 ] ] ] } },
{ "type": "Feature", "properties": { "center_lat": 40.6475, "center_lon": -73.9125, "predicted_risk": 0.48063771997314908, "cell_id": "cell_9_37" }, "geometry": { "type": "Polygon", "coordinates": [ [ [ -73.915000000000163, 40.645 ], [ -73.910000000000167, 40.645 ], [ -73.910000000000167, 40.65 ], [ -73.915000000000163, 40.65 ], [ -73.915000000000163, 40.645 ] ] ] } },
{ "type": "Feature", "properties": { "center_lat": 40.6475, "center_lon": -73.9075, "predicted_risk": 0.43702974456492277, "cell_id": "cell_9_38" }, "geometry": { "type": "Polygon", "coordinates": [ [ [ -73.910000000000167, 40.645 ], [ -73.905000000000172, 40.645 ], [ -73.905000000000172, 40.65 ], [ -73.910000000000167, 40.65 ], [ -73.910000000000167, 40.645 ] ] ] } },
{ "type": "Feature", "properties": { "center_lat": 40.6525, "center_lon": -74.0975, "predicted_risk": 0.10514043842539209, "cell_id": "cell_10_0" }, "geometry": { "type": "Polygon", "coordinates": [ [ [ -74.1, 40.65 ], [ -74.095, 40.65 ], [ -74.095, 40.655 ], [ -74.1, 40.655 ], [ -74.1, 40.65 ] ] ] } },
{ "type": "Feature", "properties": { "center_lat": 40.6525, "center_lon": -74.0925, "predicted_risk": 0.31769897959174903, "cell_id": "cell_10_1" }, "geometry": { "type": "Polygon", "coordinates": [ [ [ -74.095, 40.65 ], [ -74.09, 40.65 ], [ -74.09, 40.655 ], [ -74.095, 40.655 ], [ -74.095, 40.65 ] ] ] } },
{ "type": "Feature", "properties": { "center_lat": 40.6525, "center_lon": -74.0875, "predicted_risk": 0.2131710282334994, "cell_id": "cell_10_2" }, "geometry": { "type": "Polygon", "coordinates": [ [ [ -74.09, 40.65 ], [ -74.085, 40.65 ], [ -74.085, 40.655 ], [ -74.09, 40.655 ], [ -74.09, 40.65 ] ] ] } },
{ "type": "Feature", "properties": { "center_lat": 40.6525, "center_lon": -74.0825, "predicted_risk": 0.21406016028559535, "cell_id": "cell_10_3" }, "geometry": { "type": "Polygon", "coordinates": [ [ [ -74.085, 40.65 ], [ -74.08, 40.65 ], [ -74.08, 40.655 ], [ -74.085, 40.655 ], [ -74.085, 40.65 ] ] ] } },
{ "type": "Feature", "properties": { "center_lat": 40.6525, "center_lon": -74.0775, "predicted_risk": 0.32137353802230106, "cell_id": "cell_10_4" }, "geometry": { "type": "Polygon", "coordinates": [ [ [ -74.08, 40.65 ], [ -74.075, 40.65 ], [ -74.075, 40.655 ], [ -74.08, 40.655 ], [ -74.08, 40.65 ] ] ] } },
{ "type": "Feature", "properties": { "center_lat": 40.6525, "center_lon": -74.0725, "predicted_risk": 0.10684569133354552, "cell_id": "cell_10_5" }, "geometry": { "type": "Polygon", "coordinates": [ [ [ -74.075, 40.65 ], [ -74.07, 40.65 ], [ -74.07, 40.655 ], [ -74.075, 40.655 ], [ -74.075, 40.65 ] ] ] } },
{ "type": "Feature", "properties": { "center_lat": 40.6525, "center_lon": -74.0675, "predicted_risk": 0.3187856439286077, "cell_id": "cell_10_6" }, "geometry": { "type": "Polygon", "coordinates": [ [ [ -74.07, 40.65 ], [ -74.065, 40.65 ], [ -74.065, 40.655 ], [ -74.07, 40.655 ], [ -74.07, 40.65 ] ] ] } },
{ "type": "Feature", "properties": { "center_lat": 40.6525, "center_lon": -74.0625, "predicted_risk": 0.42206407862813367, "cell_id": "cell_10_7" }, "geometry": { "type": "Polygon", "coordinates": [ [ [ -74.065, 40.65 ], [ -74.06, 40.65 ], [ -74.06, 40.655 ], [ -74.065, 40.655 ], [ -74.065, 40.65 ] ] ] } },
{ "type": "Feature", "properties": { "center_lat": 40.6525, "center_lon": -74.0575, "predicted_risk": 0.1047907193214072, "cell_id": "cell_10_8" }, "geometry": { "type": "Polygon", "coordinates": [ [ [ -74.06, 40.65 ], [ -74.055, 40.65 ], [ -74.055, 40.655 ], [ -74.06, 40.655 ], [ -74.06, 40.65 ] ] ] } },
{ "type": "Feature", "properties": { "center_lat": 40.6525, "center_lon": -74.0525, "predicted_risk": 0.20852711824109901, "cell_id": "cell_10_9" }, "geometry": { "type": "Polygon", "coordinates": [ [ [ -74.055, 40.65 ], [ -74.05, 40.65 ], [ -74.05, 40.655 ], [ -74.055, 40.655 ], [ -74.055, 40.65 ] ] ] } },
{ "type": "Feature", "properties": { "center_lat": 40.6525, "center_lon": -74.0475, "predicted_risk": 0.10406360625698642, "cell_id": "cell_10_10" }, "geometry": { "type": "Polygon", "coordinates": [ [ [ -74.05, 40.65 ], [ -74.045, 40.65 ], [ -74.045, 40.655 ], [ -74.05, 40.655 ], [ -74.05, 40.65 ] ] ] } },
{ "type": "Feature", "properties": { "center_lat": 40.6525, "center_lon": -74.0425, "predicted_risk": 0.31271944849595235, "cell_id": "cell_10_11" }, "geometry": { "type": "Polygon", "coordinates": [ [ [ -74.045, 40.65 ], [ -74.04, 40.65 ], [ -74.04, 40.655 ], [ -74.045, 40.655 ], [ -74.045, 40.65 ] ] ] } },
{ "type": "Feature", "properties": { "center_lat": 40.6525, "center_lon": -74.0375, "predicted_risk": 0.10474904651444722, "cell_id": "cell_10_12" }, "geometry": { "type": "Polygon", "coordinates": [ [ [ -74.04, 40.65 ], [ -74.035, 40.65 ], [ -74.035, 40.655 ], [ -74.04, 40.655 ], [ -74.04, 40.65 ] ] ] } },
{ "type": "Feature", "properties": { "center_lat": 40.6525, "center_lon": -74.0325, "predicted_risk": 0.10546661995488132, "cell_id": "cell_10_13" }, "geometry": { "type": "Polygon", "coordinates": [ [ [ -74.035, 40.65 ], [ -74.03, 40.65 ], [ -74.03, 40.655 ], [ -74.035, 40.655 ], [ -74.035, 40.65 ] ] ] } },
{ "type": "Feature", "properties": { "center_lat": 40.6525, "center_lon": -74.0275, "predicted_risk": 0.42486739792860351, "cell_id": "cell_10_14" }, "geometry": { "type": "Polygon", "coordinates": [ [ [ -74.03, 40.65 ], [ -74.025, 40.65 ], [ -74.025, 40.655 ], [ -74.03, 40.655 ], [ -74.03, 40.65 ] ] ] } },
{ "type": "Feature", "properties": { "center_lat": 40.6525, "center_lon": -74.0225, "predicted_risk": 0.42726421097125411, "cell_id": "cell_10_15" }, "geometry": { "type": "Polygon", "coordinates": [ [ [ -74.025, 40.65 ], [ -74.02, 40.65 ], [ -74.02, 40.655 ], [ -74.025, 40.655 ], [ -74.025, 40.65 ] ] ] } },
{ "type": "Feature", "properties": { "center_lat": 40.6525, "center_lon": -74.0175, "predicted_risk": 0.21423504776142624, "cell_id": "cell_10_16" }, "geometry": { "type": "Polygon", "coordinates": [ [ [ -74.02, 40.65 ], [ -74.015, 40.65 ], [ -74.015, 40.655 ], [ -74.02, 40.655 ], [ -74.02, 40.65 ] ] ] } },
{ "type": "Feature", "properties": { "center_lat": 40.6525, "center_lon": -74.0125, "predicted_risk": 0.32114235674135816, "cell_id": "cell_10_17" }, "geometry": { "type": "Polygon", "coordinates": [ [ [ -74.015, 40.65 ], [ -74.01, 40.65 ], [ -74.01, 40.655 ], [ -74.015, 40.655 ], [ -74.015, 40.65 ] ] ] } },
{ "type": "Feature", "properties": { "center_lat": 40.6525, "center_lon": -74.0075, "predicted_risk": 0.10662299382176997, "cell_id": "cell_10_18" }, "geometry": { "type": "Polygon", "coordinates": [ [ [ -74.01, 40.65 ], [ -74.005, 40.65 ], [ -74.005, 40.655 ], [ -74.01, 40.655 ], [ -74.01, 40.65 ] ] ] } },
{ "type": "Feature", "properties": { "center_lat": 40.6525, "center_lon": -74.0025, "predicted_risk": 0.31784421249208189, "cell_id": "cell_10_19" }, "geometry": { "type": "Polygon", "coordinates": [ [ [ -74.005, 40.65 ], [ -74.0, 40.65 ], [ -74.0, 40.655 ], [ -74.005, 40.655 ], [ -74.005, 40.65 ] ] ] } },
{ "type": "Feature", "properties": { "center_lat": 40.6525, "center_lon": -73.9975, "predicted_risk": 0.21037585592174166, "cell_id": "cell_10_20" }, "geometry": { "type": "Polygon", "coordinates": [ [ [ -74.0, 40.65 ], [ -73.995, 40.65 ], [ -73.995, 40.655 ], [ -74.0, 40.655 ], [ -74.0, 40.65 ] ] ] } },
{ "type": "Feature", "properties": { "center_lat": 40.6525, "center_lon": -73.9925, "predicted_risk": 0.31358602409321973, "cell_id": "cell_10_21" }, "geometry": { "type": "Polygon", "coordinates": [ [ [ -73.995, 40.65 ], [ -73.99, 40.65 ], [ -73.99, 40.655 ], [ -73.995, 40.655 ], [ -73.995, 40.65 ] ] ] } },
{ "type": "Feature", "properties": { "center_lat": 40.6525, "center_lon": -73.9875, "predicted_risk": 0.41652687692951534, "cell_id": "cell_10_22" }, "geometry": { "type": "Polygon", "coordinates": [ [ [ -73.99, 40.65 ], [ -73.985, 40.65 ], [ -73.985, 40.655 ], [ -73.99, 40.655 ], [ -73.99, 40.65 ] ] ] } },
{ "type": "Feature", "properties": { "center_lat": 40.6525, "center_lon": -73.9825, "predicted_risk": 0.2081885002140248, "cell_id": "cell_10_23" }, "geometry": { "type": "Polygon", "coordinates": [ [ [ -73.985, 40.65 ], [ -73.980000000000103, 40.65 ], [ -73.980000000000103, 40.655 ], [ -73.985, 40.655 ], [ -73.985, 40.65 ] ] ] } },
{ "type": "Feature", "properties": { "center_lat": 40.6525, "center_lon": -73.9775, "predicted_risk": 0.10442544107031183, "cell_id": "cell_10_24" }, "geometry": { "type": "Polygon", "coordinates": [ [ [ -73.980000000000103, 40.65 ], [ -73.975000000000108, 40.65 ], [ -73.975000000000108, 40.655 ], [ -73.980000000000103, 40.655 ], [ -73.980000000000103, 40.65 ] ] ] } },
{ "type": "Feature", "properties": { "center_lat": 40.6525, "center_lon": -73.9725, "predicted_risk": 0.42017682009509588, "cell_id": "cell_10_25" }, "geometry": { "type": "Polygon", "coordinates": [ [ [ -73.975000000000108, 40.65 ], [ -73.970000000000113, 40.65 ], [ -73.970000000000113, 40.655 ], [ -73.975000000000108, 40.655 ], [ -73.975000000000108, 40.65 ] ] ] } },
{ "type": "Feature", "properties": { "center_lat": 40.6525, "center_lon": -73.9675, "predicted_risk": 0.31739714091432691, "cell_id": "cell_10_26" }, "geometry": { "type": "Polygon", "coordinates": [ [ [ -73.970000000000113, 40.65 ], [ -73.965000000000117, 40.65 ], [ -73.965000000000117, 40.655 ], [ -73.970000000000113, 40.655 ], [ -73.970000000000113, 40.65 ] ] ] } },
{ "type": "Feature", "properties": { "center_lat": 40.6525, "center_lon": -73.9625, "predicted_risk": 0.21301031055699413, "cell_id": "cell_10_27" }, "geometry": { "type": "Polygon", "coordinates": [ [ [ -73.965000000000117, 40.65 ], [ -73.960000000000122, 40.65 ], [ -73.960000000000122, 40.655 ], [ -73.965000000000117, 40.655 ], [ -73.965000000000117, 40.65 ] ] ] } },
{ "type": "Feature", "properties": { "center_lat": 40.6525, "center_lon": -73.9575, "predicted_risk": 0.21397930000996238, "cell_id": "cell_10_28" }, "geometry": { "type": "Polygon", "coordinates": [ [ [ -73.960000000000122, 40.65 ], [ -73.955000000000126, 40.65 ], [ -73.955000000000126, 40.655 ], [ -73.960000000000122, 40.655 ], [ -73.960000000000122, 40.65 ] ] ] } },
{ "type": "Feature", "properties": { "center_lat": 40.6525, "center_lon": -73.9525, "predicted_risk": 0.4285356397780351, "cell_id": "cell_10_29" }, "geometry": { "type": "Polygon", "coordinates": [ [ [ -73.955000000000126, 40.65 ], [ -73.950000000000131, 40.65 ], [ -73.950000000000131, 40.655 ], [ -73.955000000000126, 40.655 ], [ -73.955000000000126, 40.65 ] ] ] } },
{ "type": "Feature", "properties": { "center_lat": 40.6525, "center_lon": -73.9475, "predicted_risk": 0.32070784569792554, "cell_id": "cell_10_30" }, "geometry": { "type": "Polygon", "coordinates": [ [ [ -73.950000000000131, 40.65 ], [ -73.945000000000135, 40.65 ], [ -73.945000000000135, 40.655 ], [ -73.950000000000131, 40.655 ], [ -73.950000000000131, 40.65 ] ] ] } },
{ "type": "Feature", "properties": { "center_lat": 40.6525, "center_lon": -73.9425, "predicted_risk": 0.31905718464458888, "cell_id": "cell_10_31" }, "geometry": { "type": "Polygon", "coordinates": [ [ [ -73.945000000000135, 40.65 ], [ -73.94000000000014, 40.65 ], [ -73.94000000000014, 40.655 ], [ -73.945000000000135, 40.655 ], [ -73.945000000000135, 40.65 ] ] ] } },
{ "type": "Feature", "properties": { "center_lat": 40.6525, "center_lon": -73.9375, "predicted_risk": 0.10561796202273152, "cell_id": "cell_10_32" }, "geometry": { "type": "Polygon", "coordinates": [ [ [ -73.94000000000014, 40.65 ], [ -73.935000000000144, 40.65 ], [ -73.935000000000144, 40.655 ], [ -73.94000000000014, 40.655 ], [ -73.94000000000014, 40.65 ] ] ] } },
{ "type": "Feature", "properties": { "center_lat": 40.6525, "center_lon": -73.9325, "predicted_risk": 0.10487913143432007, "cell_id": "cell_10_33" }, "geometry": { "type": "Polygon", "coordinates": [ [ [ -73.935000000000144, 40.65 ], [ -73.930000000000149, 40.65 ], [ -73.930000000000149, 40.655 ], [ -73.935000000000144, 40.655 ], [ -73.935000000000144, 40.65 ] ] ] } },
{ "type": "Feature", "properties": { "center_lat": 40.6525, "center_lon": -73.9275, "predicted_risk": 0.31295038383587398, "cell_id": "cell_10_34" }, "geometry": { "type": "Polygon", "coordinates": [ [ [ -73.930000000000149, 40.65 ], [ -73.925000000000153, 40.65 ], [ -73.925000000000153, 40.655 ], [ -73.930000000000149, 40.655 ], [ -73.930000000000149, 40.65 ] ] ] } },
{ "type": "Feature", "properties": { "center_lat": 40.6525, "center_lon": -73.9225, "predicted_risk": 0.10406863122193982, "cell_id": "cell_10_35" }, "geometry": { "type": "Polygon", "coordinates": [ [ [ -73.925000000000153, 40.65 ], [ -73.920000000000158, 40.65 ], [ -73.920000000000158, 40.655 ], [ -73.925000000000153, 40.655 ], [ -73.925000000000153, 40.65 ] ] ] } },
{ "type": "Feature", "properties": { "center_lat": 40.6525, "center_lon": -73.9175, "predicted_risk": 0.20839080063428697, "cell_id": "cell_10_36" }, "geometry": { "type": "Polygon", "coordinates": [ [ [ -73.920000000000158, 40.65 ], [ -73.915000000000163, 40.65 ], [ -73.915000000000163, 40.655 ], [ -73.920000000000158, 40.655 ], [ -73.920000000000158, 40.65 ] ] ] } },
{ "type": "Feature", "properties": { "center_lat": 40.6525, "center_lon": -73.9125, "predicted_risk": 0.31399819320551048, "cell_id": "cell_10_37" }, "geometry": { "type": "Polygon", "coordinates": [ [ [ -73.915000000000163, 40.65 ], [ -73.910000000000167, 40.65 ], [ -73.910000000000167, 40.655 ], [ -73.915000000000163, 40.655 ], [ -73.915000000000163, 40.65 ] ] ] } },
{ "type": "Feature", "properties": { "center_lat": 40.6525, "center_lon": -73.9075, "predicted_risk": 0.42146155397240725, "cell_id": "cell_10_38" }, "geometry": { "type": "Polygon", "coordinates": [ [ [ -73.910000000000167, 40.65 ], [ -73.905000000000172, 40.65 ], [ -73.905000000000172, 40.655 ], [ -73.910000000000167, 40.655 ], [ -73.910000000000167, 40.65 ] ] ] } },
{ "type": "Feature", "properties": { "center_lat": 40.6575, "center_lon": -74.0975, "predicted_risk": 0.19525827326164641, "cell_id": "cell_11_0" }, "geometry": { "type": "Polygon", "coordinates": [ [ [ -74.1, 40.655 ], [ -74.095, 40.655 ], [ -74.095, 40.66 ], [ -74.1, 40.66 ], [ -74.1, 40.655 ] ] ] } },
{ "type": "Feature", "properties": { "center_lat": 40.6575, "center_lon": -74.0925, "predicted_risk": 0.22159489793958953, "cell_id": "cell_11_1" }, "geometry": { "type": "Polygon", "coordinates": [ [ [ -74.095, 40.655 ], [ -74.09, 40.655 ], [ -74.09, 40.66 ], [ -74.095, 40.66 ], [ -74.095, 40.655 ] ] ] } },
{ "type": "Feature", "properties": { "center_lat": 40.6575, "center_lon": -74.0875, "predicted_risk": 0.24538648906714428, "cell_id": "cell_11_2" }, "geometry": { "type": "Polygon", "coordinates": [ [ [ -74.09, 40.655 ], [ -74.085, 40.655 ], [ -74.085, 40.66 ], [ -74.09, 40.66 ], [ -74.09, 40.655 ] ] ] } },
{ "type": "Feature", "properties": { "center_lat": 40.6575, "center_lon": -74.0825, "predicted_risk": 0.13040401768781068, "cell_id": "cell_11_3" }, "geometry": { "type": "Polygon", "coordinates": [ [ [ -74.085, 40.655 ], [ -74.08, 40.655 ], [ -74.08, 40.66 ], [ -74.085, 40.66 ], [ -74.085, 40.655 ] ] ] } },
{ "type": "Feature", "properties": { "center_lat": 40.6575, "center_lon": -74.0775, "predicted_risk": 0.26408380448343388, "cell_id": "cell_11_4" }, "geometry": { "type": "Polygon", "coordinates": [ [ [ -74.08, 40.655 ], [ -74.075, 40.655 ], [ -74.075, 40.66 ], [ -74.08, 40.66 ], [ -74.08, 40.655 ] ] ] } },
{ "type": "Feature", "properties": { "center_lat": 40.6575, "center_lon": -74.0725, "predicted_risk": 0.25441177386655939, "cell_id": "cell_11_5" }, "geometry": { "type": "Polygon", "coordinates": [ [ [ -74.075, 40.655 ], [ -74.07, 40.655 ], [ -74.07, 40.66 ], [ -74.075, 40.66 ], [ -74.075, 40.655 ] ] ] } },
{ "type": "Feature", "properties": { "center_lat": 40.6575, "center_lon": -74.0675, "predicted_risk": 0.11707999697194756, "cell_id": "cell_11_6" }, "geometry": { "type": "Polygon", "coordinates": [ [ [ -74.07, 40.655 ], [ -74.065, 40.655 ], [ -74.065, 40.66 ], [ -74.07, 40.66 ], [ -74.07, 40.655 ] ] ] } },
{ "type": "Feature", "properties": { "center_lat": 40.6575, "center_lon": -74.0625, "predicted_risk": 0.10414340337297703, "cell_id": "cell_11_7" }, "geometry": { "type": "Polygon", "coordinates": [ [ [ -74.065, 40.655 ], [ -74.06, 40.655 ], [ -74.06, 40.66 ], [ -74.065, 40.66 ], [ -74.065, 40.655 ] ] ] } },
{ "type": "Feature", "properties": { "center_lat": 40.6575, "center_lon": -74.0575, "predicted_risk": 0.27469030628671703, "cell_id": "cell_11_8" }, "geometry": { "type": "Polygon", "coordinates": [ [ [ -74.06, 40.655 ], [ -74.055, 40.655 ], [ -74.055, 40.66 ], [ -74.06, 40.66 ], [ -74.06, 40.655 ] ] ] } },
{ "type": "Feature", "properties": { "center_lat": 40.6575, "center_lon": -74.0525, "predicted_risk": 0.16484021606823515, "cell_id": "cell_11_9" }, "geometry": { "type": "Polygon", "coordinates": [ [ [ -74.055, 40.655 ], [ -74.05, 40.655 ], [ -74.05, 40.66 ], [ -74.055, 40.66 ], [ -74.055, 40.655 ] ] ] } },
{ "type": "Feature", "properties": { "center_lat": 40.6575, "center_lon": -74.0475, "predicted_risk": 0.15790405323914475, "cell_id": "cell_11_10" }, "geometry": { "type": "Polygon", "coordinates": [ [ [ -74.05, 40.655 ], [ -74.045, 40.655 ], [ -74.045, 40.66 ], [ -74.05, 40.66 ], [ -74.05, 40.655 ] ] ] } },
{ "type": "Feature", "properties": { "center_lat": 40.6575, "center_lon": -74.0425, "predicted_risk": 0.16401659693821238, "cell_id": "cell_11_11" }, "geometry": { "type": "Polygon", "coordinates": [ [ [ -74.045, 40.655 ], [ -74.04, 40.655 ], [ -74.04, 40.66 ], [ -74.045, 40.66 ], [ -74.045, 40.655 ] ] ] } },
{ "type": "Feature", "properties": { "center_lat": 40.6575, "center_lon": -74.0375, "predicted_risk": 0.18168128328547567, "cell_id": "cell_11_12" }, "geometry": { "type": "Polygon", "coordinates": [ [ [ -74.04, 40.655 ], [ -74.035, 40.655 ], [ -74.035, 40.66 ], [ -74.04, 40.66 ], [ -74.04, 40.655 ] ] ] } },
{ "type": "Feature", "properties": { "center_lat": 40.6575, "center_lon": -74.0325, "predicted_risk": 0.30985977147856991, "cell_id": "cell_11_13" }, "geometry": { "type": "Polygon", "coordinates": [ [ [ -74.035, 40.655 ], [ -74.03, 40.655 ], [ -74.03, 40.66 ], [ -74.035, 40.66 ], [ -74.035, 40.655 ] ] ] } },
{ "type": "Feature", "properties": { "center_lat": 40.6575, "center_lon": -74.0275, "predicted_risk": 0.23259788534655831, "cell_id": "cell_11_14" }, "geometry": { "type": "Polygon", "coordinates": [ [ [ -74.03, 40.655 ], [ -74.025, 40.655 ], [ -74.025, 40.66 ], [ -74.03, 40.66 ], [ -74.03, 40.655 ] ] ] } },
{ "type": "Feature", "properties": { "center_lat": 40.6575, "center_lon": -74.0225, "predicted_risk": 0.25338364109727318, "cell_id": "cell_11_15" }, "geometry": { "type": "Polygon", "coordinates": [ [ [ -74.025, 40.655 ], [ -74.02, 40.655 ], [ -74.02, 40.66 ], [ -74.025, 40.66 ], [ -74.025, 40.655 ] ] ] } },
{ "type": "Feature", "properties": { "center_lat": 40.6575, "center_lon": -74.0175, "predicted_risk": 0.52768274060290432, "cell_id": "cell_11_16" }, "geometry": { "type": "Polygon", "coordinates": [ [ [ -74.02, 40.655 ], [ -74.015, 40.655 ], [ -74.015, 40.66 ], [ -74.02, 40.66 ], [ -74.02, 40.655 ] ] ] } },
{ "type": "Feature", "properties": { "center_lat": 40.6575, "center_lon": -74.0125, "predicted_risk": 0.2614106561238928, "cell_id": "cell_11_17" }, "geometry": { "type": "Polygon", "coordinates": [ [ [ -74.015, 40.655 ], [ -74.01, 40.655 ], [ -74.01, 40.66 ], [ -74.015, 40.66 ], [ -74.015, 40.655 ] ] ] } },
{ "type": "Feature", "properties": { "center_lat": 40.6575, "center_lon": -74.0075, "predicted_risk": 0.49337324433877744, "cell_id": "cell_11_18" }, "geometry": { "type": "Polygon", "coordinates": [ [ [ -74.01, 40.655 ], [ -74.005, 40.655 ], [ -74.005, 40.66 ], [ -74.01, 40.66 ], [ -74.01, 40.655 ] ] ] } },
{ "type": "Feature", "properties": { "center_lat": 40.6575, "center_lon": -74.0025, "predicted_risk": 0.11163711273429333, "cell_id": "cell_11_19" }, "geometry": { "type": "Polygon", "coordinates": [ [ [ -74.005, 40.655 ], [ -74.0, 40.655 ], [ -74.0, 40.66 ], [ -74.005, 40.66 ], [ -74.005, 40.655 ] ] ] } },
{ "type": "Feature", "properties": { "center_lat": 40.6575, "center_lon": -73.9975, "predicted_risk": 0.29535845590467974, "cell_id": "cell_11_20" }, "geometry": { "type": "Polygon", "coordinates": [ [ [ -74.0, 40.655 ], [ -73.995, 40.655 ], [ -73.995, 40.66 ], [ -74.0, 40.66 ], [ -74.0, 40.655 ] ] ] } },
{ "type": "Feature", "properties": { "center_lat": 40.6575, "center_lon": -73.9925, "predicted_risk": 0.26105521140093613, "cell_id": "cell_11_21" }, "geometry": { "type": "Polygon", "coordinates": [ [ [ -73.995, 40.655 ], [ -73.99, 40.655 ], [ -73.99, 40.66 ], [ -73.995, 40.66 ], [ -73.995, 40.655 ] ] ] } },
{ "type": "Feature", "properties": { "center_lat": 40.6575, "center_lon": -73.9875, "predicted_risk": 0.16026682354248953, "cell_id": "cell_11_22" }, "geometry": { "type": "Polygon", "coordinates": [ [ [ -73.99, 40.655 ], [ -73.985, 40.655 ], [ -73.985, 40.66 ], [ -73.99, 40.66 ], [ -73.99, 40.655 ] ] ] } },
{ "type": "Feature", "properties": { "center_lat": 40.6575, "center_lon": -73.9825, "predicted_risk": 0.15896705743774825, "cell_id": "cell_11_23" }, "geometry": { "type": "Polygon", "coordinates": [ [ [ -73.985, 40.655 ], [ -73.980000000000103, 40.655 ], [ -73.980000000000103, 40.66 ], [ -73.985, 40.66 ], [ -73.985, 40.655 ] ] ] } },
{ "type": "Feature", "properties": { "center_lat": 40.6575, "center_lon": -73.9775, "predicted_risk": 0.085227868679886035, "cell_id": "cell_11_24" }, "geometry": { "type": "Polygon", "coordinates": [ [ [ -73.980000000000103, 40.655 ], [ -73.975000000000108, 40.655 ], [ -73.975000000000108, 40.66 ], [ -73.980000000000103, 40.66 ], [ -73.980000000000103, 40.655 ] ] ] } },
{ "type": "Feature", "properties": { "center_lat": 40.6575, "center_lon": -73.9725, "predicted_risk": 0.19192003378197051, "cell_id": "cell_11_25" }, "geometry": { "type": "Polygon", "coordinates": [ [ [ -73.975000000000108, 40.655 ], [ -73.970000000000113, 40.655 ], [ -73.970000000000113, 40.66 ], [ -73.975000000000108, 40.66 ], [ -73.975000000000108, 40.655 ] ] ] } },
{ "type": "Feature", "properties": { "center_lat": 40.6575, "center_lon": -73.9675, "predicted_risk": 0.32715710751993543, "cell_id": "cell_11_26" }, "geometry": { "type": "Polygon", "coordinates": [ [ [ -73.970000000000113, 40.655 ], [ -73.965000000000117, 40.655 ], [ -73.965000000000117, 40.66 ], [ -73.970000000000113, 40.66 ], [ -73.970000000000113, 40.655 ] ] ] } },
{ "type": "Feature", "properties": { "center_lat": 40.6575, "center_lon": -73.9625, "predicted_risk": 0.24259892215289994, "cell_id": "cell_11_27" }, "geometry": { "type": "Polygon", "coordinates": [ [ [ -73.965000000000117, 40.655 ], [ -73.960000000000122, 40.655 ], [ -73.960000000000122, 40.66 ], [ -73.965000000000117, 40.66 ], [ -73.965000000000117, 40.655 ] ] ] } },
{ "type": "Feature", "properties": { "center_lat": 40.6575, "center_lon": -73.9575, "predicted_risk": 0.36316777663660521, "cell_id": "cell_11_28" }, "geometry": { "type": "Polygon", "coordinates": [ [ [ -73.960000000000122, 40.655 ], [ -73.955000000000126, 40.655 ], [ -73.955000000000126, 40.66 ], [ -73.960000000000122, 40.66 ], [ -73.960000000000122, 40.655 ] ] ] } },
{ "type": "Feature", "properties": { "center_lat": 40.6575, "center_lon": -73.9525, "predicted_risk": 0.74034740164013901, "cell_id": "cell_11_29" }, "geometry": { "type": "Polygon", "coordinates": [ [ [ -73.955000000000126, 40.655 ], [ -73.950000000000131, 40.655 ], [ -73.950000000000131, 40.66 ], [ -73.955000000000126, 40.66 ], [ -73.955000000000126, 40.655 ] ] ] } },
{ "type": "Feature", "properties": { "center_lat": 40.6575, "center_lon": -73.9475, "predicted_risk": 1.4357638759366953, "cell_id": "cell_11_30" }, "geometry": { "type": "Polygon", "coordinates": [ [ [ -73.950000000000131, 40.655 ], [ -73.945000000000135, 40.655 ], [ -73.945000000000135, 40.66 ], [ -73.950000000000131, 40.66 ], [ -73.950000000000131, 40.655 ] ] ] } },
{ "type": "Feature", "properties": { "center_lat": 40.6575, "center_lon": -73.9425, "predicted_risk": 0.99665923691257174, "cell_id": "cell_11_31" }, "geometry": { "type": "Polygon", "coordinates": [ [ [ -73.945000000000135, 40.655 ], [ -73.94000000000014, 40.655 ], [ -73.94000000000014, 40.66 ], [ -73.945000000000135, 40.66 ], [ -73.945000000000135, 40.655 ] ] ] } },
{ "type": "Feature", "properties": { "center_lat": 40.6575, "center_lon": -73.9375, "predicted_risk": 0.31773462663288821, "cell_id": "cell_11_32" }, "geometry": { "type": "Polygon", "coordinates": [ [ [ -73.94000000000014, 40.655 ], [ -73.935000000000144, 40.655 ], [ -73.935000000000144, 40.66 ], [ -73.94000000000014, 40.66 ], [ -73.94000000000014, 40.655 ] ] ] } },
{ "type": "Feature", "properties": { "center_lat": 40.6575, "center_lon": -73.9325, "predicted_risk": 0.2792906966009629, "cell_id": "cell_11_33" }, "geometry": { "type": "Polygon", "coordinates": [ [ [ -73.935000000000144, 40.655 ], [ -73.930000000000149, 40.655 ], [ -73.930000000000149, 40.66 ], [ -73.935000000000144, 40.66 ], [ -73.935000000000144, 40.655 ] ] ] } },
{ "type": "Feature", "properties": { "center_lat": 40.6575, "center_lon": -73.9275, "predicted_risk": 0.33337380296513514, "cell_id": "cell_11_34" }, "geometry": { "type": "Polygon", "coordinates": [ [ [ -73.930000000000149, 40.655 ], [ -73.925000000000153, 40.655 ], [ -73.925000000000153, 40.66 ], [ -73.930000000000149, 40.66 ], [ -73.930000000000149, 40.655 ] ] ] } },
{ "type": "Feature", "properties": { "center_lat": 40.6575, "center_lon": -73.9225, "predicted_risk": 0.15807836419676816, "cell_id": "cell_11_35" }, "geometry": { "type": "Polygon", "coordinates": [ [ [ -73.925000000000153, 40.655 ], [ -73.920000000000158, 40.655 ], [ -73.920000000000158, 40.66 ], [ -73.925000000000153, 40.66 ], [ -73.925000000000153, 40.655 ] ] ] } },
{ "type": "Feature", "properties": { "center_lat": 40.6575, "center_lon": -73.9175, "predicted_risk": 0.081237928018698807, "cell_id": "cell_11_36" }, "geometry": { "type": "Polygon", "coordinates": [ [ [ -73.920000000000158, 40.655 ], [ -73.915000000000163, 40.655 ], [ -73.915000000000163, 40.66 ], [ -73.920000000000158, 40.66 ], [ -73.920000000000158, 40.655 ] ] ] } },
{ "type": "Feature", "properties": { "center_lat": 40.6575, "center_lon": -73.9125, "predicted_risk": 0.26820407645099403, "cell_id": "cell_11_37" }, "geometry": { "type": "Polygon", "coordinates": [ [ [ -73.915000000000163, 40.655 ], [ -73.910000000000167, 40.655 ], [ -73.910000000000167, 40.66 ], [ -73.915000000000163, 40.66 ], [ -73.915000000000163, 40.655 ] ] ] } },
{ "type": "Feature", "properties": { "center_lat": 40.6575, "center_lon": -73.9075, "predicted_risk": 0.10153078192423368, "cell_id": "cell_11_38" }, "geometry": { "type": "Polygon", "coordinates": [ [ [ -73.910000000000167, 40.655 ], [ -73.905000000000172, 40.655 ], [ -73.905000000000172, 40.66 ], [ -73.910000000000167, 40.66 ], [ -73.910000000000167, 40.655 ] ] ] } },
{ "type": "Feature", "properties": { "center_lat": 40.6625, "center_lon": -74.0975, "predicted_risk": 0.27620814054777826, "cell_id": "cell_12_0" }, "geometry": { "type": "Polygon", "coordinates": [ [ [ -74.1, 40.66 ], [ -74.095, 40.66 ], [ -74.095, 40.665 ], [ -74.1, 40.665 ], [ -74.1, 40.66 ] ] ] } },
{ "type": "Feature", "properties": { "center_lat": 40.6625, "center_lon": -74.0925, "predicted_risk": 0.22884544260101422, "cell_id": "cell_12_1" }, "geometry": { "type": "Polygon", "coordinates": [ [ [ -74.095, 40.66 ], [ -74.09, 40.66 ], [ -74.09, 40.665 ], [ -74.095, 40.665 ], [ -74.095, 40.66 ] ] ] } },
{ "type": "Feature", "properties": { "center_lat": 40.6625, "center_lon": -74.0875, "predicted_risk": 0.53846381016345302, "cell_id": "cell_12_2" }, "geometry": { "type": "Polygon", "coordinates": [ [ [ -74.09, 40.66 ], [ -74.085, 40.66 ], [ -74.085, 40.665 ], [ -74.09, 40.665 ], [ -74.09, 40.66 ] ] ] } },
{ "type": "Feature", "properties": { "center_lat": 40.6625, "center_lon": -74.0825, "predicted_risk": 0.44311519989760123, "cell_id": "cell_12_3" }, "geometry": { "type": "Polygon", "coordinates": [ [ [ -74.085, 40.66 ], [ -74.08, 40.66 ], [ -74.08, 40.665 ], [ -74.085, 40.665 ], [ -74.085, 40.66 ] ] ] } },
{ "type": "Feature", "properties": { "center_lat": 40.6625, "center_lon": -74.0775, "predicted_risk": 0.45145617584108866, "cell_id": "cell_12_4" }, "geometry": { "type": "Polygon", "coordinates": [ [ [ -74.08, 40.66 ], [ -74.075, 40.66 ], [ -74.075, 40.665 ], [ -74.08, 40.665 ], [ -74.08, 40.66 ] ] ] } },
{ "type": "Feature", "properties": { "center_lat": 40.6625, "center_lon": -74.0725, "predicted_risk": 0.56910483152054669, "cell_id": "cell_12_5" }, "geometry": { "type": "Polygon", "coordinates": [ [ [ -74.075, 40.66 ], [ -74.07, 40.66 ], [ -74.07, 40.665 ], [ -74.075, 40.665 ], [ -74.075, 40.66 ] ] ] } },
{ "type": "Feature", "properties": { "center_lat": 40.6625, "center_lon": -74.0675, "predicted_risk": 0.50034963598702409, "cell_id": "cell_12_6" }, "geometry": { "type": "Polygon", "coordinates": [ [ [ -74.07, 40.66 ], [ -74.065, 40.66 ], [ -74.065, 40.665 ], [ -74.07, 40.665 ], [ -74.07, 40.66 ] ] ] } },
{ "type": "Feature", "properties": { "center_lat": 40.6625, "center_lon": -74.0625, "predicted_risk": 0.10312741274379654, "cell_id": "cell_12_7" }, "geometry": { "type": "Polygon", "coordinates": [ [ [ -74.065, 40.66 ], [ -74.06, 40.66 ], [ -74.06, 40.665 ], [ -74.065, 40.665 ], [ -74.065, 40.66 ] ] ] } },
{ "type": "Feature", "properties": { "center_lat": 40.6625, "center_lon": -74.0575, "predicted_risk": 0.2453183762570578, "cell_id": "cell_12_8" }, "geometry": { "type": "Polygon", "coordinates": [ [ [ -74.06, 40.66 ], [ -74.055, 40.66 ], [ -74.055, 40.665 ], [ -74.06, 40.665 ], [ -74.06, 40.66 ] ] ] } },
{ "type": "Feature", "properties": { "center_lat": 40.6625, "center_lon": -74.0525, "predicted_risk": 0.26500761171154302, "cell_id": "cell_12_9" }, "geometry": { "type": "Polygon", "coordinates": [ [ [ -74.055, 40.66 ], [ -74.05, 40.66 ], [ -74.05, 40.665 ], [ -74.055, 40.665 ], [ -74.055, 40.66 ] ] ] } },
{ "type": "Feature", "properties": { "center_lat": 40.6625, "center_lon": -74.0475, "predicted_risk": 0.18109440073860167, "cell_id": "cell_12_10" }, "geometry": { "type": "Polygon", "coordinates": [ [ [ -74.05, 40.66 ], [ -74.045, 40.66 ], [ -74.045, 40.665 ], [ -74.05, 40.665 ], [ -74.05, 40.66 ] ] ] } },
{ "type": "Feature", "properties": { "center_lat": 40.6625, "center_lon": -74.0425, "predicted_risk": 0.26221140838787915, "cell_id": "cell_12_11" }, "geometry": { "type": "Polygon", "coordinates": [ [ [ -74.045, 40.66 ], [ -74.04, 40.66 ], [ -74.04, 40.665 ], [ -74.045, 40.665 ], [ -74.045, 40.66 ] ] ] } },
{ "type": "Feature", "properties": { "center_lat": 40.6625, "center_lon": -74.0375, "predicted_risk": 0.080545842447477353, "cell_id": "cell_12_12" }, "geometry": { "type": "Polygon", "coordinates": [ [ [ -74.04, 40.66 ], [ -74.035, 40.66 ], [ -74.035, 40.665 ], [ -74.04, 40.665 ], [ -74.04, 40.66 ] ] ] } },
{ "type": "Feature", "properties": { "center_lat": 40.6625, "center_lon": -74.0325, "predicted_risk": 0.40669185744461456, "cell_id": "cell_12_13" }, "geometry": { "type": "Polygon", "coordinates": [ [ [ -74.035, 40.66 ], [ -74.03, 40.66 ], [ -74.03, 40.665 ], [ -74.035, 40.665 ], [ -74.035, 40.66 ] ] ] } },
{ "type": "Feature", "properties": { "center_lat": 40.6625, "center_lon": -74.0275, "predicted_risk": 0.1237615615593378, "cell_id": "cell_12_14" }, "geometry": { "type": "Polygon", "coordinates": [ [ [ -74.03, 40.66 ], [ -74.025, 40.66 ], [ -74.025, 40.665 ], [ -74.03, 40.665 ], [ -74.03, 40.66 ] ] ] } },
{ "type": "Feature", "properties": { "center_lat": 40.6625, "center_lon": -74.0225, "predicted_risk": 0.28280715016246821, "cell_id": "cell_12_15" }, "geometry": { "type": "Polygon", "coordinates": [ [ [ -74.025, 40.66 ], [ -74.02, 40.66 ], [ -74.02, 40.665 ], [ -74.025, 40.665 ], [ -74.025, 40.66 ] ] ] } },
{ "type": "Feature", "properties": { "center_lat": 40.6625, "center_lon": -74.0175, "predicted_risk": 0.30055924945980639, "cell_id": "cell_12_16" }, "geometry": { "type": "Polygon", "coordinates": [ [ [ -74.02, 40.66 ], [ -74.015, 40.66 ], [ -74.015, 40.665 ], [ -74.02, 40.665 ], [ -74.02, 40.66 ] ] ] } },
{ "type": "Feature", "properties": { "center_lat": 40.6625, "center_lon": -74.0125, "predicted_risk": 0.29643308797665774, "cell_id": "cell_12_17" }, "geometry": { "type": "Polygon", "coordinates": [ [ [ -74.015, 40.66 ], [ -74.01, 40.66 ], [ -74.01, 40.665 ], [ -74.015, 40.665 ], [ -74.015, 40.66 ] ] ] } },
{ "type": "Feature", "properties": { "center_lat": 40.6625, "center_lon": -74.0075, "predicted_risk": 0.40715834092353104, "cell_id": "cell_12_18" }, "geometry": { "type": "Polygon", "coordinates": [ [ [ -74.01, 40.66 ], [ -74.005, 40.66 ], [ -74.005, 40.665 ], [ -74.01, 40.665 ], [ -74.01, 40.66 ] ] ] } },
{ "type": "Feature", "properties": { "center_lat": 40.6625, "center_lon": -74.0025, "predicted_risk": 0.23169611777776267, "cell_id": "cell_12_19" }, "geometry": { "type": "Polygon", "coordinates": [ [ [ -74.005, 40.66 ], [ -74.0, 40.66 ], [ -74.0, 40.665 ], [ -74.005, 40.665 ], [ -74.005, 40.66 ] ] ] } },
{ "type": "Feature", "properties": { "center_lat": 40.6625, "center_lon": -73.9975, "predicted_risk": 0.093467588573745097, "cell_id": "cell_12_20" }, "geometry": { "type": "Polygon", "coordinates": [ [ [ -74.0, 40.66 ], [ -73.995, 40.66 ], [ -73.995, 40.665 ], [ -74.0, 40.665 ], [ -74.0, 40.66 ] ] ] } },
{ "type": "Feature", "properties": { "center_lat": 40.6625, "center_lon": -73.9925, "predicted_risk": 0.14811511141671391, "cell_id": "cell_12_21" }, "geometry": { "type": "Polygon", "coordinates": [ [ [ -73.995, 40.66 ], [ -73.99, 40.66 ], [ -73.99, 40.665 ], [ -73.995, 40.665 ], [ -73.995, 40.66 ] ] ] } },
{ "type": "Feature", "properties": { "center_lat": 40.6625, "center_lon": -73.9875, "predicted_risk": 0.12474042657355625, "cell_id": "cell_12_22" }, "geometry": { "type": "Polygon", "coordinates": [ [ [ -73.99, 40.66 ], [ -73.985, 40.66 ], [ -73.985, 40.665 ], [ -73.99, 40.665 ], [ -73.99, 40.66 ] ] ] } },
{ "type": "Feature", "properties": { "center_lat": 40.6625, "center_lon": -73.9825, "predicted_risk": 0.061267030344086239, "cell_id": "cell_12_23" }, "geometry": { "type": "Polygon", "coordinates": [ [ [ -73.985, 40.66 ], [ -73.980000000000103, 40.66 ], [ -73.980000000000103, 40.665 ], [ -73.985, 40.665 ], [ -73.985, 40.66 ] ] ] } },
{ "type": "Feature", "properties": { "center_lat": 40.6625, "center_lon": -73.9775, "predicted_risk": 0.21305431361851634, "cell_id": "cell_12_24" }, "geometry": { "type": "Polygon", "coordinates": [ [ [ -73.980000000000103, 40.66 ], [ -73.975000000000108, 40.66 ], [ -73.975000000000108, 40.665 ], [ -73.980000000000103, 40.665 ], [ -73.980000000000103, 40.66 ] ] ] } },
{ "type": "Feature", "properties": { "center_lat": 40.6625, "center_lon": -73.9725, "predicted_risk": 0.26770809848829075, "cell_id": "cell_12_25" }, "geometry": { "type": "Polygon", "coordinates": [ [ [ -73.975000000000108, 40.66 ], [ -73.970000000000113, 40.66 ], [ -73.970000000000113, 40.665 ], [ -73.975000000000108, 40.665 ], [ -73.975000000000108, 40.66 ] ] ] } },
{ "type": "Feature", "properties": { "center_lat": 40.6625, "center_lon": -73.9675, "predicted_risk": 1.2483568271549381, "cell_id": "cell_12_26" }, "geometry": { "type": "Polygon", "coordinates": [ [ [ -73.970000000000113, 40.66 ], [ -73.965000000000117, 40.66 ], [ -73.965000000000117, 40.665 ], [ -73.970000000000113, 40.665 ], [ -73.970000000000113, 40.66 ] ] ] } },
{ "type": "Feature", "properties": { "center_lat": 40.6625, "center_lon": -73.9625, "predicted_risk": 1.1108999266265875, "cell_id": "cell_12_27" }, "geometry": { "type": "Polygon", "coordinates": [ [ [ -73.965000000000117, 40.66 ], [ -73.960000000000122, 40.66 ], [ -73.960000000000122, 40.665 ], [ -73.965000000000117, 40.665 ], [ -73.965000000000117, 40.66 ] ] ] } },
{ "type": "Feature", "properties": { "center_lat": 40.6625, "center_lon": -73.9575, "predicted_risk": 1.6409646872810026, "cell_id": "cell_12_28" }, "geometry": { "type": "Polygon", "coordinates": [ [ [ -73.960000000000122, 40.66 ], [ -73.955000000000126, 40.66 ], [ -73.955000000000126, 40.665 ], [ -73.960000000000122, 40.665 ], [ -73.960000000000122, 40.66 ] ] ] } },
{ "type": "Feature", "properties": { "center_lat": 40.6625, "center_lon": -73.9525, "predicted_risk": 1.6885351911050193, "cell_id": "cell_12_29" }, "geometry": { "type": "Polygon", "coordinates": [ [ [ -73.955000000000126, 40.66 ], [ -73.950000000000131, 40.66 ], [ -73.950000000000131, 40.665 ], [ -73.955000000000126, 40.665 ], [ -73.955000000000126, 40.66 ] ] ] } },
{ "type": "Feature", "properties": { "center_lat": 40.6625, "center_lon": -73.9475, "predicted_risk": 0.80613224761263191, "cell_id": "cell_12_30" }, "geometry": { "type": "Polygon", "coordinates": [ [ [ -73.950000000000131, 40.66 ], [ -73.945000000000135, 40.66 ], [ -73.945000000000135, 40.665 ], [ -73.950000000000131, 40.665 ], [ -73.950000000000131, 40.66 ] ] ] } },
{ "type": "Feature", "properties": { "center_lat": 40.6625, "center_lon": -73.9425, "predicted_risk": 0.71541316301317093, "cell_id": "cell_12_31" }, "geometry": { "type": "Polygon", "coordinates": [ [ [ -73.945000000000135, 40.66 ], [ -73.94000000000014, 40.66 ], [ -73.94000000000014, 40.665 ], [ -73.945000000000135, 40.665 ], [ -73.945000000000135, 40.66 ] ] ] } },
{ "type": "Feature", "properties": { "center_lat": 40.6625, "center_lon": -73.9375, "predicted_risk": 0.29716076880150183, "cell_id": "cell_12_32" }, "geometry": { "type": "Polygon", "coordinates": [ [ [ -73.94000000000014, 40.66 ], [ -73.935000000000144, 40.66 ], [ -73.935000000000144, 40.665 ], [ -73.94000000000014, 40.665 ], [ -73.94000000000014, 40.66 ] ] ] } },
{ "type": "Feature", "properties": { "center_lat": 40.6625, "center_lon": -73.9325, "predicted_risk": 0.47250482450018533, "cell_id": "cell_12_33" }, "geometry": { "type": "Polygon", "coordinates": [ [ [ -73.935000000000144, 40.66 ], [ -73.930000000000149, 40.66 ], [ -73.930000000000149, 40.665 ], [ -73.935000000000144, 40.665 ], [ -73.935000000000144, 40.66 ] ] ] } },
{ "type": "Feature", "properties": { "center_lat": 40.6625, "center_lon": -73.9275, "predicted_risk": 0.067819286353394403, "cell_id": "cell_12_34" }, "geometry": { "type": "Polygon", "coordinates": [ [ [ -73.930000000000149, 40.66 ], [ -73.925000000000153, 40.66 ], [ -73.925000000000153, 40.665 ], [ -73.930000000000149, 40.665 ], [ -73.930000000000149, 40.66 ] ] ] } },
{ "type": "Feature", "properties": { "center_lat": 40.6625, "center_lon": -73.9225, "predicted_risk": 0.24205099015201609, "cell_id": "cell_12_35" }, "geometry": { "type": "Polygon", "coordinates": [ [ [ -73.925000000000153, 40.66 ], [ -73.920000000000158, 40.66 ], [ -73.920000000000158, 40.665 ], [ -73.925000000000153, 40.665 ], [ -73.925000000000153, 40.66 ] ] ] } },
{ "type": "Feature", "properties": { "center_lat": 40.6625, "center_lon": -73.9175, "predicted_risk": 0.19273542179458808, "cell_id": "cell_12_36" }, "geometry": { "type": "Polygon", "coordinates": [ [ [ -73.920000000000158, 40.66 ], [ -73.915000000000163, 40.66 ], [ -73.915000000000163, 40.665 ], [ -73.920000000000158, 40.665 ], [ -73.920000000000158, 40.66 ] ] ] } },
{ "type": "Feature", "properties": { "center_lat": 40.6625, "center_lon": -73.9125, "predicted_risk": 0.23430793662326999, "cell_id": "cell_12_37" }, "geometry": { "type": "Polygon", "coordinates": [ [ [ -73.915000000000163, 40.66 ], [ -73.910000000000167, 40.66 ], [ -73.910000000000167, 40.665 ], [ -73.915000000000163, 40.665 ], [ -73.915000000000163, 40.66 ] ] ] } },
{ "type": "Feature", "properties": { "center_lat": 40.6625, "center_lon": -73.9075, "predicted_risk": 0.39476984743698995, "cell_id": "cell_12_38" }, "geometry": { "type": "Polygon", "coordinates": [ [ [ -73.910000000000167, 40.66 ], [ -73.905000000000172, 40.66 ], [ -73.905000000000172, 40.665 ], [ -73.910000000000167, 40.665 ], [ -73.910000000000167, 40.66 ] ] ] } },
{ "type": "Feature", "properties": { "center_lat": 40.6675, "center_lon": -74.0975, "predicted_risk": 0.35928956545015867, "cell_id": "cell_13_0" }, "geometry": { "type": "Polygon", "coordinates": [ [ [ -74.1, 40.665 ], [ -74.095, 40.665 ], [ -74.095, 40.67 ], [ -74.1, 40.67 ], [ -74.1, 40.665 ] ] ] } },
{ "type": "Feature", "properties": { "center_lat": 40.6675, "center_lon": -74.0925, "predicted_risk": 0.34766365126105359, "cell_id": "cell_13_1" }, "geometry": { "type": "Polygon", "coordinates": [ [ [ -74.095, 40.665 ], [ -74.09, 40.665 ], [ -74.09, 40.67 ], [ -74.095, 40.67 ], [ -74.095, 40.665 ] ] ] } },
{ "type": "Feature", "properties": { "center_lat": 40.6675, "center_lon": -74.0875, "predicted_risk": 0.27886908679880229, "cell_id": "cell_13_2" }, "geometry": { "type": "Polygon", "coordinates": [ [ [ -74.09, 40.665 ], [ -74.085, 40.665 ], [ -74.085, 40.67 ], [ -74.09, 40.67 ], [ -74.09, 40.665 ] ] ] } },
{ "type": "Feature", "properties": { "center_lat": 40.6675, "center_lon": -74.0825, "predicted_risk": 0.61878930720014969, "cell_id": "cell_13_3" }, "geometry": { "type": "Polygon", "coordinates": [ [ [ -74.085, 40.665 ], [ -74.08, 40.665 ], [ -74.08, 40.67 ], [ -74.085, 40.67 ], [ -74.085, 40.665 ] ] ] } },
{ "type": "Feature", "properties": { "center_lat": 40.6675, "center_lon": -74.0775, "predicted_risk": 0.47381811681268887, "cell_id": "cell_13_4" }, "geometry": { "type": "Polygon", "coordinates": [ [ [ -74.08, 40.665 ], [ -74.075, 40.665 ], [ -74.075, 40.67 ], [ -74.08, 40.67 ], [ -74.08, 40.665 ] ] ] } },
{ "type": "Feature", "properties": { "center_lat": 40.6675, "center_lon": -74.0725, "predicted_risk": 0.59346765604173723, "cell_id": "cell_13_5" }, "geometry": { "type": "Polygon", "coordinates": [ [ [ -74.075, 40.665 ], [ -74.07, 40.665 ], [ -74.07, 40.67 ], [ -74.075, 40.67 ], [ -74.075, 40.665 ] ] ] } },
{ "type": "Feature", "properties": { "center_lat": 40.6675, "center_lon": -74.0675, "predicted_risk": 0.38497087095597432, "cell_id": "cell_13_6" }, "geometry": { "type": "Polygon", "coordinates": [ [ [ -74.07, 40.665 ], [ -74.065, 40.665 ], [ -74.065, 40.67 ], [ -74.07, 40.67 ], [ -74.07, 40.665 ] ] ] } },
{ "type": "Feature", "properties": { "center_lat": 40.6675, "center_lon": -74.0625, "predicted_risk": 0.10271679770943225, "cell_id": "cell_13_7" }, "geometry": { "type": "Polygon", "coordinates": [ [ [ -74.065, 40.665 ], [ -74.06, 40.665 ], [ -74.06, 40.67 ], [ -74.065, 40.67 ], [ -74.065, 40.665 ] ] ] } },
{ "type": "Feature", "properties": { "center_lat": 40.6675, "center_lon": -74.0575, "predicted_risk": 0.15563176048568012, "cell_id": "cell_13_8" }, "geometry": { "type": "Polygon", "coordinates": [ [ [ -74.06, 40.665 ], [ -74.055, 40.665 ], [ -74.055, 40.67 ], [ -74.06, 40.67 ], [ -74.06, 40.665 ] ] ] } },
{ "type": "Feature", "properties": { "center_lat": 40.6675, "center_lon": -74.0525, "predicted_risk": 0.059717484297805178, "cell_id": "cell_13_9" }, "geometry": { "type": "Polygon", "coordinates": [ [ [ -74.055, 40.665 ], [ -74.05, 40.665 ], [ -74.05, 40.67 ], [ -74.055, 40.67 ], [ -74.055, 40.665 ] ] ] } },
{ "type": "Feature", "properties": { "center_lat": 40.6675, "center_lon": -74.0475, "predicted_risk": 0.10570545681069188, "cell_id": "cell_13_10" }, "geometry": { "type": "Polygon", "coordinates": [ [ [ -74.05, 40.665 ], [ -74.045, 40.665 ], [ -74.045, 40.67 ], [ -74.05, 40.67 ], [ -74.05, 40.665 ] ] ] } },
{ "type": "Feature", "properties": { "center_lat": 40.6675, "center_lon": -74.0425, "predicted_risk": 0.058902344224643549, "cell_id": "cell_13_11" }, "geometry": { "type": "Polygon", "coordinates": [ [ [ -74.045, 40.665 ], [ -74.04, 40.665 ], [ -74.04, 40.67 ], [ -74.045, 40.67 ], [ -74.045, 40.665 ] ] ] } },
{ "type": "Feature", "properties": { "center_lat": 40.6675, "center_lon": -74.0375, "predicted_risk": 0.22915552444616988, "cell_id": "cell_13_12" }, "geometry": { "type": "Polygon", "coordinates": [ [ [ -74.04, 40.665 ], [ -74.035, 40.665 ], [ -74.035, 40.67 ], [ -74.04, 40.67 ], [ -74.04, 40.665 ] ] ] } },
{ "type": "Feature", "properties": { "center_lat": 40.6675, "center_lon": -74.0325, "predicted_risk": 0.20204162702799972, "cell_id": "cell_13_13" }, "geometry": { "type": "Polygon", "coordinates": [ [ [ -74.035, 40.665 ], [ -74.03, 40.665 ], [ -74.03, 40.67 ], [ -74.035, 40.67 ], [ -74.035, 40.665 ] ] ] } },
{ "type": "Feature", "properties": { "center_lat": 40.6675, "center_lon": -74.0275, "predicted_risk": 0.25355519353810113, "cell_id": "cell_13_14" }, "geometry": { "type": "Polygon", "coordinates": [ [ [ -74.03, 40.665 ], [ -74.025, 40.665 ], [ -74.025, 40.67 ], [ -74.03, 40.67 ], [ -74.03, 40.665 ] ] ] } },
{ "type": "Feature", "properties": { "center_lat": 40.6675, "center_lon": -74.0225, "predicted_risk": 0.14734936574057728, "cell_id": "cell_13_15" }, "geometry": { "type": "Polygon", "coordinates": [ [ [ -74.025, 40.665 ], [ -74.02, 40.665 ], [ -74.02, 40.67 ], [ -74.025, 40.67 ], [ -74.025, 40.665 ] ] ] } },
{ "type": "Feature", "properties": { "center_lat": 40.6675, "center_lon": -74.0175, "predicted_risk": 0.63079773567507924, "cell_id": "cell_13_16" }, "geometry": { "type": "Polygon", "coordinates": [ [ [ -74.02, 40.665 ], [ -74.015, 40.665 ], [ -74.015, 40.67 ], [ -74.02, 40.67 ], [ -74.02, 40.665 ] ] ] } },
{ "type": "Feature", "properties": { "center_lat": 40.6675, "center_lon": -74.0125, "predicted_risk": 0.15529374364239645, "cell_id": "cell_13_17" }, "geometry": { "type": "Polygon", "coordinates": [ [ [ -74.015, 40.665 ], [ -74.01, 40.665 ], [ -74.01, 40.67 ], [ -74.015, 40.67 ], [ -74.015, 40.665 ] ] ] } },
{ "type": "Feature", "properties": { "center_lat": 40.6675, "center_lon": -74.0075, "predicted_risk": 0.56288516717000558, "cell_id": "cell_13_18" }, "geometry": { "type": "Polygon", "coordinates": [ [ [ -74.01, 40.665 ], [ -74.005, 40.665 ], [ -74.005, 40.67 ], [ -74.01, 40.67 ], [ -74.01, 40.665 ] ] ] } },
{ "type": "Feature", "properties": { "center_lat": 40.6675, "center_lon": -74.0025, "predicted_risk": 0.35264976844173856, "cell_id": "cell_13_19" }, "geometry": { "type": "Polygon", "coordinates": [ [ [ -74.005, 40.665 ], [ -74.0, 40.665 ], [ -74.0, 40.67 ], [ -74.005, 40.67 ], [ -74.005, 40.665 ] ] ] } },
{ "type": "Feature", "properties": { "center_lat": 40.6675, "center_lon": -73.9975, "predicted_risk": 0.365811183849586, "cell_id": "cell_13_20" }, "geometry": { "type": "Polygon", "coordinates": [ [ [ -74.0, 40.665 ], [ -73.995, 40.665 ], [ -73.995, 40.67 ], [ -74.0, 40.67 ], [ -74.0, 40.665 ] ] ] } },
{ "type": "Feature", "properties": { "center_lat": 40.6675, "center_lon": -73.9925, "predicted_risk": 0.13763879612045726, "cell_id": "cell_13_21" }, "geometry": { "type": "Polygon", "coordinates": [ [ [ -73.995, 40.665 ], [ -73.99, 40.665 ], [ -73.99, 40.67 ], [ -73.995, 40.67 ], [ -73.995, 40.665 ] ] ] } },
{ "type": "Feature", "properties": { "center_lat": 40.6675, "center_lon": -73.9875, "predicted_risk": 0.11038234856253702, "cell_id": "cell_13_22" }, "geometry": { "type": "Polygon", "coordinates": [ [ [ -73.99, 40.665 ], [ -73.985, 40.665 ], [ -73.985, 40.67 ], [ -73.99, 40.67 ], [ -73.99, 40.665 ] ] ] } },
{ "type": "Feature", "properties": { "center_lat": 40.6675, "center_lon": -73.9825, "predicted_risk": 0.10780957821495518, "cell_id": "cell_13_23" }, "geometry": { "type": "Polygon", "coordinates": [ [ [ -73.985, 40.665 ], [ -73.980000000000103, 40.665 ], [ -73.980000000000103, 40.67 ], [ -73.985, 40.67 ], [ -73.985, 40.665 ] ] ] } },
{ "type": "Feature", "properties": { "center_lat": 40.6675, "center_lon": -73.9775, "predicted_risk": 0.19582558348096418, "cell_id": "cell_13_24" }, "geometry": { "type": "Polygon", "coordinates": [ [ [ -73.980000000000103, 40.665 ], [ -73.975000000000108, 40.665 ], [ -73.975000000000108, 40.67 ], [ -73.980000000000103, 40.67 ], [ -73.980000000000103, 40.665 ] ] ] } },
{ "type": "Feature", "properties": { "center_lat": 40.6675, "center_lon": -73.9725, "predicted_risk": 0.17303703728910599, "cell_id": "cell_13_25" }, "geometry": { "type": "Polygon", "coordinates": [ [ [ -73.975000000000108, 40.665 ], [ -73.970000000000113, 40.665 ], [ -73.970000000000113, 40.67 ], [ -73.975000000000108, 40.67 ], [ -73.975000000000108, 40.665 ] ] ] } },
{ "type": "Feature", "properties": { "center_lat": 40.6675, "center_lon": -73.9675, "predicted_risk": 0.62962846755840951, "cell_id": "cell_13_26" }, "geometry": { "type": "Polygon", "coordinates": [ [ [ -73.970000000000113, 40.665 ], [ -73.965000000000117, 40.665 ], [ -73.965000000000117, 40.67 ], [ -73.970000000000113, 40.67 ], [ -73.970000000000113, 40.665 ] ] ] } },
{ "type": "Feature", "properties": { "center_lat": 40.6675, "center_lon": -73.9625, "predicted_risk": 0.38269188759490452, "cell_id": "cell_13_27" }, "geometry": { "type": "Polygon", "coordinates": [ [ [ -73.965000000000117, 40.665 ], [ -73.960000000000122, 40.665 ], [ -73.960000000000122, 40.67 ], [ -73.965000000000117, 40.67 ], [ -73.965000000000117, 40.665 ] ] ] } },
{ "type": "Feature", "properties": { "center_lat": 40.6675, "center_lon": -73.9575, "predicted_risk": 0.42926599668164483, "cell_id": "cell_13_28" }, "geometry": { "type": "Polygon", "coordinates": [ [ [ -73.960000000000122, 40.665 ], [ -73.955000000000126, 40.665 ], [ -73.955000000000126, 40.67 ], [ -73.960000000000122, 40.67 ], [ -73.960000000000122, 40.665 ] ] ] } },
{ "type": "Feature", "properties": { "center_lat": 40.6675, "center_lon": -73.9525, "predicted_risk": 1.3294007844189526, "cell_id": "cell_13_29" }, "geometry": { "type": "Polygon", "coordinates": [ [ [ -73.955000000000126, 40.665 ], [ -73.950000000000131, 40.665 ], [ -73.950000000000131, 40.67 ], [ -73.955000000000126, 40.67 ], [ -73.955000000000126, 40.665 ] ] ] } },
{ "type": "Feature", "properties": { "center_lat": 40.6675, "center_lon": -73.9475, "predicted_risk": 1.6835976411942899, "cell_id": "cell_13_30" }, "geometry": { "type": "Polygon", "coordinates": [ [ [ -73.950000000000131, 40.665 ], [ -73.945000000000135, 40.665 ], [ -73.945000000000135, 40.67 ], [ -73.950000000000131, 40.67 ], [ -73.950000000000131, 40.665 ] ] ] } },
{ "type": "Feature", "properties": { "center_lat": 40.6675, "center_lon": -73.9425, "predicted_risk": 1.4720285878804822, "cell_id": "cell_13_31" }, "geometry": { "type": "Polygon", "coordinates": [ [ [ -73.945000000000135, 40.665 ], [ -73.94000000000014, 40.665 ], [ -73.94000000000014, 40.67 ], [ -73.945000000000135, 40.67 ], [ -73.945000000000135, 40.665 ] ] ] } },
{ "type": "Feature", "properties": { "center_lat": 40.6675, "center_lon": -73.9375, "predicted_risk": 0.89222002669824485, "cell_id": "cell_13_32" }, "geometry": { "type": "Polygon", "coordinates": [ [ [ -73.94000000000014, 40.665 ], [ -73.935000000000144, 40.665 ], [ -73.935000000000144, 40.67 ], [ -73.94000000000014, 40.67 ], [ -73.94000000000014, 40.665 ] ] ] } },
{ "type": "Feature", "properties": { "center_lat": 40.6675, "center_lon": -73.9325, "predicted_risk": 0.45276690752686638, "cell_id": "cell_13_33" }, "geometry": { "type": "Polygon", "coordinates": [ [ [ -73.935000000000144, 40.665 ], [ -73.930000000000149, 40.665 ], [ -73.930000000000149, 40.67 ], [ -73.935000000000144, 40.67 ], [ -73.935000000000144, 40.665 ] ] ] } },
{ "type": "Feature", "properties": { "center_lat": 40.6675, "center_lon": -73.9275, "predicted_risk": 0.24618063325872905, "cell_id": "cell_13_34" }, "geometry": { "type": "Polygon", "coordinates": [ [ [ -73.930000000000149, 40.665 ], [ -73.925000000000153, 40.665 ], [ -73.925000000000153, 40.67 ], [ -73.930000000000149, 40.67 ], [ -73.930000000000149, 40.665 ] ] ] } },
{ "type": "Feature", "properties": { "center_lat": 40.6675, "center_lon": -73.9225, "predicted_risk": 0.15907573455979607, "cell_id": "cell_13_35" }, "geometry": { "type": "Polygon", "coordinates": [ [ [ -73.925000000000153, 40.665 ], [ -73.920000000000158, 40.665 ], [ -73.920000000000158, 40.67 ], [ -73.925000000000153, 40.67 ], [ -73.925000000000153, 40.665 ] ] ] } },
{ "type": "Feature", "properties": { "center_lat": 40.6675, "center_lon": -73.9175, "predicted_risk": 0.11475493012087479, "cell_id": "cell_13_36" }, "geometry": { "type": "Polygon", "coordinates": [ [ [ -73.920000000000158, 40.665 ], [ -73.915000000000163, 40.665 ], [ -73.915000000000163, 40.67 ], [ -73.920000000000158, 40.67 ], [ -73.920000000000158, 40.665 ] ] ] } },
{ "type": "Feature", "properties": { "center_lat": 40.6675, "center_lon": -73.9125, "predicted_risk": 0.22060873092153593, "cell_id": "cell_13_37" }, "geometry": { "type": "Polygon", "coordinates": [ [ [ -73.915000000000163, 40.665 ], [ -73.910000000000167, 40.665 ], [ -73.910000000000167, 40.67 ], [ -73.915000000000163, 40.67 ], [ -73.915000000000163, 40.665 ] ] ] } },
{ "type": "Feature", "properties": { "center_lat": 40.6675, "center_lon": -73.9075, "predicted_risk": 0.29263604411981614, "cell_id": "cell_13_38" }, "geometry": { "type": "Polygon", "coordinates": [ [ [ -73.910000000000167, 40.665 ], [ -73.905000000000172, 40.665 ], [ -73.905000000000172, 40.67 ], [ -73.910000000000167, 40.67 ], [ -73.910000000000167, 40.665 ] ] ] } },
{ "type": "Feature", "properties": { "center_lat": 40.6725, "center_lon": -74.0975, "predicted_risk": 0.091438311400277694, "cell_id": "cell_14_0" }, "geometry": { "type": "Polygon", "coordinates": [ [ [ -74.1, 40.67 ], [ -74.095, 40.67 ], [ -74.095, 40.675 ], [ -74.1, 40.675 ], [ -74.1, 40.67 ] ] ] } },
{ "type": "Feature", "properties": { "center_lat": 40.6725, "center_lon": -74.0925, "predicted_risk": 0.34450264038440642, "cell_id": "cell_14_1" }, "geometry": { "type": "Polygon", "coordinates": [ [ [ -74.095, 40.67 ], [ -74.09, 40.67 ], [ -74.09, 40.675 ], [ -74.095, 40.675 ], [ -74.095, 40.67 ] ] ] } },
{ "type": "Feature", "properties": { "center_lat": 40.6725, "center_lon": -74.0875, "predicted_risk": 0.40790777403841783, "cell_id": "cell_14_2" }, "geometry": { "type": "Polygon", "coordinates": [ [ [ -74.09, 40.67 ], [ -74.085, 40.67 ], [ -74.085, 40.675 ], [ -74.09, 40.675 ], [ -74.09, 40.67 ] ] ] } },
{ "type": "Feature", "properties": { "center_lat": 40.6725, "center_lon": -74.0825, "predicted_risk": 0.59867539615099763, "cell_id": "cell_14_3" }, "geometry": { "type": "Polygon", "coordinates": [ [ [ -74.085, 40.67 ], [ -74.08, 40.67 ], [ -74.08, 40.675 ], [ -74.085, 40.675 ], [ -74.085, 40.67 ] ] ] } },
{ "type": "Feature", "properties": { "center_lat": 40.6725, "center_lon": -74.0775, "predicted_risk": 0.45773654659024759, "cell_id": "cell_14_4" }, "geometry": { "type": "Polygon", "coordinates": [ [ [ -74.08, 40.67 ], [ -74.075, 40.67 ], [ -74.075, 40.675 ], [ -74.08, 40.675 ], [ -74.08, 40.67 ] ] ] } },
{ "type": "Feature", "properties": { "center_lat": 40.6725, "center_lon": -74.0725, "predicted_risk": 0.43196036412810174, "cell_id": "cell_14_5" }, "geometry": { "type": "Polygon", "coordinates": [ [ [ -74.075, 40.67 ], [ -74.07, 40.67 ], [ -74.07, 40.675 ], [ -74.075, 40.675 ], [ -74.075, 40.67 ] ] ] } },
{ "type": "Feature", "properties": { "center_lat": 40.6725, "center_lon": -74.0675, "predicted_risk": 0.25199260544626961, "cell_id": "cell_14_6" }, "geometry": { "type": "Polygon", "coordinates": [ [ [ -74.07, 40.67 ], [ -74.065, 40.67 ], [ -74.065, 40.675 ], [ -74.07, 40.675 ], [ -74.07, 40.67 ] ] ] } },
{ "type": "Feature", "properties": { "center_lat": 40.6725, "center_lon": -74.0625, "predicted_risk": 0.10301209115099468, "cell_id": "cell_14_7" }, "geometry": { "type": "Polygon", "coordinates": [ [ [ -74.065, 40.67 ], [ -74.06, 40.67 ], [ -74.06, 40.675 ], [ -74.065, 40.675 ], [ -74.065, 40.67 ] ] ] } },
{ "type": "Feature", "properties": { "center_lat": 40.6725, "center_lon": -74.0575, "predicted_risk": 0.16132297984320815, "cell_id": "cell_14_8" }, "geometry": { "type": "Polygon", "coordinates": [ [ [ -74.06, 40.67 ], [ -74.055, 40.67 ], [ -74.055, 40.675 ], [ -74.06, 40.675 ], [ -74.06, 40.67 ] ] ] } },
{ "type": "Feature", "properties": { "center_lat": 40.6725, "center_lon": -74.0525, "predicted_risk": 0.19325011716092155, "cell_id": "cell_14_9" }, "geometry": { "type": "Polygon", "coordinates": [ [ [ -74.055, 40.67 ], [ -74.05, 40.67 ], [ -74.05, 40.675 ], [ -74.055, 40.675 ], [ -74.055, 40.67 ] ] ] } },
{ "type": "Feature", "properties": { "center_lat": 40.6725, "center_lon": -74.0475, "predicted_risk": 0.11651005655256143, "cell_id": "cell_14_10" }, "geometry": { "type": "Polygon", "coordinates": [ [ [ -74.05, 40.67 ], [ -74.045, 40.67 ], [ -74.045, 40.675 ], [ -74.05, 40.675 ], [ -74.05, 40.67 ] ] ] } },
{ "type": "Feature", "properties": { "center_lat": 40.6725, "center_lon": -74.0425, "predicted_risk": 0.06368505112381391, "cell_id": "cell_14_11" }, "geometry": { "type": "Polygon", "coordinates": [ [ [ -74.045, 40.67 ], [ -74.04, 40.67 ], [ -74.04, 40.675 ], [ -74.045, 40.675 ], [ -74.045, 40.67 ] ] ] } },
{ "type": "Feature", "properties": { "center_lat": 40.6725, "center_lon": -74.0375, "predicted_risk": 0.23813194587344599, "cell_id": "cell_14_12" }, "geometry": { "type": "Polygon", "coordinates": [ [ [ -74.04, 40.67 ], [ -74.035, 40.67 ], [ -74.035, 40.675 ], [ -74.04, 40.675 ], [ -74.04, 40.67 ] ] ] } },
{ "type": "Feature", "properties": { "center_lat": 40.6725, "center_lon": -74.0325, "predicted_risk": 0.40595922889332642, "cell_id": "cell_14_13" }, "geometry": { "type": "Polygon", "coordinates": [ [ [ -74.035, 40.67 ], [ -74.03, 40.67 ], [ -74.03, 40.675 ], [ -74.035, 40.675 ], [ -74.035, 40.67 ] ] ] } },
{ "type": "Feature", "properties": { "center_lat": 40.6725, "center_lon": -74.0275, "predicted_risk": 0.49843447078075193, "cell_id": "cell_14_14" }, "geometry": { "type": "Polygon", "coordinates": [ [ [ -74.03, 40.67 ], [ -74.025, 40.67 ], [ -74.025, 40.675 ], [ -74.03, 40.675 ], [ -74.03, 40.67 ] ] ] } },
{ "type": "Feature", "properties": { "center_lat": 40.6725, "center_lon": -74.0225, "predicted_risk": 0.28614691121317354, "cell_id": "cell_14_15" }, "geometry": { "type": "Polygon", "coordinates": [ [ [ -74.025, 40.67 ], [ -74.02, 40.67 ], [ -74.02, 40.675 ], [ -74.025, 40.675 ], [ -74.025, 40.67 ] ] ] } },
{ "type": "Feature", "properties": { "center_lat": 40.6725, "center_lon": -74.0175, "predicted_risk": 0.45709045395909725, "cell_id": "cell_14_16" }, "geometry": { "type": "Polygon", "coordinates": [ [ [ -74.02, 40.67 ], [ -74.015, 40.67 ], [ -74.015, 40.675 ], [ -74.02, 40.675 ], [ -74.02, 40.67 ] ] ] } },
{ "type": "Feature", "properties": { "center_lat": 40.6725, "center_lon": -74.0125, "predicted_risk": 0.15020418172289821, "cell_id": "cell_14_17" }, "geometry": { "type": "Polygon", "coordinates": [ [ [ -74.015, 40.67 ], [ -74.01, 40.67 ], [ -74.01, 40.675 ], [ -74.015, 40.675 ], [ -74.015, 40.67 ] ] ] } },
{ "type": "Feature", "properties": { "center_lat": 40.6725, "center_lon": -74.0075, "predicted_risk": 0.13712421948180917, "cell_id": "cell_14_18" }, "geometry": { "type": "Polygon", "coordinates": [ [ [ -74.01, 40.67 ], [ -74.005, 40.67 ], [ -74.005, 40.675 ], [ -74.01, 40.675 ], [ -74.01, 40.67 ] ] ] } },
{ "type": "Feature", "properties": { "center_lat": 40.6725, "center_lon": -74.0025, "predicted_risk": 0.11632602886596835, "cell_id": "cell_14_19" }, "geometry": { "type": "Polygon", "coordinates": [ [ [ -74.005, 40.67 ], [ -74.0, 40.67 ], [ -74.0, 40.675 ], [ -74.005, 40.675 ], [ -74.005, 40.67 ] ] ] } },
{ "type": "Feature", "properties": { "center_lat": 40.6725, "center_lon": -73.9975, "predicted_risk": 0.37160692920178195, "cell_id": "cell_14_20" }, "geometry": { "type": "Polygon", "coordinates": [ [ [ -74.0, 40.67 ], [ -73.995, 40.67 ], [ -73.995, 40.675 ], [ -74.0, 40.675 ], [ -74.0, 40.67 ] ] ] } },
{ "type": "Feature", "properties": { "center_lat": 40.6725, "center_lon": -73.9925, "predicted_risk": 0.29034565814120034, "cell_id": "cell_14_21" }, "geometry": { "type": "Polygon", "coordinates": [ [ [ -73.995, 40.67 ], [ -73.99, 40.67 ], [ -73.99, 40.675 ], [ -73.995, 40.675 ], [ -73.995, 40.67 ] ] ] } },
{ "type": "Feature", "properties": { "center_lat": 40.6725, "center_lon": -73.9875, "predicted_risk": 0.12070794776194192, "cell_id": "cell_14_22" }, "geometry": { "type": "Polygon", "coordinates": [ [ [ -73.99, 40.67 ], [ -73.985, 40.67 ], [ -73.985, 40.675 ], [ -73.99, 40.675 ], [ -73.99, 40.67 ] ] ] } },
{ "type": "Feature", "properties": { "center_lat": 40.6725, "center_lon": -73.9825, "predicted_risk": 0.17759801529262981, "cell_id": "cell_14_23" }, "geometry": { "type": "Polygon", "coordinates": [ [ [ -73.985, 40.67 ], [ -73.980000000000103, 40.67 ], [ -73.980000000000103, 40.675 ], [ -73.985, 40.675 ], [ -73.985, 40.67 ] ] ] } },
{ "type": "Feature", "properties": { "center_lat": 40.6725, "center_lon": -73.9775, "predicted_risk": 0.13881040642504466, "cell_id": "cell_14_24" }, "geometry": { "type": "Polygon", "coordinates": [ [ [ -73.980000000000103, 40.67 ], [ -73.975000000000108, 40.67 ], [ -73.975000000000108, 40.675 ], [ -73.980000000000103, 40.675 ], [ -73.980000000000103, 40.67 ] ] ] } },
{ "type": "Feature", "properties": { "center_lat": 40.6725, "center_lon": -73.9725, "predicted_risk": 0.24772388643917545, "cell_id": "cell_14_25" }, "geometry": { "type": "Polygon", "coordinates": [ [ [ -73.975000000000108, 40.67 ], [ -73.970000000000113, 40.67 ], [ -73.970000000000113, 40.675 ], [ -73.975000000000108, 40.675 ], [ -73.975000000000108, 40.67 ] ] ] } },
{ "type": "Feature", "properties": { "center_lat": 40.6725, "center_lon": -73.9675, "predicted_risk": 1.2514181320431592, "cell_id": "cell_14_26" }, "geometry": { "type": "Polygon", "coordinates": [ [ [ -73.970000000000113, 40.67 ], [ -73.965000000000117, 40.67 ], [ -73.965000000000117, 40.675 ], [ -73.970000000000113, 40.675 ], [ -73.970000000000113, 40.67 ] ] ] } },
{ "type": "Feature", "properties": { "center_lat": 40.6725, "center_lon": -73.9625, "predicted_risk": 1.1213407647560891, "cell_id": "cell_14_27" }, "geometry": { "type": "Polygon", "coordinates": [ [ [ -73.965000000000117, 40.67 ], [ -73.960000000000122, 40.67 ], [ -73.960000000000122, 40.675 ], [ -73.965000000000117, 40.675 ], [ -73.965000000000117, 40.67 ] ] ] } },
{ "type": "Feature", "properties": { "center_lat": 40.6725, "center_lon": -73.9575, "predicted_risk": 1.6623372423233611, "cell_id": "cell_14_28" }, "geometry": { "type": "Polygon", "coordinates": [ [ [ -73.960000000000122, 40.67 ], [ -73.955000000000126, 40.67 ], [ -73.955000000000126, 40.675 ], [ -73.960000000000122, 40.675 ], [ -73.960000000000122, 40.67 ] ] ] } },
{ "type": "Feature", "properties": { "center_lat": 40.6725, "center_lon": -73.9525, "predicted_risk": 0.42803160920386646, "cell_id": "cell_14_29" }, "geometry": { "type": "Polygon", "coordinates": [ [ [ -73.955000000000126, 40.67 ], [ -73.950000000000131, 40.67 ], [ -73.950000000000131, 40.675 ], [ -73.955000000000126, 40.675 ], [ -73.955000000000126, 40.67 ] ] ] } },
{ "type": "Feature", "properties": { "center_lat": 40.6725, "center_lon": -73.9475, "predicted_risk": 0.40807461797010891, "cell_id": "cell_14_30" }, "geometry": { "type": "Polygon", "coordinates": [ [ [ -73.950000000000131, 40.67 ], [ -73.945000000000135, 40.67 ], [ -73.945000000000135, 40.675 ], [ -73.950000000000131, 40.675 ], [ -73.950000000000131, 40.67 ] ] ] } },
{ "type": "Feature", "properties": { "center_lat": 40.6725, "center_lon": -73.9425, "predicted_risk": 0.72119900871584419, "cell_id": "cell_14_31" }, "geometry": { "type": "Polygon", "coordinates": [ [ [ -73.945000000000135, 40.67 ], [ -73.94000000000014, 40.67 ], [ -73.94000000000014, 40.675 ], [ -73.945000000000135, 40.675 ], [ -73.945000000000135, 40.67 ] ] ] } },
{ "type": "Feature", "properties": { "center_lat": 40.6725, "center_lon": -73.9375, "predicted_risk": 1.1889193277286749, "cell_id": "cell_14_32" }, "geometry": { "type": "Polygon", "coordinates": [ [ [ -73.94000000000014, 40.67 ], [ -73.935000000000144, 40.67 ], [ -73.935000000000144, 40.675 ], [ -73.94000000000014, 40.675 ], [ -73.94000000000014, 40.67 ] ] ] } },
{ "type": "Feature", "properties": { "center_lat": 40.6725, "center_lon": -73.9325, "predicted_risk": 0.23348070659703701, "cell_id": "cell_14_33" }, "geometry": { "type": "Polygon", "coordinates": [ [ [ -73.935000000000144, 40.67 ], [ -73.930000000000149, 40.67 ], [ -73.930000000000149, 40.675 ], [ -73.935000000000144, 40.675 ], [ -73.935000000000144, 40.67 ] ] ] } },
{ "type": "Feature", "properties": { "center_lat": 40.6725, "center_lon": -73.9275, "predicted_risk": 0.36992027512642239, "cell_id": "cell_14_34" }, "geometry": { "type": "Polygon", "coordinates": [ [ [ -73.930000000000149, 40.67 ], [ -73.925000000000153, 40.67 ], [ -73.925000000000153, 40.675 ], [ -73.930000000000149, 40.675 ], [ -73.930000000000149, 40.67 ] ] ] } },
{ "type": "Feature", "properties": { "center_lat": 40.6725, "center_lon": -73.9225, "predicted_risk": 0.17522962751143176, "cell_id": "cell_14_35" }, "geometry": { "type": "Polygon", "coordinates": [ [ [ -73.925000000000153, 40.67 ], [ -73.920000000000158, 40.67 ], [ -73.920000000000158, 40.675 ], [ -73.925000000000153, 40.675 ], [ -73.925000000000153, 40.67 ] ] ] } },
{ "type": "Feature", "properties": { "center_lat": 40.6725, "center_lon": -73.9175, "predicted_risk": 0.24926539158237343, "cell_id": "cell_14_36" }, "geometry": { "type": "Polygon", "coordinates": [ [ [ -73.920000000000158, 40.67 ], [ -73.915000000000163, 40.67 ], [ -73.915000000000163, 40.675 ], [ -73.920000000000158, 40.675 ], [ -73.920000000000158, 40.67 ] ] ] } },
{ "type": "Feature", "properties": { "center_lat": 40.6725, "center_lon": -73.9125, "predicted_risk": 0.15364033511867786, "cell_id": "cell_14_37" }, "geometry": { "type": "Polygon", "coordinates": [ [ [ -73.915000000000163, 40.67 ], [ -73.910000000000167, 40.67 ], [ -73.910000000000167, 40.675 ], [ -73.915000000000163, 40.675 ], [ -73.915000000000163, 40.67 ] ] ] } },
{ "type": "Feature", "properties": { "center_lat": 40.6725, "center_lon": -73.9075, "predicted_risk": 0.29511088180878625, "cell_id": "cell_14_38" }, "geometry": { "type": "Polygon", "coordinates": [ [ [ -73.910000000000167, 40.67 ], [ -73.905000000000172, 40.67 ], [ -73.905000000000172, 40.675 ], [ -73.910000000000167, 40.675 ], [ -73.910000000000167, 40.67 ] ] ] } },
{ "type": "Feature", "properties": { "center_lat": 40.6775, "center_lon": -74.0975, "predicted_risk": 0.1930430134267582, "cell_id": "cell_15_0" }, "geometry": { "type": "Polygon", "coordinates": [ [ [ -74.1, 40.675 ], [ -74.095, 40.675 ], [ -74.095, 40.68 ], [ -74.1, 40.68 ], [ -74.1, 40.675 ] ] ] } },
{ "type": "Feature", "properties": { "center_lat": 40.6775, "center_lon": -74.0925, "predicted_risk": 0.44607874263774244, "cell_id": "cell_15_1" }, "geometry": { "type": "Polygon", "coordinates": [ [ [ -74.095, 40.675 ], [ -74.09, 40.675 ], [ -74.09, 40.68 ], [ -74.095, 40.68 ], [ -74.095, 40.675 ] ] ] } },
{ "type": "Feature", "properties": { "center_lat": 40.6775, "center_lon": -74.0875, "predicted_risk": 0.37520555729935845, "cell_id": "cell_15_2" }, "geometry": { "type": "Polygon", "coordinates": [ [ [ -74.09, 40.675 ], [ -74.085, 40.675 ], [ -74.085, 40.68 ], [ -74.09, 40.68 ], [ -74.09, 40.675 ] ] ] } },
{ "type": "Feature", "properties": { "center_lat": 40.6775, "center_lon": -74.0825, "predicted_risk": 0.40155234022858621, "cell_id": "cell_15_3" }, "geometry": { "type": "Polygon", "coordinates": [ [ [ -74.085, 40.675 ], [ -74.08, 40.675 ], [ -74.08, 40.68 ], [ -74.085, 40.68 ], [ -74.085, 40.675 ] ] ] } },
{ "type": "Feature", "properties": { "center_lat": 40.6775, "center_lon": -74.0775, "predicted_risk": 0.27143252961911091, "cell_id": "cell_15_4" }, "geometry": { "type": "Polygon", "coordinates": [ [ [ -74.08, 40.675 ], [ -74.075, 40.675 ], [ -74.075, 40.68 ], [ -74.08, 40.68 ], [ -74.08, 40.675 ] ] ] } },
{ "type": "Feature", "properties": { "center_lat": 40.6775, "center_lon": -74.0725, "predicted_risk": 0.52083295030436727, "cell_id": "cell_15_5" }, "geometry": { "type": "Polygon", "coordinates": [ [ [ -74.075, 40.675 ], [ -74.07, 40.675 ], [ -74.07, 40.68 ], [ -74.075, 40.68 ], [ -74.075, 40.675 ] ] ] } },
{ "type": "Feature", "properties": { "center_lat": 40.6775, "center_lon": -74.0675, "predicted_risk": 0.35602576662520985, "cell_id": "cell_15_6" }, "geometry": { "type": "Polygon", "coordinates": [ [ [ -74.07, 40.675 ], [ -74.065, 40.675 ], [ -74.065, 40.68 ], [ -74.07, 40.68 ], [ -74.07, 40.675 ] ] ] } },
{ "type": "Feature", "properties": { "center_lat": 40.6775, "center_lon": -74.0625, "predicted_risk": 0.31182298480580717, "cell_id": "cell_15_7" }, "geometry": { "type": "Polygon", "coordinates": [ [ [ -74.065, 40.675 ], [ -74.06, 40.675 ], [ -74.06, 40.68 ], [ -74.065, 40.68 ], [ -74.065, 40.675 ] ] ] } },
{ "type": "Feature", "properties": { "center_lat": 40.6775, "center_lon": -74.0575, "predicted_risk": 0.17922583325699099, "cell_id": "cell_15_8" }, "geometry": { "type": "Polygon", "coordinates": [ [ [ -74.06, 40.675 ], [ -74.055, 40.675 ], [ -74.055, 40.68 ], [ -74.06, 40.68 ], [ -74.06, 40.675 ] ] ] } },
{ "type": "Feature", "properties": { "center_lat": 40.6775, "center_lon": -74.0525, "predicted_risk": 0.079199033900063567, "cell_id": "cell_15_9" }, "geometry": { "type": "Polygon", "coordinates": [ [ [ -74.055, 40.675 ], [ -74.05, 40.675 ], [ -74.05, 40.68 ], [ -74.055, 40.68 ], [ -74.055, 40.675 ] ] ] } },
{ "type": "Feature", "properties": { "center_lat": 40.6775, "center_lon": -74.0475, "predicted_risk": 0.075249028438778759, "cell_id": "cell_15_10" }, "geometry": { "type": "Polygon", "coordinates": [ [ [ -74.05, 40.675 ], [ -74.045, 40.675 ], [ -74.045, 40.68 ], [ -74.05, 40.68 ], [ -74.05, 40.675 ] ] ] } },
{ "type": "Feature", "properties": { "center_lat": 40.6775, "center_lon": -74.0425, "predicted_risk": 0.15745999868561211, "cell_id": "cell_15_11" }, "geometry": { "type": "Polygon", "coordinates": [ [ [ -74.045, 40.675 ], [ -74.04, 40.675 ], [ -74.04, 40.68 ], [ -74.045, 40.68 ], [ -74.045, 40.675 ] ] ] } },
{ "type": "Feature", "properties": { "center_lat": 40.6775, "center_lon": -74.0375, "predicted_risk": 0.26636905059517718, "cell_id": "cell_15_12" }, "geometry": { "type": "Polygon", "coordinates": [ [ [ -74.04, 40.675 ], [ -74.035, 40.675 ], [ -74.035, 40.68 ], [ -74.04, 40.68 ], [ -74.04, 40.675 ] ] ] } },
{ "type": "Feature", "properties": { "center_lat": 40.6775, "center_lon": -74.0325, "predicted_risk": 0.10296511947237467, "cell_id": "cell_15_13" }, "geometry": { "type": "Polygon", "coordinates": [ [ [ -74.035, 40.675 ], [ -74.03, 40.675 ], [ -74.03, 40.68 ], [ -74.035, 40.68 ], [ -74.035, 40.675 ] ] ] } },
{ "type": "Feature", "properties": { "center_lat": 40.6775, "center_lon": -74.0275, "predicted_risk": 0.23557133212166403, "cell_id": "cell_15_14" }, "geometry": { "type": "Polygon", "coordinates": [ [ [ -74.03, 40.675 ], [ -74.025, 40.675 ], [ -74.025, 40.68 ], [ -74.03, 40.68 ], [ -74.03, 40.675 ] ] ] } },
{ "type": "Feature", "properties": { "center_lat": 40.6775, "center_lon": -74.0225, "predicted_risk": 0.38886820982299164, "cell_id": "cell_15_15" }, "geometry": { "type": "Polygon", "coordinates": [ [ [ -74.025, 40.675 ], [ -74.02, 40.675 ], [ -74.02, 40.68 ], [ -74.025, 40.68 ], [ -74.025, 40.675 ] ] ] } },
{ "type": "Feature", "properties": { "center_lat": 40.6775, "center_lon": -74.0175, "predicted_risk": 0.40673461023211877, "cell_id": "cell_15_16" }, "geometry": { "type": "Polygon", "coordinates": [ [ [ -74.02, 40.675 ], [ -74.015, 40.675 ], [ -74.015, 40.68 ], [ -74.02, 40.68 ], [ -74.02, 40.675 ] ] ] } },
{ "type": "Feature", "properties": { "center_lat": 40.6775, "center_lon": -74.0125, "predicted_risk": 0.40258188147728891, "cell_id": "cell_15_17" }, "geometry": { "type": "Polygon", "coordinates": [ [ [ -74.015, 40.675 ], [ -74.01, 40.675 ], [ -74.01, 40.68 ], [ -74.015, 40.68 ], [ -74.015, 40.675 ] ] ] } },
{ "type": "Feature", "properties": { "center_lat": 40.6775, "center_lon": -74.0075, "predicted_risk": 0.377426756389174, "cell_id": "cell_15_18" }, "geometry": { "type": "Polygon", "coordinates": [ [ [ -74.01, 40.675 ], [ -74.005, 40.675 ], [ -74.005, 40.68 ], [ -74.01, 40.68 ], [ -74.01, 40.675 ] ] ] } },
{ "type": "Feature", "properties": { "center_lat": 40.6775, "center_lon": -74.0025, "predicted_risk": 0.33742808690491305, "cell_id": "cell_15_19" }, "geometry": { "type": "Polygon", "coordinates": [ [ [ -74.005, 40.675 ], [ -74.0, 40.675 ], [ -74.0, 40.68 ], [ -74.005, 40.68 ], [ -74.005, 40.675 ] ] ] } },
{ "type": "Feature", "properties": { "center_lat": 40.6775, "center_lon": -73.9975, "predicted_risk": 0.2923789423167274, "cell_id": "cell_15_20" }, "geometry": { "type": "Polygon", "coordinates": [ [ [ -74.0, 40.675 ], [ -73.995, 40.675 ], [ -73.995, 40.68 ], [ -74.0, 40.68 ], [ -74.0, 40.675 ] ] ] } },
{ "type": "Feature", "properties": { "center_lat": 40.6775, "center_lon": -73.9925, "predicted_risk": 0.33774523248465127, "cell_id": "cell_15_21" }, "geometry": { "type": "Polygon", "coordinates": [ [ [ -73.995, 40.675 ], [ -73.99, 40.675 ], [ -73.99, 40.68 ], [ -73.995, 40.68 ], [ -73.995, 40.675 ] ] ] } },
{ "type": "Feature", "properties": { "center_lat": 40.6775, "center_lon": -73.9875, "predicted_risk": 0.22978373605476662, "cell_id": "cell_15_22" }, "geometry": { "type": "Polygon", "coordinates": [ [ [ -73.99, 40.675 ], [ -73.985, 40.675 ], [ -73.985, 40.68 ], [ -73.99, 40.68 ], [ -73.99, 40.675 ] ] ] } },
{ "type": "Feature", "properties": { "center_lat": 40.6775, "center_lon": -73.9825, "predicted_risk": 0.30341755194410475, "cell_id": "cell_15_23" }, "geometry": { "type": "Polygon", "coordinates": [ [ [ -73.985, 40.675 ], [ -73.980000000000103, 40.675 ], [ -73.980000000000103, 40.68 ], [ -73.985, 40.68 ], [ -73.985, 40.675 ] ] ] } },
{ "type": "Feature", "properties": { "center_lat": 40.6775, "center_lon": -73.9775, "predicted_risk": 0.24719088156785887, "cell_id": "cell_15_24" }, "geometry": { "type": "Polygon", "coordinates": [ [ [ -73.980000000000103, 40.675 ], [ -73.975000000000108, 40.675 ], [ -73.975000000000108, 40.68 ], [ -73.980000000000103, 40.68 ], [ -73.980000000000103, 40.675 ] ] ] } },
{ "type": "Feature", "properties": { "center_lat": 40.6775, "center_lon": -73.9725, "predicted_risk": 0.5298744996024114, "cell_id": "cell_15_25" }, "geometry": { "type": "Polygon", "coordinates": [ [ [ -73.975000000000108, 40.675 ], [ -73.970000000000113, 40.675 ], [ -73.970000000000113, 40.68 ], [ -73.975000000000108, 40.68 ], [ -73.975000000000108, 40.675 ] ] ] } },
{ "type": "Feature", "properties": { "center_lat": 40.6775, "center_lon": -73.9675, "predicted_risk": 0.30668990757856113, "cell_id": "cell_15_26" }, "geometry": { "type": "Polygon", "coordinates": [ [ [ -73.970000000000113, 40.675 ], [ -73.965000000000117, 40.675 ], [ -73.965000000000117, 40.68 ], [ -73.970000000000113, 40.68 ], [ -73.970000000000113, 40.675 ] ] ] } },
{ "type": "Feature", "properties": { "center_lat": 40.6775, "center_lon": -73.9625, "predicted_risk": 1.3829878239872244, "cell_id": "cell_15_27" }, "geometry": { "type": "Polygon", "coordinates": [ [ [ -73.965000000000117, 40.675 ], [ -73.960000000000122, 40.675 ], [ -73.960000000000122, 40.68 ], [ -73.965000000000117, 40.68 ], [ -73.965000000000117, 40.675 ] ] ] } },
{ "type": "Feature", "properties": { "center_lat": 40.6775, "center_lon": -73.9575, "predicted_risk": 1.1176376023225958, "cell_id": "cell_15_28" }, "geometry": { "type": "Polygon", "coordinates": [ [ [ -73.960000000000122, 40.675 ], [ -73.955000000000126, 40.675 ], [ -73.955000000000126, 40.68 ], [ -73.960000000000122, 40.68 ], [ -73.960000000000122, 40.675 ] ] ] } },
{ "type": "Feature", "properties": { "center_lat": 40.6775, "center_lon": -73.9525, "predicted_risk": 1.1415760012338512, "cell_id": "cell_15_29" }, "geometry": { "type": "Polygon", "coordinates": [ [ [ -73.955000000000126, 40.675 ], [ -73.950000000000131, 40.675 ], [ -73.950000000000131, 40.68 ], [ -73.955000000000126, 40.68 ], [ -73.955000000000126, 40.675 ] ] ] } },
{ "type": "Feature", "properties": { "center_lat": 40.6775, "center_lon": -73.9475, "predicted_risk": 1.4709268130530604, "cell_id": "cell_15_30" }, "geometry": { "type": "Polygon", "coordinates": [ [ [ -73.950000000000131, 40.675 ], [ -73.945000000000135, 40.675 ], [ -73.945000000000135, 40.68 ], [ -73.950000000000131, 40.68 ], [ -73.950000000000131, 40.675 ] ] ] } },
{ "type": "Feature", "properties": { "center_lat": 40.6775, "center_lon": -73.9425, "predicted_risk": 1.011891908796182, "cell_id": "cell_15_31" }, "geometry": { "type": "Polygon", "coordinates": [ [ [ -73.945000000000135, 40.675 ], [ -73.94000000000014, 40.675 ], [ -73.94000000000014, 40.68 ], [ -73.945000000000135, 40.68 ], [ -73.945000000000135, 40.675 ] ] ] } },
{ "type": "Feature", "properties": { "center_lat": 40.6775, "center_lon": -73.9375, "predicted_risk": 1.1866941415559329, "cell_id": "cell_15_32" }, "geometry": { "type": "Polygon", "coordinates": [ [ [ -73.94000000000014, 40.675 ], [ -73.935000000000144, 40.675 ], [ -73.935000000000144, 40.68 ], [ -73.94000000000014, 40.68 ], [ -73.94000000000014, 40.675 ] ] ] } },
{ "type": "Feature", "properties": { "center_lat": 40.6775, "center_lon": -73.9325, "predicted_risk": 0.76741954719557182, "cell_id": "cell_15_33" }, "geometry": { "type": "Polygon", "coordinates": [ [ [ -73.935000000000144, 40.675 ], [ -73.930000000000149, 40.675 ], [ -73.930000000000149, 40.68 ], [ -73.935000000000144, 40.68 ], [ -73.935000000000144, 40.675 ] ] ] } },
{ "type": "Feature", "properties": { "center_lat": 40.6775, "center_lon": -73.9275, "predicted_risk": 0.67410574697998471, "cell_id": "cell_15_34" }, "geometry": { "type": "Polygon", "coordinates": [ [ [ -73.930000000000149, 40.675 ], [ -73.925000000000153, 40.675 ], [ -73.925000000000153, 40.68 ], [ -73.930000000000149, 40.68 ], [ -73.930000000000149, 40.675 ] ] ] } },
{ "type": "Feature", "properties": { "center_lat": 40.6775, "center_lon": -73.9225, "predicted_risk": 0.15069659005837804, "cell_id": "cell_15_35" }, "geometry": { "type": "Polygon", "coordinates": [ [ [ -73.925000000000153, 40.675 ], [ -73.920000000000158, 40.675 ], [ -73.920000000000158, 40.68 ], [ -73.925000000000153, 40.68 ], [ -73.925000000000153, 40.675 ] ] ] } },
{ "type": "Feature", "properties": { "center_lat": 40.6775, "center_lon": -73.9175, "predicted_risk": 0.077852578336032874, "cell_id": "cell_15_36" }, "geometry": { "type": "Polygon", "coordinates": [ [ [ -73.920000000000158, 40.675 ], [ -73.915000000000163, 40.675 ], [ -73.915000000000163, 40.68 ], [ -73.920000000000158, 40.68 ], [ -73.920000000000158, 40.675 ] ] ] } },
{ "type": "Feature", "properties": { "center_lat": 40.6775, "center_lon": -73.9125, "predicted_risk": 0.087150398191375295, "cell_id": "cell_15_37" }, "geometry": { "type": "Polygon", "coordinates": [ [ [ -73.915000000000163, 40.675 ], [ -73.910000000000167, 40.675 ], [ -73.910000000000167, 40.68 ], [ -73.915000000000163, 40.68 ], [ -73.915000000000163, 40.675 ] ] ] } },
{ "type": "Feature", "properties": { "center_lat": 40.6775, "center_lon": -73.9075, "predicted_risk": 0.10096532402179961, "cell_id": "cell_15_38" }, "geometry": { "type": "Polygon", "coordinates": [ [ [ -73.910000000000167, 40.675 ], [ -73.905000000000172, 40.675 ], [ -73.905000000000172, 40.68 ], [ -73.910000000000167, 40.68 ], [ -73.910000000000167, 40.675 ] ] ] } },
{ "type": "Feature", "properties": { "center_lat": 40.6825, "center_lon": -74.0975, "predicted_risk": 0.41530973522634035, "cell_id": "cell_16_0" }, "geometry": { "type": "Polygon", "coordinates": [ [ [ -74.1, 40.68 ], [ -74.095, 40.68 ], [ -74.095, 40.685 ], [ -74.1, 40.685 ], [ -74.1, 40.68 ] ] ] } },
{ "type": "Feature", "properties": { "center_lat": 40.6825, "center_lon": -74.0925, "predicted_risk": 0.42702324940682501, "cell_id": "cell_16_1" }, "geometry": { "type": "Polygon", "coordinates": [ [ [ -74.095, 40.68 ], [ -74.09, 40.68 ], [ -74.09, 40.685 ], [ -74.095, 40.685 ], [ -74.095, 40.68 ] ] ] } },
{ "type": "Feature", "properties": { "center_lat": 40.6825, "center_lon": -74.0875, "predicted_risk": 0.10940120772276059, "cell_id": "cell_16_2" }, "geometry": { "type": "Polygon", "coordinates": [ [ [ -74.09, 40.68 ], [ -74.085, 40.68 ], [ -74.085, 40.685 ], [ -74.09, 40.685 ], [ -74.09, 40.68 ] ] ] } },
{ "type": "Feature", "properties": { "center_lat": 40.6825, "center_lon": -74.0825, "predicted_risk": 0.11111593487153444, "cell_id": "cell_16_3" }, "geometry": { "type": "Polygon", "coordinates": [ [ [ -74.085, 40.68 ], [ -74.08, 40.68 ], [ -74.08, 40.685 ], [ -74.085, 40.685 ], [ -74.085, 40.68 ] ] ] } },
{ "type": "Feature", "properties": { "center_lat": 40.6825, "center_lon": -74.0775, "predicted_risk": 0.22296033757760675, "cell_id": "cell_16_4" }, "geometry": { "type": "Polygon", "coordinates": [ [ [ -74.08, 40.68 ], [ -74.075, 40.68 ], [ -74.075, 40.685 ], [ -74.08, 40.685 ], [ -74.08, 40.68 ] ] ] } },
{ "type": "Feature", "properties": { "center_lat": 40.6825, "center_lon": -74.0725, "predicted_risk": 0.4416189292340772, "cell_id": "cell_16_5" }, "geometry": { "type": "Polygon", "coordinates": [ [ [ -74.075, 40.68 ], [ -74.07, 40.68 ], [ -74.07, 40.685 ], [ -74.075, 40.685 ], [ -74.075, 40.68 ] ] ] } },
{ "type": "Feature", "properties": { "center_lat": 40.6825, "center_lon": -74.0675, "predicted_risk": 0.10815292978821708, "cell_id": "cell_16_6" }, "geometry": { "type": "Polygon", "coordinates": [ [ [ -74.07, 40.68 ], [ -74.065, 40.68 ], [ -74.065, 40.685 ], [ -74.07, 40.685 ], [ -74.07, 40.68 ] ] ] } },
{ "type": "Feature", "properties": { "center_lat": 40.6825, "center_lon": -74.0625, "predicted_risk": 0.10527608101921716, "cell_id": "cell_16_7" }, "geometry": { "type": "Polygon", "coordinates": [ [ [ -74.065, 40.68 ], [ -74.06, 40.68 ], [ -74.06, 40.685 ], [ -74.065, 40.685 ], [ -74.065, 40.68 ] ] ] } },
{ "type": "Feature", "properties": { "center_lat": 40.6825, "center_lon": -74.0575, "predicted_risk": 0.30743561674136055, "cell_id": "cell_16_8" }, "geometry": { "type": "Polygon", "coordinates": [ [ [ -74.06, 40.68 ], [ -74.055, 40.68 ], [ -74.055, 40.685 ], [ -74.06, 40.685 ], [ -74.06, 40.68 ] ] ] } },
{ "type": "Feature", "properties": { "center_lat": 40.6825, "center_lon": -74.0525, "predicted_risk": 0.10044523934701738, "cell_id": "cell_16_9" }, "geometry": { "type": "Polygon", "coordinates": [ [ [ -74.055, 40.68 ], [ -74.05, 40.68 ], [ -74.05, 40.685 ], [ -74.055, 40.685 ], [ -74.055, 40.68 ] ] ] } },
{ "type": "Feature", "properties": { "center_lat": 40.6825, "center_lon": -74.0475, "predicted_risk": 0.19934800993332177, "cell_id": "cell_16_10" }, "geometry": { "type": "Polygon", "coordinates": [ [ [ -74.05, 40.68 ], [ -74.045, 40.68 ], [ -74.045, 40.685 ], [ -74.05, 40.685 ], [ -74.05, 40.68 ] ] ] } },
{ "type": "Feature", "properties": { "center_lat": 40.6825, "center_lon": -74.0425, "predicted_risk": 0.20070732169353042, "cell_id": "cell_16_11" }, "geometry": { "type": "Polygon", "coordinates": [ [ [ -74.045, 40.68 ], [ -74.04, 40.68 ], [ -74.04, 40.685 ], [ -74.045, 40.685 ], [ -74.045, 40.68 ] ] ] } },
{ "type": "Feature", "properties": { "center_lat": 40.6825, "center_lon": -74.0375, "predicted_risk": 0.30695341057215464, "cell_id": "cell_16_12" }, "geometry": { "type": "Polygon", "coordinates": [ [ [ -74.04, 40.68 ], [ -74.035, 40.68 ], [ -74.035, 40.685 ], [ -74.04, 40.685 ], [ -74.04, 40.68 ] ] ] } },
{ "type": "Feature", "properties": { "center_lat": 40.6825, "center_lon": -74.0325, "predicted_risk": 0.42034216947702596, "cell_id": "cell_16_13" }, "geometry": { "type": "Polygon", "coordinates": [ [ [ -74.035, 40.68 ], [ -74.03, 40.68 ], [ -74.03, 40.685 ], [ -74.035, 40.685 ], [ -74.035, 40.68 ] ] ] } },
{ "type": "Feature", "properties": { "center_lat": 40.6825, "center_lon": -74.0275, "predicted_risk": 0.32393771515439895, "cell_id": "cell_16_14" }, "geometry": { "type": "Polygon", "coordinates": [ [ [ -74.03, 40.68 ], [ -74.025, 40.68 ], [ -74.025, 40.685 ], [ -74.03, 40.685 ], [ -74.03, 40.68 ] ] ] } },
{ "type": "Feature", "properties": { "center_lat": 40.6825, "center_lon": -74.0225, "predicted_risk": 0.2205808277298193, "cell_id": "cell_16_15" }, "geometry": { "type": "Polygon", "coordinates": [ [ [ -74.025, 40.68 ], [ -74.02, 40.68 ], [ -74.02, 40.685 ], [ -74.025, 40.685 ], [ -74.025, 40.68 ] ] ] } },
{ "type": "Feature", "properties": { "center_lat": 40.6825, "center_lon": -74.0175, "predicted_risk": 0.22290642489397317, "cell_id": "cell_16_16" }, "geometry": { "type": "Polygon", "coordinates": [ [ [ -74.02, 40.68 ], [ -74.015, 40.68 ], [ -74.015, 40.685 ], [ -74.02, 40.685 ], [ -74.02, 40.68 ] ] ] } },
{ "type": "Feature", "properties": { "center_lat": 40.6825, "center_lon": -74.0125, "predicted_risk": 0.33354882145237158, "cell_id": "cell_16_17" }, "geometry": { "type": "Polygon", "coordinates": [ [ [ -74.015, 40.68 ], [ -74.01, 40.68 ], [ -74.01, 40.685 ], [ -74.015, 40.685 ], [ -74.015, 40.68 ] ] ] } },
{ "type": "Feature", "properties": { "center_lat": 40.6825, "center_lon": -74.0075, "predicted_risk": 0.43818307991558086, "cell_id": "cell_16_18" }, "geometry": { "type": "Polygon", "coordinates": [ [ [ -74.01, 40.68 ], [ -74.005, 40.68 ], [ -74.005, 40.685 ], [ -74.01, 40.685 ], [ -74.01, 40.68 ] ] ] } },
{ "type": "Feature", "properties": { "center_lat": 40.6825, "center_lon": -74.0025, "predicted_risk": 0.42777014947716929, "cell_id": "cell_16_19" }, "geometry": { "type": "Polygon", "coordinates": [ [ [ -74.005, 40.68 ], [ -74.0, 40.68 ], [ -74.0, 40.685 ], [ -74.005, 40.685 ], [ -74.005, 40.68 ] ] ] } },
{ "type": "Feature", "properties": { "center_lat": 40.6825, "center_lon": -73.9975, "predicted_risk": 0.31203181436719257, "cell_id": "cell_16_20" }, "geometry": { "type": "Polygon", "coordinates": [ [ [ -74.0, 40.68 ], [ -73.995, 40.68 ], [ -73.995, 40.685 ], [ -74.0, 40.685 ], [ -74.0, 40.68 ] ] ] } },
{ "type": "Feature", "properties": { "center_lat": 40.6825, "center_lon": -73.9925, "predicted_risk": 0.30440343476569137, "cell_id": "cell_16_21" }, "geometry": { "type": "Polygon", "coordinates": [ [ [ -73.995, 40.68 ], [ -73.99, 40.68 ], [ -73.99, 40.685 ], [ -73.995, 40.685 ], [ -73.995, 40.68 ] ] ] } },
{ "type": "Feature", "properties": { "center_lat": 40.6825, "center_lon": -73.9875, "predicted_risk": 0.19987344445258715, "cell_id": "cell_16_22" }, "geometry": { "type": "Polygon", "coordinates": [ [ [ -73.99, 40.68 ], [ -73.985, 40.68 ], [ -73.985, 40.685 ], [ -73.99, 40.685 ], [ -73.99, 40.68 ] ] ] } },
{ "type": "Feature", "properties": { "center_lat": 40.6825, "center_lon": -73.9825, "predicted_risk": 0.099792200776740184, "cell_id": "cell_16_23" }, "geometry": { "type": "Polygon", "coordinates": [ [ [ -73.985, 40.68 ], [ -73.980000000000103, 40.68 ], [ -73.980000000000103, 40.685 ], [ -73.985, 40.685 ], [ -73.985, 40.68 ] ] ] } },
{ "type": "Feature", "properties": { "center_lat": 40.6825, "center_lon": -73.9775, "predicted_risk": 0.30320889339334922, "cell_id": "cell_16_24" }, "geometry": { "type": "Polygon", "coordinates": [ [ [ -73.980000000000103, 40.68 ], [ -73.975000000000108, 40.68 ], [ -73.975000000000108, 40.685 ], [ -73.980000000000103, 40.685 ], [ -73.980000000000103, 40.68 ] ] ] } },
{ "type": "Feature", "properties": { "center_lat": 40.6825, "center_lon": -73.9725, "predicted_risk": 0.86903253180856888, "cell_id": "cell_16_25" }, "geometry": { "type": "Polygon", "coordinates": [ [ [ -73.975000000000108, 40.68 ], [ -73.970000000000113, 40.68 ], [ -73.970000000000113, 40.685 ], [ -73.975000000000108, 40.685 ], [ -73.975000000000108, 40.68 ] ] ] } },
{ "type": "Feature", "properties": { "center_lat": 40.6825, "center_lon": -73.9675, "predicted_risk": 1.1913186911485152, "cell_id": "cell_16_26" }, "geometry": { "type": "Polygon", "coordinates": [ [ [ -73.970000000000113, 40.68 ], [ -73.965000000000117, 40.68 ], [ -73.965000000000117, 40.685 ], [ -73.970000000000113, 40.685 ], [ -73.970000000000113, 40.68 ] ] ] } },
{ "type": "Feature", "properties": { "center_lat": 40.6825, "center_lon": -73.9625, "predicted_risk": 0.91636656030200014, "cell_id": "cell_16_27" }, "geometry": { "type": "Polygon", "coordinates": [ [ [ -73.965000000000117, 40.68 ], [ -73.960000000000122, 40.68 ], [ -73.960000000000122, 40.685 ], [ -73.965000000000117, 40.685 ], [ -73.965000000000117, 40.68 ] ] ] } },
{ "type": "Feature", "properties": { "center_lat": 40.6825, "center_lon": -73.9575, "predicted_risk": 0.62137595832074533, "cell_id": "cell_16_28" }, "geometry": { "type": "Polygon", "coordinates": [ [ [ -73.960000000000122, 40.68 ], [ -73.955000000000126, 40.68 ], [ -73.955000000000126, 40.685 ], [ -73.960000000000122, 40.685 ], [ -73.960000000000122, 40.68 ] ] ] } },
{ "type": "Feature", "properties": { "center_lat": 40.6825, "center_lon": -73.9525, "predicted_risk": 0.93673788450017959, "cell_id": "cell_16_29" }, "geometry": { "type": "Polygon", "coordinates": [ [ [ -73.955000000000126, 40.68 ], [ -73.950000000000131, 40.68 ], [ -73.950000000000131, 40.685 ], [ -73.955000000000126, 40.685 ], [ -73.955000000000126, 40.68 ] ] ] } },
{ "type": "Feature", "properties": { "center_lat": 40.6825, "center_lon": -73.9475, "predicted_risk": 1.2389920748257397, "cell_id": "cell_16_30" }, "geometry": { "type": "Polygon", "coordinates": [ [ [ -73.950000000000131, 40.68 ], [ -73.945000000000135, 40.68 ], [ -73.945000000000135, 40.685 ], [ -73.950000000000131, 40.685 ], [ -73.950000000000131, 40.68 ] ] ] } },
{ "type": "Feature", "properties": { "center_lat": 40.6825, "center_lon": -73.9425, "predicted_risk": 0.91141720288250683, "cell_id": "cell_16_31" }, "geometry": { "type": "Polygon", "coordinates": [ [ [ -73.945000000000135, 40.68 ], [ -73.94000000000014, 40.68 ], [ -73.94000000000014, 40.685 ], [ -73.945000000000135, 40.685 ], [ -73.945000000000135, 40.68 ] ] ] } },
{ "type": "Feature", "properties": { "center_lat": 40.6825, "center_lon": -73.9375, "predicted_risk": 0.5917479734636294, "cell_id": "cell_16_32" }, "geometry": { "type": "Polygon", "coordinates": [ [ [ -73.94000000000014, 40.68 ], [ -73.935000000000144, 40.68 ], [ -73.935000000000144, 40.685 ], [ -73.94000000000014, 40.685 ], [ -73.94000000000014, 40.68 ] ] ] } },
{ "type": "Feature", "properties": { "center_lat": 40.6825, "center_lon": -73.9325, "predicted_risk": 0.28789474445197522, "cell_id": "cell_16_33" }, "geometry": { "type": "Polygon", "coordinates": [ [ [ -73.935000000000144, 40.68 ], [ -73.930000000000149, 40.68 ], [ -73.930000000000149, 40.685 ], [ -73.935000000000144, 40.685 ], [ -73.935000000000144, 40.68 ] ] ] } },
{ "type": "Feature", "properties": { "center_lat": 40.6825, "center_lon": -73.9275, "predicted_risk": 1.1272864170023198, "cell_id": "cell_16_34" }, "geometry": { "type": "Polygon", "coordinates": [ [ [ -73.930000000000149, 40.68 ], [ -73.925000000000153, 40.68 ], [ -73.925000000000153, 40.685 ], [ -73.930000000000149, 40.685 ], [ -73.930000000000149, 40.68 ] ] ] } },
{ "type": "Feature", "properties": { "center_lat": 40.6825, "center_lon": -73.9225, "predicted_risk": 0.39877354665296877, "cell_id": "cell_16_35" }, "geometry": { "type": "Polygon", "coordinates": [ [ [ -73.925000000000153, 40.68 ], [ -73.920000000000158, 40.68 ], [ -73.920000000000158, 40.685 ], [ -73.925000000000153, 40.685 ], [ -73.925000000000153, 40.68 ] ] ] } },
{ "type": "Feature", "properties": { "center_lat": 40.6825, "center_lon": -73.9175, "predicted_risk": 0.40072938130010627, "cell_id": "cell_16_36" }, "geometry": { "type": "Polygon", "coordinates": [ [ [ -73.920000000000158, 40.68 ], [ -73.915000000000163, 40.68 ], [ -73.915000000000163, 40.685 ], [ -73.920000000000158, 40.685 ], [ -73.920000000000158, 40.68 ] ] ] } },
{ "type": "Feature", "properties": { "center_lat": 40.6825, "center_lon": -73.9125, "predicted_risk": 0.10199773479855631, "cell_id": "cell_16_37" }, "geometry": { "type": "Polygon", "coordinates": [ [ [ -73.915000000000163, 40.68 ], [ -73.910000000000167, 40.68 ], [ -73.910000000000167, 40.685 ], [ -73.915000000000163, 40.685 ], [ -73.915000000000163, 40.68 ] ] ] } },
{ "type": "Feature", "properties": { "center_lat": 40.6825, "center_lon": -73.9075, "predicted_risk": 0.31408525328035536, "cell_id": "cell_16_38" }, "geometry": { "type": "Polygon", "coordinates": [ [ [ -73.910000000000167, 40.68 ], [ -73.905000000000172, 40.68 ], [ -73.905000000000172, 40.685 ], [ -73.910000000000167, 40.685 ], [ -73.910000000000167, 40.68 ] ] ] } },
{ "type": "Feature", "properties": { "center_lat": 40.6875, "center_lon": -74.0975, "predicted_risk": 0.33470204077298366, "cell_id": "cell_17_0" }, "geometry": { "type": "Polygon", "coordinates": [ [ [ -74.1, 40.685 ], [ -74.095, 40.685 ], [ -74.095, 40.69 ], [ -74.1, 40.69 ], [ -74.1, 40.685 ] ] ] } },
{ "type": "Feature", "properties": { "center_lat": 40.6875, "center_lon": -74.0925, "predicted_risk": 0.30512686760977858, "cell_id": "cell_17_1" }, "geometry": { "type": "Polygon", "coordinates": [ [ [ -74.095, 40.685 ], [ -74.09, 40.685 ], [ -74.09, 40.69 ], [ -74.095, 40.69 ], [ -74.095, 40.685 ] ] ] } },
{ "type": "Feature", "properties": { "center_lat": 40.6875, "center_lon": -74.0875, "predicted_risk": 0.18560645624697744, "cell_id": "cell_17_2" }, "geometry": { "type": "Polygon", "coordinates": [ [ [ -74.09, 40.685 ], [ -74.085, 40.685 ], [ -74.085, 40.69 ], [ -74.09, 40.69 ], [ -74.09, 40.685 ] ] ] } },
{ "type": "Feature", "properties": { "center_lat": 40.6875, "center_lon": -74.0825, "predicted_risk": 0.34812238574170051, "cell_id": "cell_17_3" }, "geometry": { "type": "Polygon", "coordinates": [ [ [ -74.085, 40.685 ], [ -74.08, 40.685 ], [ -74.08, 40.69 ], [ -74.085, 40.69 ], [ -74.085, 40.685 ] ] ] } },
{ "type": "Feature", "properties": { "center_lat": 40.6875, "center_lon": -74.0775, "predicted_risk": 0.17160880474111467, "cell_id": "cell_17_4" }, "geometry": { "type": "Polygon", "coordinates": [ [ [ -74.08, 40.685 ], [ -74.075, 40.685 ], [ -74.075, 40.69 ], [ -74.08, 40.69 ], [ -74.08, 40.685 ] ] ] } },
{ "type": "Feature", "properties": { "center_lat": 40.6875, "center_lon": -74.0725, "predicted_risk": 0.3576994440038947, "cell_id": "cell_17_5" }, "geometry": { "type": "Polygon", "coordinates": [ [ [ -74.075, 40.685 ], [ -74.07, 40.685 ], [ -74.07, 40.69 ], [ -74.075, 40.69 ], [ -74.075, 40.685 ] ] ] } },
{ "type": "Feature", "properties": { "center_lat": 40.6875, "center_lon": -74.0675, "predicted_risk": 0.097005557786029484, "cell_id": "cell_17_6" }, "geometry": { "type": "Polygon", "coordinates": [ [ [ -74.07, 40.685 ], [ -74.065, 40.685 ], [ -74.065, 40.69 ], [ -74.07, 40.69 ], [ -74.07, 40.685 ] ] ] } },
{ "type": "Feature", "properties": { "center_lat": 40.6875, "center_lon": -74.0625, "predicted_risk": 0.10669047376672694, "cell_id": "cell_17_7" }, "geometry": { "type": "Polygon", "coordinates": [ [ [ -74.065, 40.685 ], [ -74.06, 40.685 ], [ -74.06, 40.69 ], [ -74.065, 40.69 ], [ -74.065, 40.685 ] ] ] } },
{ "type": "Feature", "properties": { "center_lat": 40.6875, "center_lon": -74.0575, "predicted_risk": 0.23221680747542403, "cell_id": "cell_17_8" }, "geometry": { "type": "Polygon", "coordinates": [ [ [ -74.06, 40.685 ], [ -74.055, 40.685 ], [ -74.055, 40.69 ], [ -74.06, 40.69 ], [ -74.06, 40.685 ] ] ] } },
{ "type": "Feature", "properties": { "center_lat": 40.6875, "center_lon": -74.0525, "predicted_risk": 0.12295350998033056, "cell_id": "cell_17_9" }, "geometry": { "type": "Polygon", "coordinates": [ [ [ -74.055, 40.685 ], [ -74.05, 40.685 ], [ -74.05, 40.69 ], [ -74.055, 40.69 ], [ -74.055, 40.685 ] ] ] } },
{ "type": "Feature", "properties": { "center_lat": 40.6875, "center_lon": -74.0475, "predicted_risk": 0.5021994870197799, "cell_id": "cell_17_10" }, "geometry": { "type": "Polygon", "coordinates": [ [ [ -74.05, 40.685 ], [ -74.045, 40.685 ], [ -74.045, 40.69 ], [ -74.05, 40.69 ], [ -74.05, 40.685 ] ] ] } },
{ "type": "Feature", "properties": { "center_lat": 40.6875, "center_lon": -74.0425, "predicted_risk": 0.12326180914785639, "cell_id": "cell_17_11" }, "geometry": { "type": "Polygon", "coordinates": [ [ [ -74.045, 40.685 ], [ -74.04, 40.685 ], [ -74.04, 40.69 ], [ -74.045, 40.69 ], [ -74.045, 40.685 ] ] ] } },
{ "type": "Feature", "properties": { "center_lat": 40.6875, "center_lon": -74.0375, "predicted_risk": 0.11664951968425941, "cell_id": "cell_17_12" }, "geometry": { "type": "Polygon", "coordinates": [ [ [ -74.04, 40.685 ], [ -74.035, 40.685 ], [ -74.035, 40.69 ], [ -74.04, 40.69 ], [ -74.04, 40.685 ] ] ] } },
{ "type": "Feature", "properties": { "center_lat": 40.6875, "center_lon": -74.0325, "predicted_risk": 0.2146638448729522, "cell_id": "cell_17_13" }, "geometry": { "type": "Polygon", "coordinates": [ [ [ -74.035, 40.685 ], [ -74.03, 40.685 ], [ -74.03, 40.69 ], [ -74.035, 40.69 ], [ -74.035, 40.685 ] ] ] } },
{ "type": "Feature", "properties": { "center_lat": 40.6875, "center_lon": -74.0275, "predicted_risk": 0.19518058034670691, "cell_id": "cell_17_14" }, "geometry": { "type": "Polygon", "coordinates": [ [ [ -74.03, 40.685 ], [ -74.025, 40.685 ], [ -74.025, 40.69 ], [ -74.03, 40.69 ], [ -74.03, 40.685 ] ] ] } },
{ "type": "Feature", "properties": { "center_lat": 40.6875, "center_lon": -74.0225, "predicted_risk": 0.089809714224171888, "cell_id": "cell_17_15" }, "geometry": { "type": "Polygon", "coordinates": [ [ [ -74.025, 40.685 ], [ -74.02, 40.685 ], [ -74.02, 40.69 ], [ -74.025, 40.69 ], [ -74.025, 40.685 ] ] ] } },
{ "type": "Feature", "properties": { "center_lat": 40.6875, "center_lon": -74.0175, "predicted_risk": 0.34358060375353877, "cell_id": "cell_17_16" }, "geometry": { "type": "Polygon", "coordinates": [ [ [ -74.02, 40.685 ], [ -74.015, 40.685 ], [ -74.015, 40.69 ], [ -74.02, 40.69 ], [ -74.02, 40.685 ] ] ] } },
{ "type": "Feature", "properties": { "center_lat": 40.6875, "center_lon": -74.0125, "predicted_risk": 0.26041506580051832, "cell_id": "cell_17_17" }, "geometry": { "type": "Polygon", "coordinates": [ [ [ -74.015, 40.685 ], [ -74.01, 40.685 ], [ -74.01, 40.69 ], [ -74.015, 40.69 ], [ -74.015, 40.685 ] ] ] } },
{ "type": "Feature", "properties": { "center_lat": 40.6875, "center_lon": -74.0075, "predicted_risk": 0.18463311811413519, "cell_id": "cell_17_18" }, "geometry": { "type": "Polygon", "coordinates": [ [ [ -74.01, 40.685 ], [ -74.005, 40.685 ], [ -74.005, 40.69 ], [ -74.01, 40.69 ], [ -74.01, 40.685 ] ] ] } },
{ "type": "Feature", "properties": { "center_lat": 40.6875, "center_lon": -74.0025, "predicted_risk": 0.40432138319865529, "cell_id": "cell_17_19" }, "geometry": { "type": "Polygon", "coordinates": [ [ [ -74.005, 40.685 ], [ -74.0, 40.685 ], [ -74.0, 40.69 ], [ -74.005, 40.69 ], [ -74.005, 40.685 ] ] ] } },
{ "type": "Feature", "properties": { "center_lat": 40.6875, "center_lon": -73.9975, "predicted_risk": 0.1109507015189357, "cell_id": "cell_17_20" }, "geometry": { "type": "Polygon", "coordinates": [ [ [ -74.0, 40.685 ], [ -73.995, 40.685 ], [ -73.995, 40.69 ], [ -74.0, 40.69 ], [ -74.0, 40.685 ] ] ] } },
{ "type": "Feature", "properties": { "center_lat": 40.6875, "center_lon": -73.9925, "predicted_risk": 0.23902203778830097, "cell_id": "cell_17_21" }, "geometry": { "type": "Polygon", "coordinates": [ [ [ -73.995, 40.685 ], [ -73.99, 40.685 ], [ -73.99, 40.69 ], [ -73.995, 40.69 ], [ -73.995, 40.685 ] ] ] } },
{ "type": "Feature", "properties": { "center_lat": 40.6875, "center_lon": -73.9875, "predicted_risk": 0.37399630104098053, "cell_id": "cell_17_22" }, "geometry": { "type": "Polygon", "coordinates": [ [ [ -73.99, 40.685 ], [ -73.985, 40.685 ], [ -73.985, 40.69 ], [ -73.99, 40.69 ], [ -73.99, 40.685 ] ] ] } },
{ "type": "Feature", "properties": { "center_lat": 40.6875, "center_lon": -73.9825, "predicted_risk": 0.125151965371327, "cell_id": "cell_17_23" }, "geometry": { "type": "Polygon", "coordinates": [ [ [ -73.985, 40.685 ], [ -73.980000000000103, 40.685 ], [ -73.980000000000103, 40.69 ], [ -73.985, 40.69 ], [ -73.985, 40.685 ] ] ] } },
{ "type": "Feature", "properties": { "center_lat": 40.6875, "center_lon": -73.9775, "predicted_risk": 0.36255448212242058, "cell_id": "cell_17_24" }, "geometry": { "type": "Polygon", "coordinates": [ [ [ -73.980000000000103, 40.685 ], [ -73.975000000000108, 40.685 ], [ -73.975000000000108, 40.69 ], [ -73.980000000000103, 40.69 ], [ -73.980000000000103, 40.685 ] ] ] } },
{ "type": "Feature", "properties": { "center_lat": 40.6875, "center_lon": -73.9725, "predicted_risk": 0.31588739015300166, "cell_id": "cell_17_25" }, "geometry": { "type": "Polygon", "coordinates": [ [ [ -73.975000000000108, 40.685 ], [ -73.970000000000113, 40.685 ], [ -73.970000000000113, 40.69 ], [ -73.975000000000108, 40.69 ], [ -73.975000000000108, 40.685 ] ] ] } },
{ "type": "Feature", "properties": { "center_lat": 40.6875, "center_lon": -73.9675, "predicted_risk": 0.86532936937491056, "cell_id": "cell_17_26" }, "geometry": { "type": "Polygon", "coordinates": [ [ [ -73.970000000000113, 40.685 ], [ -73.965000000000117, 40.685 ], [ -73.965000000000117, 40.69 ], [ -73.970000000000113, 40.69 ], [ -73.970000000000113, 40.685 ] ] ] } },
{ "type": "Feature", "properties": { "center_lat": 40.6875, "center_lon": -73.9625, "predicted_risk": 0.52554139190160643, "cell_id": "cell_17_27" }, "geometry": { "type": "Polygon", "coordinates": [ [ [ -73.965000000000117, 40.685 ], [ -73.960000000000122, 40.685 ], [ -73.960000000000122, 40.69 ], [ -73.965000000000117, 40.69 ], [ -73.965000000000117, 40.685 ] ] ] } },
{ "type": "Feature", "properties": { "center_lat": 40.6875, "center_lon": -73.9575, "predicted_risk": 0.98062245664001946, "cell_id": "cell_17_28" }, "geometry": { "type": "Polygon", "coordinates": [ [ [ -73.960000000000122, 40.685 ], [ -73.955000000000126, 40.685 ], [ -73.955000000000126, 40.69 ], [ -73.960000000000122, 40.69 ], [ -73.960000000000122, 40.685 ] ] ] } },
{ "type": "Feature", "properties": { "center_lat": 40.6875, "center_lon": -73.9525, "predicted_risk": 0.71973199236706364, "cell_id": "cell_17_29" }, "geometry": { "type": "Polygon", "coordinates": [ [ [ -73.955000000000126, 40.685 ], [ -73.950000000000131, 40.685 ], [ -73.950000000000131, 40.69 ], [ -73.955000000000126, 40.69 ], [ -73.955000000000126, 40.685 ] ] ] } },
{ "type": "Feature", "properties": { "center_lat": 40.6875, "center_lon": -73.9475, "predicted_risk": 0.74495997759333188, "cell_id": "cell_17_30" }, "geometry": { "type": "Polygon", "coordinates": [ [ [ -73.950000000000131, 40.685 ], [ -73.945000000000135, 40.685 ], [ -73.945000000000135, 40.69 ], [ -73.950000000000131, 40.69 ], [ -73.950000000000131, 40.685 ] ] ] } },
{ "type": "Feature", "properties": { "center_lat": 40.6875, "center_lon": -73.9425, "predicted_risk": 0.53664940501251635, "cell_id": "cell_17_31" }, "geometry": { "type": "Polygon", "coordinates": [ [ [ -73.945000000000135, 40.685 ], [ -73.94000000000014, 40.685 ], [ -73.94000000000014, 40.69 ], [ -73.945000000000135, 40.69 ], [ -73.945000000000135, 40.685 ] ] ] } },
{ "type": "Feature", "properties": { "center_lat": 40.6875, "center_lon": -73.9375, "predicted_risk": 1.1801077734287044, "cell_id": "cell_17_32" }, "geometry": { "type": "Polygon", "coordinates": [ [ [ -73.94000000000014, 40.685 ], [ -73.935000000000144, 40.685 ], [ -73.935000000000144, 40.69 ], [ -73.94000000000014, 40.69 ], [ -73.94000000000014, 40.685 ] ] ] } },
{ "type": "Feature", "properties": { "center_lat": 40.6875, "center_lon": -73.9325, "predicted_risk": 0.6437781505008966, "cell_id": "cell_17_33" }, "geometry": { "type": "Polygon", "coordinates": [ [ [ -73.935000000000144, 40.685 ], [ -73.930000000000149, 40.685 ], [ -73.930000000000149, 40.69 ], [ -73.935000000000144, 40.69 ], [ -73.935000000000144, 40.685 ] ] ] } },
{ "type": "Feature", "properties": { "center_lat": 40.6875, "center_lon": -73.9275, "predicted_risk": 0.3423343114489279, "cell_id": "cell_17_34" }, "geometry": { "type": "Polygon", "coordinates": [ [ [ -73.930000000000149, 40.685 ], [ -73.925000000000153, 40.685 ], [ -73.925000000000153, 40.69 ], [ -73.930000000000149, 40.69 ], [ -73.930000000000149, 40.685 ] ] ] } },
{ "type": "Feature", "properties": { "center_lat": 40.6875, "center_lon": -73.9225, "predicted_risk": 0.12548462324241413, "cell_id": "cell_17_35" }, "geometry": { "type": "Polygon", "coordinates": [ [ [ -73.925000000000153, 40.685 ], [ -73.920000000000158, 40.685 ], [ -73.920000000000158, 40.69 ], [ -73.925000000000153, 40.69 ], [ -73.925000000000153, 40.685 ] ] ] } },
{ "type": "Feature", "properties": { "center_lat": 40.6875, "center_lon": -73.9175, "predicted_risk": 0.24767708625141965, "cell_id": "cell_17_36" }, "geometry": { "type": "Polygon", "coordinates": [ [ [ -73.920000000000158, 40.685 ], [ -73.915000000000163, 40.685 ], [ -73.915000000000163, 40.69 ], [ -73.920000000000158, 40.69 ], [ -73.920000000000158, 40.685 ] ] ] } },
{ "type": "Feature", "properties": { "center_lat": 40.6875, "center_lon": -73.9125, "predicted_risk": 0.23545406312080863, "cell_id": "cell_17_37" }, "geometry": { "type": "Polygon", "coordinates": [ [ [ -73.915000000000163, 40.685 ], [ -73.910000000000167, 40.685 ], [ -73.910000000000167, 40.69 ], [ -73.915000000000163, 40.69 ], [ -73.915000000000163, 40.685 ] ] ] } },
{ "type": "Feature", "properties": { "center_lat": 40.6875, "center_lon": -73.9075, "predicted_risk": 0.32593919917235442, "cell_id": "cell_17_38" }, "geometry": { "type": "Polygon", "coordinates": [ [ [ -73.910000000000167, 40.685 ], [ -73.905000000000172, 40.685 ], [ -73.905000000000172, 40.69 ], [ -73.910000000000167, 40.69 ], [ -73.910000000000167, 40.685 ] ] ] } },
{ "type": "Feature", "properties": { "center_lat": 40.6925, "center_lon": -74.0975, "predicted_risk": 0.35353873618954873, "cell_id": "cell_18_0" }, "geometry": { "type": "Polygon", "coordinates": [ [ [ -74.1, 40.69 ], [ -74.095, 40.69 ], [ -74.095, 40.695 ], [ -74.1, 40.695 ], [ -74.1, 40.69 ] ] ] } },
{ "type": "Feature", "properties": { "center_lat": 40.6925, "center_lon": -74.0925, "predicted_risk": 0.097614762696082907, "cell_id": "cell_18_1" }, "geometry": { "type": "Polygon", "coordinates": [ [ [ -74.095, 40.69 ], [ -74.09, 40.69 ], [ -74.09, 40.695 ], [ -74.095, 40.695 ], [ -74.095, 40.69 ] ] ] } },
{ "type": "Feature", "properties": { "center_lat": 40.6925, "center_lon": -74.0875, "predicted_risk": 0.23801503374769223, "cell_id": "cell_18_2" }, "geometry": { "type": "Polygon", "coordinates": [ [ [ -74.09, 40.69 ], [ -74.085, 40.69 ], [ -74.085, 40.695 ], [ -74.09, 40.695 ], [ -74.09, 40.69 ] ] ] } },
{ "type": "Feature", "properties": { "center_lat": 40.6925, "center_lon": -74.0825, "predicted_risk": 0.20247508686734805, "cell_id": "cell_18_3" }, "geometry": { "type": "Polygon", "coordinates": [ [ [ -74.085, 40.69 ], [ -74.08, 40.69 ], [ -74.08, 40.695 ], [ -74.085, 40.695 ], [ -74.085, 40.69 ] ] ] } },
{ "type": "Feature", "properties": { "center_lat": 40.6925, "center_lon": -74.0775, "predicted_risk": 0.064975288647533269, "cell_id": "cell_18_4" }, "geometry": { "type": "Polygon", "coordinates": [ [ [ -74.08, 40.69 ], [ -74.075, 40.69 ], [ -74.075, 40.695 ], [ -74.08, 40.695 ], [ -74.08, 40.69 ] ] ] } },
{ "type": "Feature", "properties": { "center_lat": 40.6925, "center_lon": -74.0725, "predicted_risk": 0.28962091139211082, "cell_id": "cell_18_5" }, "geometry": { "type": "Polygon", "coordinates": [ [ [ -74.075, 40.69 ], [ -74.07, 40.69 ], [ -74.07, 40.695 ], [ -74.075, 40.695 ], [ -74.075, 40.69 ] ] ] } },
{ "type": "Feature", "properties": { "center_lat": 40.6925, "center_lon": -74.0675, "predicted_risk": 0.26388721493832912, "cell_id": "cell_18_6" }, "geometry": { "type": "Polygon", "coordinates": [ [ [ -74.07, 40.69 ], [ -74.065, 40.69 ], [ -74.065, 40.695 ], [ -74.07, 40.695 ], [ -74.07, 40.69 ] ] ] } },
{ "type": "Feature", "properties": { "center_lat": 40.6925, "center_lon": -74.0625, "predicted_risk": 0.43135152201817428, "cell_id": "cell_18_7" }, "geometry": { "type": "Polygon", "coordinates": [ [ [ -74.065, 40.69 ], [ -74.06, 40.69 ], [ -74.06, 40.695 ], [ -74.065, 40.695 ], [ -74.065, 40.69 ] ] ] } },
{ "type": "Feature", "properties": { "center_lat": 40.6925, "center_lon": -74.0575, "predicted_risk": 0.38149633449986708, "cell_id": "cell_18_8" }, "geometry": { "type": "Polygon", "coordinates": [ [ [ -74.06, 40.69 ], [ -74.055, 40.69 ], [ -74.055, 40.695 ], [ -74.06, 40.695 ], [ -74.06, 40.69 ] ] ] } },
{ "type": "Feature", "properties": { "center_lat": 40.6925, "center_lon": -74.0525, "predicted_risk": 0.56485214458280086, "cell_id": "cell_18_9" }, "geometry": { "type": "Polygon", "coordinates": [ [ [ -74.055, 40.69 ], [ -74.05, 40.69 ], [ -74.05, 40.695 ], [ -74.055, 40.695 ], [ -74.055, 40.69 ] ] ] } },
{ "type": "Feature", "properties": { "center_lat": 40.6925, "center_lon": -74.0475, "predicted_risk": 0.58616525664634578, "cell_id": "cell_18_10" }, "geometry": { "type": "Polygon", "coordinates": [ [ [ -74.05, 40.69 ], [ -74.045, 40.69 ], [ -74.045, 40.695 ], [ -74.05, 40.695 ], [ -74.05, 40.69 ] ] ] } },
{ "type": "Feature", "properties": { "center_lat": 40.6925, "center_lon": -74.0425, "predicted_risk": 0.5673829223699417, "cell_id": "cell_18_11" }, "geometry": { "type": "Polygon", "coordinates": [ [ [ -74.045, 40.69 ], [ -74.04, 40.69 ], [ -74.04, 40.695 ], [ -74.045, 40.695 ], [ -74.045, 40.69 ] ] ] } },
{ "type": "Feature", "properties": { "center_lat": 40.6925, "center_lon": -74.0375, "predicted_risk": 0.51310371224131124, "cell_id": "cell_18_12" }, "geometry": { "type": "Polygon", "coordinates": [ [ [ -74.04, 40.69 ], [ -74.035, 40.69 ], [ -74.035, 40.695 ], [ -74.04, 40.695 ], [ -74.04, 40.69 ] ] ] } },
{ "type": "Feature", "properties": { "center_lat": 40.6925, "center_lon": -74.0325, "predicted_risk": 0.10915426748834578, "cell_id": "cell_18_13" }, "geometry": { "type": "Polygon", "coordinates": [ [ [ -74.035, 40.69 ], [ -74.03, 40.69 ], [ -74.03, 40.695 ], [ -74.035, 40.695 ], [ -74.035, 40.69 ] ] ] } },
{ "type": "Feature", "properties": { "center_lat": 40.6925, "center_lon": -74.0275, "predicted_risk": 0.35664959310335437, "cell_id": "cell_18_14" }, "geometry": { "type": "Polygon", "coordinates": [ [ [ -74.03, 40.69 ], [ -74.025, 40.69 ], [ -74.025, 40.695 ], [ -74.03, 40.695 ], [ -74.03, 40.69 ] ] ] } },
{ "type": "Feature", "properties": { "center_lat": 40.6925, "center_lon": -74.0225, "predicted_risk": 0.21958508174031238, "cell_id": "cell_18_15" }, "geometry": { "type": "Polygon", "coordinates": [ [ [ -74.025, 40.69 ], [ -74.02, 40.69 ], [ -74.02, 40.695 ], [ -74.025, 40.695 ], [ -74.025, 40.69 ] ] ] } },
{ "type": "Feature", "properties": { "center_lat": 40.6925, "center_lon": -74.0175, "predicted_risk": 0.39096914226380414, "cell_id": "cell_18_16" }, "geometry": { "type": "Polygon", "coordinates": [ [ [ -74.02, 40.69 ], [ -74.015, 40.69 ], [ -74.015, 40.695 ], [ -74.02, 40.695 ], [ -74.02, 40.69 ] ] ] } },
{ "type": "Feature", "properties": { "center_lat": 40.6925, "center_lon": -74.0125, "predicted_risk": 0.20108630853383003, "cell_id": "cell_18_17" }, "geometry": { "type": "Polygon", "coordinates": [ [ [ -74.015, 40.69 ], [ -74.01, 40.69 ], [ -74.01, 40.695 ], [ -74.015, 40.695 ], [ -74.015, 40.69 ] ] ] } },
{ "type": "Feature", "properties": { "center_lat": 40.6925, "center_lon": -74.0075, "predicted_risk": 0.94007517305066945, "cell_id": "cell_18_18" }, "geometry": { "type": "Polygon", "coordinates": [ [ [ -74.01, 40.69 ], [ -74.005, 40.69 ], [ -74.005, 40.695 ], [ -74.01, 40.695 ], [ -74.01, 40.69 ] ] ] } },
{ "type": "Feature", "properties": { "center_lat": 40.6925, "center_lon": -74.0025, "predicted_risk": 1.1558966784805533, "cell_id": "cell_18_19" }, "geometry": { "type": "Polygon", "coordinates": [ [ [ -74.005, 40.69 ], [ -74.0, 40.69 ], [ -74.0, 40.695 ], [ -74.005, 40.695 ], [ -74.005, 40.69 ] ] ] } },
{ "type": "Feature", "properties": { "center_lat": 40.6925, "center_lon": -73.9975, "predicted_risk": 0.11658075990475102, "cell_id": "cell_18_20" }, "geometry": { "type": "Polygon", "coordinates": [ [ [ -74.0, 40.69 ], [ -73.995, 40.69 ], [ -73.995, 40.695 ], [ -74.0, 40.695 ], [ -74.0, 40.69 ] ] ] } },
{ "type": "Feature", "properties": { "center_lat": 40.6925, "center_lon": -73.9925, "predicted_risk": 0.53659329444300996, "cell_id": "cell_18_21" }, "geometry": { "type": "Polygon", "coordinates": [ [ [ -73.995, 40.69 ], [ -73.99, 40.69 ], [ -73.99, 40.695 ], [ -73.995, 40.695 ], [ -73.995, 40.69 ] ] ] } },
{ "type": "Feature", "properties": { "center_lat": 40.6925, "center_lon": -73.9875, "predicted_risk": 0.14472626203923714, "cell_id": "cell_18_22" }, "geometry": { "type": "Polygon", "coordinates": [ [ [ -73.99, 40.69 ], [ -73.985, 40.69 ], [ -73.985, 40.695 ], [ -73.99, 40.695 ], [ -73.99, 40.69 ] ] ] } },
{ "type": "Feature", "properties": { "center_lat": 40.6925, "center_lon": -73.9825, "predicted_risk": 0.29144945388889953, "cell_id": "cell_18_23" }, "geometry": { "type": "Polygon", "coordinates": [ [ [ -73.985, 40.69 ], [ -73.980000000000103, 40.69 ], [ -73.980000000000103, 40.695 ], [ -73.985, 40.695 ], [ -73.985, 40.69 ] ] ] } },
{ "type": "Feature", "properties": { "center_lat": 40.6925, "center_lon": -73.9775, "predicted_risk": 0.54759703717964259, "cell_id": "cell_18_24" }, "geometry": { "type": "Polygon", "coordinates": [ [ [ -73.980000000000103, 40.69 ], [ -73.975000000000108, 40.69 ], [ -73.975000000000108, 40.695 ], [ -73.980000000000103, 40.695 ], [ -73.980000000000103, 40.69 ] ] ] } },
{ "type": "Feature", "properties": { "center_lat": 40.6925, "center_lon": -73.9725, "predicted_risk": 0.36123192411042099, "cell_id": "cell_18_25" }, "geometry": { "type": "Polygon", "coordinates": [ [ [ -73.975000000000108, 40.69 ], [ -73.970000000000113, 40.69 ], [ -73.970000000000113, 40.695 ], [ -73.975000000000108, 40.695 ], [ -73.975000000000108, 40.69 ] ] ] } },
{ "type": "Feature", "properties": { "center_lat": 40.6925, "center_lon": -73.9675, "predicted_risk": 0.84248523995009506, "cell_id": "cell_18_26" }, "geometry": { "type": "Polygon", "coordinates": [ [ [ -73.970000000000113, 40.69 ], [ -73.965000000000117, 40.69 ], [ -73.965000000000117, 40.695 ], [ -73.970000000000113, 40.695 ], [ -73.970000000000113, 40.69 ] ] ] } },
{ "type": "Feature", "properties": { "center_lat": 40.6925, "center_lon": -73.9625, "predicted_risk": 0.4562864343683446, "cell_id": "cell_18_27" }, "geometry": { "type": "Polygon", "coordinates": [ [ [ -73.965000000000117, 40.69 ], [ -73.960000000000122, 40.69 ], [ -73.960000000000122, 40.695 ], [ -73.965000000000117, 40.695 ], [ -73.965000000000117, 40.69 ] ] ] } },
{ "type": "Feature", "properties": { "center_lat": 40.6925, "center_lon": -73.9575, "predicted_risk": 0.76797352365060223, "cell_id": "cell_18_28" }, "geometry": { "type": "Polygon", "coordinates": [ [ [ -73.960000000000122, 40.69 ], [ -73.955000000000126, 40.69 ], [ -73.955000000000126, 40.695 ], [ -73.960000000000122, 40.695 ], [ -73.960000000000122, 40.69 ] ] ] } },
{ "type": "Feature", "properties": { "center_lat": 40.6925, "center_lon": -73.9525, "predicted_risk": 0.3624592903817776, "cell_id": "cell_18_29" }, "geometry": { "type": "Polygon", "coordinates": [ [ [ -73.955000000000126, 40.69 ], [ -73.950000000000131, 40.69 ], [ -73.950000000000131, 40.695 ], [ -73.955000000000126, 40.695 ], [ -73.955000000000126, 40.69 ] ] ] } },
{ "type": "Feature", "properties": { "center_lat": 40.6925, "center_lon": -73.9475, "predicted_risk": 0.39697469584402051, "cell_id": "cell_18_30" }, "geometry": { "type": "Polygon", "coordinates": [ [ [ -73.950000000000131, 40.69 ], [ -73.945000000000135, 40.69 ], [ -73.945000000000135, 40.695 ], [ -73.950000000000131, 40.695 ], [ -73.950000000000131, 40.69 ] ] ] } },
{ "type": "Feature", "properties": { "center_lat": 40.6925, "center_lon": -73.9425, "predicted_risk": 0.71862360478222054, "cell_id": "cell_18_31" }, "geometry": { "type": "Polygon", "coordinates": [ [ [ -73.945000000000135, 40.69 ], [ -73.94000000000014, 40.69 ], [ -73.94000000000014, 40.695 ], [ -73.945000000000135, 40.695 ], [ -73.945000000000135, 40.69 ] ] ] } },
{ "type": "Feature", "properties": { "center_lat": 40.6925, "center_lon": -73.9375, "predicted_risk": 0.58867958204969051, "cell_id": "cell_18_32" }, "geometry": { "type": "Polygon", "coordinates": [ [ [ -73.94000000000014, 40.69 ], [ -73.935000000000144, 40.69 ], [ -73.935000000000144, 40.695 ], [ -73.94000000000014, 40.695 ], [ -73.94000000000014, 40.69 ] ] ] } },
{ "type": "Feature", "properties": { "center_lat": 40.6925, "center_lon": -73.9325, "predicted_risk": 1.3978660414169912, "cell_id": "cell_18_33" }, "geometry": { "type": "Polygon", "coordinates": [ [ [ -73.935000000000144, 40.69 ], [ -73.930000000000149, 40.69 ], [ -73.930000000000149, 40.695 ], [ -73.935000000000144, 40.695 ], [ -73.935000000000144, 40.69 ] ] ] } },
{ "type": "Feature", "properties": { "center_lat": 40.6925, "center_lon": -73.9275, "predicted_risk": 0.13979443431383753, "cell_id": "cell_18_34" }, "geometry": { "type": "Polygon", "coordinates": [ [ [ -73.930000000000149, 40.69 ], [ -73.925000000000153, 40.69 ], [ -73.925000000000153, 40.695 ], [ -73.930000000000149, 40.695 ], [ -73.930000000000149, 40.69 ] ] ] } },
{ "type": "Feature", "properties": { "center_lat": 40.6925, "center_lon": -73.9225, "predicted_risk": 0.58562964220572877, "cell_id": "cell_18_35" }, "geometry": { "type": "Polygon", "coordinates": [ [ [ -73.925000000000153, 40.69 ], [ -73.920000000000158, 40.69 ], [ -73.920000000000158, 40.695 ], [ -73.925000000000153, 40.695 ], [ -73.925000000000153, 40.69 ] ] ] } },
{ "type": "Feature", "properties": { "center_lat": 40.6925, "center_lon": -73.9175, "predicted_risk": 0.42908792843356125, "cell_id": "cell_18_36" }, "geometry": { "type": "Polygon", "coordinates": [ [ [ -73.920000000000158, 40.69 ], [ -73.915000000000163, 40.69 ], [ -73.915000000000163, 40.695 ], [ -73.920000000000158, 40.695 ], [ -73.920000000000158, 40.69 ] ] ] } },
{ "type": "Feature", "properties": { "center_lat": 40.6925, "center_lon": -73.9125, "predicted_risk": 0.39146162415388769, "cell_id": "cell_18_37" }, "geometry": { "type": "Polygon", "coordinates": [ [ [ -73.915000000000163, 40.69 ], [ -73.910000000000167, 40.69 ], [ -73.910000000000167, 40.695 ], [ -73.915000000000163, 40.695 ], [ -73.915000000000163, 40.69 ] ] ] } },
{ "type": "Feature", "properties": { "center_lat": 40.6925, "center_lon": -73.9075, "predicted_risk": 0.33555555036627888, "cell_id": "cell_18_38" }, "geometry": { "type": "Polygon", "coordinates": [ [ [ -73.910000000000167, 40.69 ], [ -73.905000000000172, 40.69 ], [ -73.905000000000172, 40.695 ], [ -73.910000000000167, 40.695 ], [ -73.910000000000167, 40.69 ] ] ] } },
{ "type": "Feature", "properties": { "center_lat": 40.6975, "center_lon": -74.0975, "predicted_risk": 0.12112683589287536, "cell_id": "cell_19_0" }, "geometry": { "type": "Polygon", "coordinates": [ [ [ -74.1, 40.695 ], [ -74.095, 40.695 ], [ -74.095, 40.7 ], [ -74.1, 40.7 ], [ -74.1, 40.695 ] ] ] } },
{ "type": "Feature", "properties": { "center_lat": 40.6975, "center_lon": -74.0925, "predicted_risk": 0.095475634109140256, "cell_id": "cell_19_1" }, "geometry": { "type": "Polygon", "coordinates": [ [ [ -74.095, 40.695 ], [ -74.09, 40.695 ], [ -74.09, 40.7 ], [ -74.095, 40.7 ], [ -74.095, 40.695 ] ] ] } },
{ "type": "Feature", "properties": { "center_lat": 40.6975, "center_lon": -74.0875, "predicted_risk": 0.1446064603902569, "cell_id": "cell_19_2" }, "geometry": { "type": "Polygon", "coordinates": [ [ [ -74.09, 40.695 ], [ -74.085, 40.695 ], [ -74.085, 40.7 ], [ -74.09, 40.7 ], [ -74.09, 40.695 ] ] ] } },
{ "type": "Feature", "properties": { "center_lat": 40.6975, "center_lon": -74.0825, "predicted_risk": 0.17184911038424128, "cell_id": "cell_19_3" }, "geometry": { "type": "Polygon", "coordinates": [ [ [ -74.085, 40.695 ], [ -74.08, 40.695 ], [ -74.08, 40.7 ], [ -74.085, 40.7 ], [ -74.085, 40.695 ] ] ] } },
{ "type": "Feature", "properties": { "center_lat": 40.6975, "center_lon": -74.0775, "predicted_risk": 0.16227756330002457, "cell_id": "cell_19_4" }, "geometry": { "type": "Polygon", "coordinates": [ [ [ -74.08, 40.695 ], [ -74.075, 40.695 ], [ -74.075, 40.7 ], [ -74.08, 40.7 ], [ -74.08, 40.695 ] ] ] } },
{ "type": "Feature", "properties": { "center_lat": 40.6975, "center_lon": -74.0725, "predicted_risk": 0.063512832626097387, "cell_id": "cell_19_5" }, "geometry": { "type": "Polygon", "coordinates": [ [ [ -74.075, 40.695 ], [ -74.07, 40.695 ], [ -74.07, 40.7 ], [ -74.075, 40.7 ], [ -74.075, 40.695 ] ] ] } },
{ "type": "Feature", "properties": { "center_lat": 40.6975, "center_lon": -74.0675, "predicted_risk": 0.2497126516996574, "cell_id": "cell_19_6" }, "geometry": { "type": "Polygon", "coordinates": [ [ [ -74.07, 40.695 ], [ -74.065, 40.695 ], [ -74.065, 40.7 ], [ -74.07, 40.7 ], [ -74.07, 40.695 ] ] ] } },
{ "type": "Feature", "properties": { "center_lat": 40.6975, "center_lon": -74.0625, "predicted_risk": 0.32531212813809801, "cell_id": "cell_19_7" }, "geometry": { "type": "Polygon", "coordinates": [ [ [ -74.065, 40.695 ], [ -74.06, 40.695 ], [ -74.06, 40.7 ], [ -74.065, 40.7 ], [ -74.065, 40.695 ] ] ] } },
{ "type": "Feature", "properties": { "center_lat": 40.6975, "center_lon": -74.0575, "predicted_risk": 0.53177005164981928, "cell_id": "cell_19_8" }, "geometry": { "type": "Polygon", "coordinates": [ [ [ -74.06, 40.695 ], [ -74.055, 40.695 ], [ -74.055, 40.7 ], [ -74.06, 40.7 ], [ -74.06, 40.695 ] ] ] } },
{ "type": "Feature", "properties": { "center_lat": 40.6975, "center_lon": -74.0525, "predicted_risk": 0.30150649802895979, "cell_id": "cell_19_9" }, "geometry": { "type": "Polygon", "coordinates": [ [ [ -74.055, 40.695 ], [ -74.05, 40.695 ], [ -74.05, 40.7 ], [ -74.055, 40.7 ], [ -74.055, 40.695 ] ] ] } },
{ "type": "Feature", "properties": { "center_lat": 40.6975, "center_lon": -74.0475, "predicted_risk": 0.3150177899662937, "cell_id": "cell_19_10" }, "geometry": { "type": "Polygon", "coordinates": [ [ [ -74.05, 40.695 ], [ -74.045, 40.695 ], [ -74.045, 40.7 ], [ -74.05, 40.7 ], [ -74.05, 40.695 ] ] ] } },
{ "type": "Feature", "properties": { "center_lat": 40.6975, "center_lon": -74.0425, "predicted_risk": 0.45466629922188018, "cell_id": "cell_19_11" }, "geometry": { "type": "Polygon", "coordinates": [ [ [ -74.045, 40.695 ], [ -74.04, 40.695 ], [ -74.04, 40.7 ], [ -74.045, 40.7 ], [ -74.045, 40.695 ] ] ] } },
{ "type": "Feature", "properties": { "center_lat": 40.6975, "center_lon": -74.0375, "predicted_risk": 0.40305143518964204, "cell_id": "cell_19_12" }, "geometry": { "type": "Polygon", "coordinates": [ [ [ -74.04, 40.695 ], [ -74.035, 40.695 ], [ -74.035, 40.7 ], [ -74.04, 40.7 ], [ -74.04, 40.695 ] ] ] } },
{ "type": "Feature", "properties": { "center_lat": 40.6975, "center_lon": -74.0325, "predicted_risk": 0.44042561559859855, "cell_id": "cell_19_13" }, "geometry": { "type": "Polygon", "coordinates": [ [ [ -74.035, 40.695 ], [ -74.03, 40.695 ], [ -74.03, 40.7 ], [ -74.035, 40.7 ], [ -74.035, 40.695 ] ] ] } },
{ "type": "Feature", "properties": { "center_lat": 40.6975, "center_lon": -74.0275, "predicted_risk": 0.084759004561830498, "cell_id": "cell_19_14" }, "geometry": { "type": "Polygon", "coordinates": [ [ [ -74.03, 40.695 ], [ -74.025, 40.695 ], [ -74.025, 40.7 ], [ -74.03, 40.7 ], [ -74.03, 40.695 ] ] ] } },
{ "type": "Feature", "properties": { "center_lat": 40.6975, "center_lon": -74.0225, "predicted_risk": 0.5806278698611913, "cell_id": "cell_19_15" }, "geometry": { "type": "Polygon", "coordinates": [ [ [ -74.025, 40.695 ], [ -74.02, 40.695 ], [ -74.02, 40.7 ], [ -74.025, 40.7 ], [ -74.025, 40.695 ] ] ] } },
{ "type": "Feature", "properties": { "center_lat": 40.6975, "center_lon": -74.0175, "predicted_risk": 0.16298593745928008, "cell_id": "cell_19_16" }, "geometry": { "type": "Polygon", "coordinates": [ [ [ -74.02, 40.695 ], [ -74.015, 40.695 ], [ -74.015, 40.7 ], [ -74.02, 40.7 ], [ -74.02, 40.695 ] ] ] } },
{ "type": "Feature", "properties": { "center_lat": 40.6975, "center_lon": -74.0125, "predicted_risk": 0.34017659718869542, "cell_id": "cell_19_17" }, "geometry": { "type": "Polygon", "coordinates": [ [ [ -74.015, 40.695 ], [ -74.01, 40.695 ], [ -74.01, 40.7 ], [ -74.015, 40.7 ], [ -74.015, 40.695 ] ] ] } },
{ "type": "Feature", "properties": { "center_lat": 40.6975, "center_lon": -74.0075, "predicted_risk": 0.42622160196575742, "cell_id": "cell_19_18" }, "geometry": { "type": "Polygon", "coordinates": [ [ [ -74.01, 40.695 ], [ -74.005, 40.695 ], [ -74.005, 40.7 ], [ -74.01, 40.7 ], [ -74.01, 40.695 ] ] ] } },
{ "type": "Feature", "properties": { "center_lat": 40.6975, "center_lon": -74.0025, "predicted_risk": 0.2815200355780878, "cell_id": "cell_19_19" }, "geometry": { "type": "Polygon", "coordinates": [ [ [ -74.005, 40.695 ], [ -74.0, 40.695 ], [ -74.0, 40.7 ], [ -74.005, 40.7 ], [ -74.005, 40.695 ] ] ] } },
{ "type": "Feature", "properties": { "center_lat": 40.6975, "center_lon": -73.9975, "predicted_risk": 1.0757011076862573, "cell_id": "cell_19_20" }, "geometry": { "type": "Polygon", "coordinates": [ [ [ -74.0, 40.695 ], [ -73.995, 40.695 ], [ -73.995, 40.7 ], [ -74.0, 40.7 ], [ -74.0, 40.695 ] ] ] } },
{ "type": "Feature", "properties": { "center_lat": 40.6975, "center_lon": -73.9925, "predicted_risk": 0.42538800914938818, "cell_id": "cell_19_21" }, "geometry": { "type": "Polygon", "coordinates": [ [ [ -73.995, 40.695 ], [ -73.99, 40.695 ], [ -73.99, 40.7 ], [ -73.995, 40.7 ], [ -73.995, 40.695 ] ] ] } },
{ "type": "Feature", "properties": { "center_lat": 40.6975, "center_lon": -73.9875, "predicted_risk": 0.62083046749910642, "cell_id": "cell_19_22" }, "geometry": { "type": "Polygon", "coordinates": [ [ [ -73.99, 40.695 ], [ -73.985, 40.695 ], [ -73.985, 40.7 ], [ -73.99, 40.7 ], [ -73.99, 40.695 ] ] ] } },
{ "type": "Feature", "properties": { "center_lat": 40.6975, "center_lon": -73.9825, "predicted_risk": 0.46942066788816861, "cell_id": "cell_19_23" }, "geometry": { "type": "Polygon", "coordinates": [ [ [ -73.985, 40.695 ], [ -73.980000000000103, 40.695 ], [ -73.980000000000103, 40.7 ], [ -73.985, 40.7 ], [ -73.985, 40.695 ] ] ] } },
{ "type": "Feature", "properties": { "center_lat": 40.6975, "center_lon": -73.9775, "predicted_risk": 0.43585162282119899, "cell_id": "cell_19_24" }, "geometry": { "type": "Polygon", "coordinates": [ [ [ -73.980000000000103, 40.695 ], [ -73.975000000000108, 40.695 ], [ -73.975000000000108, 40.7 ], [ -73.980000000000103, 40.7 ], [ -73.980000000000103, 40.695 ] ] ] } },
{ "type": "Feature", "properties": { "center_lat": 40.6975, "center_lon": -73.9725, "predicted_risk": 0.24875639227804766, "cell_id": "cell_19_25" }, "geometry": { "type": "Polygon", "coordinates": [ [ [ -73.975000000000108, 40.695 ], [ -73.970000000000113, 40.695 ], [ -73.970000000000113, 40.7 ], [ -73.975000000000108, 40.7 ], [ -73.975000000000108, 40.695 ] ] ] } },
{ "type": "Feature", "properties": { "center_lat": 40.6975, "center_lon": -73.9675, "predicted_risk": 0.55369977979143925, "cell_id": "cell_19_26" }, "geometry": { "type": "Polygon", "coordinates": [ [ [ -73.970000000000113, 40.695 ], [ -73.965000000000117, 40.695 ], [ -73.965000000000117, 40.7 ], [ -73.970000000000113, 40.7 ], [ -73.970000000000113, 40.695 ] ] ] } },
{ "type": "Feature", "properties": { "center_lat": 40.6975, "center_lon": -73.9625, "predicted_risk": 0.42010219655725123, "cell_id": "cell_19_27" }, "geometry": { "type": "Polygon", "coordinates": [ [ [ -73.965000000000117, 40.695 ], [ -73.960000000000122, 40.695 ], [ -73.960000000000122, 40.7 ], [ -73.965000000000117, 40.7 ], [ -73.965000000000117, 40.695 ] ] ] } },
{ "type": "Feature", "properties": { "center_lat": 40.6975, "center_lon": -73.9575, "predicted_risk": 0.16421724821533151, "cell_id": "cell_19_28" }, "geometry": { "type": "Polygon", "coordinates": [ [ [ -73.960000000000122, 40.695 ], [ -73.955000000000126, 40.695 ], [ -73.955000000000126, 40.7 ], [ -73.960000000000122, 40.7 ], [ -73.960000000000122, 40.695 ] ] ] } },
{ "type": "Feature", "properties": { "center_lat": 40.6975, "center_lon": -73.9525, "predicted_risk": 0.6022802588502898, "cell_id": "cell_19_29" }, "geometry": { "type": "Polygon", "coordinates": [ [ [ -73.955000000000126, 40.695 ], [ -73.950000000000131, 40.695 ], [ -73.950000000000131, 40.7 ], [ -73.955000000000126, 40.7 ], [ -73.955000000000126, 40.695 ] ] ] } },
{ "type": "Feature", "properties": { "center_lat": 40.6975, "center_lon": -73.9475, "predicted_risk": 0.34490170850804924, "cell_id": "cell_19_30" }, "geometry": { "type": "Polygon", "coordinates": [ [ [ -73.950000000000131, 40.695 ], [ -73.945000000000135, 40.695 ], [ -73.945000000000135, 40.7 ], [ -73.950000000000131, 40.7 ], [ -73.950000000000131, 40.695 ] ] ] } },
{ "type": "Feature", "properties": { "center_lat": 40.6975, "center_lon": -73.9425, "predicted_risk": 0.22450243644080495, "cell_id": "cell_19_31" }, "geometry": { "type": "Polygon", "coordinates": [ [ [ -73.945000000000135, 40.695 ], [ -73.94000000000014, 40.695 ], [ -73.94000000000014, 40.7 ], [ -73.945000000000135, 40.7 ], [ -73.945000000000135, 40.695 ] ] ] } },
{ "type": "Feature", "properties": { "center_lat": 40.6975, "center_lon": -73.9375, "predicted_risk": 0.58796153718211353, "cell_id": "cell_19_32" }, "geometry": { "type": "Polygon", "coordinates": [ [ [ -73.94000000000014, 40.695 ], [ -73.935000000000144, 40.695 ], [ -73.935000000000144, 40.7 ], [ -73.94000000000014, 40.7 ], [ -73.94000000000014, 40.695 ] ] ] } },
{ "type": "Feature", "properties": { "center_lat": 40.6975, "center_lon": -73.9325, "predicted_risk": 1.4555005274124013, "cell_id": "cell_19_33" }, "geometry": { "type": "Polygon", "coordinates": [ [ [ -73.935000000000144, 40.695 ], [ -73.930000000000149, 40.695 ], [ -73.930000000000149, 40.7 ], [ -73.935000000000144, 40.7 ], [ -73.935000000000144, 40.695 ] ] ] } },
{ "type": "Feature", "properties": { "center_lat": 40.6975, "center_lon": -73.9275, "predicted_risk": 0.2979092488921869, "cell_id": "cell_19_34" }, "geometry": { "type": "Polygon", "coordinates": [ [ [ -73.930000000000149, 40.695 ], [ -73.925000000000153, 40.695 ], [ -73.925000000000153, 40.7 ], [ -73.930000000000149, 40.7 ], [ -73.930000000000149, 40.695 ] ] ] } },
{ "type": "Feature", "properties": { "center_lat": 40.6975, "center_lon": -73.9225, "predicted_risk": 0.15733912054918689, "cell_id": "cell_19_35" }, "geometry": { "type": "Polygon", "coordinates": [ [ [ -73.925000000000153, 40.695 ], [ -73.920000000000158, 40.695 ], [ -73.920000000000158, 40.7 ], [ -73.925000000000153, 40.7 ], [ -73.925000000000153, 40.695 ] ] ] } },
{ "type": "Feature", "properties": { "center_lat": 40.6975, "center_lon": -73.9175, "predicted_risk": 0.61222430190778498, "cell_id": "cell_19_36" }, "geometry": { "type": "Polygon", "coordinates": [ [ [ -73.920000000000158, 40.695 ], [ -73.915000000000163, 40.695 ], [ -73.915000000000163, 40.7 ], [ -73.920000000000158, 40.7 ], [ -73.920000000000158, 40.695 ] ] ] } },
{ "type": "Feature", "properties": { "center_lat": 40.6975, "center_lon": -73.9125, "predicted_risk": 0.41146238411837921, "cell_id": "cell_19_37" }, "geometry": { "type": "Polygon", "coordinates": [ [ [ -73.915000000000163, 40.695 ], [ -73.910000000000167, 40.695 ], [ -73.910000000000167, 40.7 ], [ -73.915000000000163, 40.7 ], [ -73.915000000000163, 40.695 ] ] ] } },
{ "type": "Feature", "properties": { "center_lat": 40.6975, "center_lon": -73.9075, "predicted_risk": 0.45410651827708909, "cell_id": "cell_19_38" }, "geometry": { "type": "Polygon", "coordinates": [ [ [ -73.910000000000167, 40.695 ], [ -73.905000000000172, 40.695 ], [ -73.905000000000172, 40.7 ], [ -73.910000000000167, 40.7 ], [ -73.910000000000167, 40.695 ] ] ] } },
{ "type": "Feature", "properties": { "center_lat": 40.7025, "center_lon": -74.0975, "predicted_risk": 0.24121183089065604, "cell_id": "cell_20_0" }, "geometry": { "type": "Polygon", "coordinates": [ [ [ -74.1, 40.7 ], [ -74.095, 40.7 ], [ -74.095, 40.705 ], [ -74.1, 40.705 ], [ -74.1, 40.7 ] ] ] } },
{ "type": "Feature", "properties": { "center_lat": 40.7025, "center_lon": -74.0925, "predicted_risk": 0.095815303391883141, "cell_id": "cell_20_1" }, "geometry": { "type": "Polygon", "coordinates": [ [ [ -74.095, 40.7 ], [ -74.09, 40.7 ], [ -74.09, 40.705 ], [ -74.095, 40.705 ], [ -74.095, 40.7 ] ] ] } },
{ "type": "Feature", "properties": { "center_lat": 40.7025, "center_lon": -74.0875, "predicted_risk": 0.14684065264272902, "cell_id": "cell_20_2" }, "geometry": { "type": "Polygon", "coordinates": [ [ [ -74.09, 40.7 ], [ -74.085, 40.7 ], [ -74.085, 40.705 ], [ -74.09, 40.705 ], [ -74.09, 40.7 ] ] ] } },
{ "type": "Feature", "properties": { "center_lat": 40.7025, "center_lon": -74.0825, "predicted_risk": 0.23561622269074342, "cell_id": "cell_20_3" }, "geometry": { "type": "Polygon", "coordinates": [ [ [ -74.085, 40.7 ], [ -74.08, 40.7 ], [ -74.08, 40.705 ], [ -74.085, 40.705 ], [ -74.085, 40.7 ] ] ] } },
{ "type": "Feature", "properties": { "center_lat": 40.7025, "center_lon": -74.0775, "predicted_risk": 0.1116411615466413, "cell_id": "cell_20_4" }, "geometry": { "type": "Polygon", "coordinates": [ [ [ -74.08, 40.7 ], [ -74.075, 40.7 ], [ -74.075, 40.705 ], [ -74.08, 40.705 ], [ -74.08, 40.7 ] ] ] } },
{ "type": "Feature", "properties": { "center_lat": 40.7025, "center_lon": -74.0725, "predicted_risk": 0.19477453145570756, "cell_id": "cell_20_5" }, "geometry": { "type": "Polygon", "coordinates": [ [ [ -74.075, 40.7 ], [ -74.07, 40.7 ], [ -74.07, 40.705 ], [ -74.075, 40.705 ], [ -74.075, 40.7 ] ] ] } },
{ "type": "Feature", "properties": { "center_lat": 40.7025, "center_lon": -74.0675, "predicted_risk": 0.083987803692655988, "cell_id": "cell_20_6" }, "geometry": { "type": "Polygon", "coordinates": [ [ [ -74.07, 40.7 ], [ -74.065, 40.7 ], [ -74.065, 40.705 ], [ -74.07, 40.705 ], [ -74.07, 40.7 ] ] ] } },
{ "type": "Feature", "properties": { "center_lat": 40.7025, "center_lon": -74.0625, "predicted_risk": 0.10834218297450432, "cell_id": "cell_20_7" }, "geometry": { "type": "Polygon", "coordinates": [ [ [ -74.065, 40.7 ], [ -74.06, 40.7 ], [ -74.06, 40.705 ], [ -74.065, 40.705 ], [ -74.065, 40.7 ] ] ] } },
{ "type": "Feature", "properties": { "center_lat": 40.7025, "center_lon": -74.0575, "predicted_risk": 0.26405036045436109, "cell_id": "cell_20_8" }, "geometry": { "type": "Polygon", "coordinates": [ [ [ -74.06, 40.7 ], [ -74.055, 40.7 ], [ -74.055, 40.705 ], [ -74.06, 40.705 ], [ -74.06, 40.7 ] ] ] } },
{ "type": "Feature", "properties": { "center_lat": 40.7025, "center_lon": -74.0525, "predicted_risk": 0.44771511524972729, "cell_id": "cell_20_9" }, "geometry": { "type": "Polygon", "coordinates": [ [ [ -74.055, 40.7 ], [ -74.05, 40.7 ], [ -74.05, 40.705 ], [ -74.055, 40.705 ], [ -74.055, 40.7 ] ] ] } },
{ "type": "Feature", "properties": { "center_lat": 40.7025, "center_lon": -74.0475, "predicted_risk": 0.1557673679268381, "cell_id": "cell_20_10" }, "geometry": { "type": "Polygon", "coordinates": [ [ [ -74.05, 40.7 ], [ -74.045, 40.7 ], [ -74.045, 40.705 ], [ -74.05, 40.705 ], [ -74.05, 40.7 ] ] ] } },
{ "type": "Feature", "properties": { "center_lat": 40.7025, "center_lon": -74.0425, "predicted_risk": 0.15001364278717644, "cell_id": "cell_20_11" }, "geometry": { "type": "Polygon", "coordinates": [ [ [ -74.045, 40.7 ], [ -74.04, 40.7 ], [ -74.04, 40.705 ], [ -74.045, 40.705 ], [ -74.045, 40.7 ] ] ] } },
{ "type": "Feature", "properties": { "center_lat": 40.7025, "center_lon": -74.0375, "predicted_risk": 0.40015772673992467, "cell_id": "cell_20_12" }, "geometry": { "type": "Polygon", "coordinates": [ [ [ -74.04, 40.7 ], [ -74.035, 40.7 ], [ -74.035, 40.705 ], [ -74.04, 40.705 ], [ -74.04, 40.7 ] ] ] } },
{ "type": "Feature", "properties": { "center_lat": 40.7025, "center_lon": -74.0325, "predicted_risk": 0.32986564640996846, "cell_id": "cell_20_13" }, "geometry": { "type": "Polygon", "coordinates": [ [ [ -74.035, 40.7 ], [ -74.03, 40.7 ], [ -74.03, 40.705 ], [ -74.035, 40.705 ], [ -74.035, 40.7 ] ] ] } },
{ "type": "Feature", "properties": { "center_lat": 40.7025, "center_lon": -74.0275, "predicted_risk": 0.51274928031725697, "cell_id": "cell_20_14" }, "geometry": { "type": "Polygon", "coordinates": [ [ [ -74.03, 40.7 ], [ -74.025, 40.7 ], [ -74.025, 40.705 ], [ -74.03, 40.705 ], [ -74.03, 40.7 ] ] ] } },
{ "type": "Feature", "properties": { "center_lat": 40.7025, "center_lon": -74.0225, "predicted_risk": 0.1976778694044182, "cell_id": "cell_20_15" }, "geometry": { "type": "Polygon", "coordinates": [ [ [ -74.025, 40.7 ], [ -74.02, 40.7 ], [ -74.02, 40.705 ], [ -74.025, 40.705 ], [ -74.025, 40.7 ] ] ] } },
{ "type": "Feature", "properties": { "center_lat": 40.7025, "center_lon": -74.0175, "predicted_risk": 0.50443905224871788, "cell_id": "cell_20_16" }, "geometry": { "type": "Polygon", "coordinates": [ [ [ -74.02, 40.7 ], [ -74.015, 40.7 ], [ -74.015, 40.705 ], [ -74.02, 40.705 ], [ -74.02, 40.7 ] ] ] } },
{ "type": "Feature", "properties": { "center_lat": 40.7025, "center_lon": -74.0125, "predicted_risk": 0.35002085981682446, "cell_id": "cell_20_17" }, "geometry": { "type": "Polygon", "coordinates": [ [ [ -74.015, 40.7 ], [ -74.01, 40.7 ], [ -74.01, 40.705 ], [ -74.015, 40.705 ], [ -74.015, 40.7 ] ] ] } },
{ "type": "Feature", "properties": { "center_lat": 40.7025, "center_lon": -74.0075, "predicted_risk": 0.64976862272911473, "cell_id": "cell_20_18" }, "geometry": { "type": "Polygon", "coordinates": [ [ [ -74.01, 40.7 ], [ -74.005, 40.7 ], [ -74.005, 40.705 ], [ -74.01, 40.705 ], [ -74.01, 40.7 ] ] ] } },
{ "type": "Feature", "properties": { "center_lat": 40.7025, "center_lon": -74.0025, "predicted_risk": 0.2827036672582906, "cell_id": "cell_20_19" }, "geometry": { "type": "Polygon", "coordinates": [ [ [ -74.005, 40.7 ], [ -74.0, 40.7 ], [ -74.0, 40.705 ], [ -74.005, 40.705 ], [ -74.005, 40.7 ] ] ] } },
{ "type": "Feature", "properties": { "center_lat": 40.7025, "center_lon": -73.9975, "predicted_risk": 0.35716576501309133, "cell_id": "cell_20_20" }, "geometry": { "type": "Polygon", "coordinates": [ [ [ -74.0, 40.7 ], [ -73.995, 40.7 ], [ -73.995, 40.705 ], [ -74.0, 40.705 ], [ -74.0, 40.7 ] ] ] } },
{ "type": "Feature", "properties": { "center_lat": 40.7025, "center_lon": -73.9925, "predicted_risk": 0.42174491568754979, "cell_id": "cell_20_21" }, "geometry": { "type": "Polygon", "coordinates": [ [ [ -73.995, 40.7 ], [ -73.99, 40.7 ], [ -73.99, 40.705 ], [ -73.995, 40.705 ], [ -73.995, 40.7 ] ] ] } },
{ "type": "Feature", "properties": { "center_lat": 40.7025, "center_lon": -73.9875, "predicted_risk": 0.30708659394651094, "cell_id": "cell_20_22" }, "geometry": { "type": "Polygon", "coordinates": [ [ [ -73.99, 40.7 ], [ -73.985, 40.7 ], [ -73.985, 40.705 ], [ -73.99, 40.705 ], [ -73.99, 40.7 ] ] ] } },
{ "type": "Feature", "properties": { "center_lat": 40.7025, "center_lon": -73.9825, "predicted_risk": 0.46430029261211131, "cell_id": "cell_20_23" }, "geometry": { "type": "Polygon", "coordinates": [ [ [ -73.985, 40.7 ], [ -73.980000000000103, 40.7 ], [ -73.980000000000103, 40.705 ], [ -73.985, 40.705 ], [ -73.985, 40.7 ] ] ] } },
{ "type": "Feature", "properties": { "center_lat": 40.7025, "center_lon": -73.9775, "predicted_risk": 0.43185747842055444, "cell_id": "cell_20_24" }, "geometry": { "type": "Polygon", "coordinates": [ [ [ -73.980000000000103, 40.7 ], [ -73.975000000000108, 40.7 ], [ -73.975000000000108, 40.705 ], [ -73.980000000000103, 40.705 ], [ -73.980000000000103, 40.7 ] ] ] } },
{ "type": "Feature", "properties": { "center_lat": 40.7025, "center_lon": -73.9725, "predicted_risk": 0.24749638716118283, "cell_id": "cell_20_25" }, "geometry": { "type": "Polygon", "coordinates": [ [ [ -73.975000000000108, 40.7 ], [ -73.970000000000113, 40.7 ], [ -73.970000000000113, 40.705 ], [ -73.975000000000108, 40.705 ], [ -73.975000000000108, 40.7 ] ] ] } },
{ "type": "Feature", "properties": { "center_lat": 40.7025, "center_lon": -73.9675, "predicted_risk": 0.29730175087640826, "cell_id": "cell_20_26" }, "geometry": { "type": "Polygon", "coordinates": [ [ [ -73.970000000000113, 40.7 ], [ -73.965000000000117, 40.7 ], [ -73.965000000000117, 40.705 ], [ -73.970000000000113, 40.705 ], [ -73.970000000000113, 40.7 ] ] ] } },
{ "type": "Feature", "properties": { "center_lat": 40.7025, "center_lon": -73.9625, "predicted_risk": 0.30417702989544199, "cell_id": "cell_20_27" }, "geometry": { "type": "Polygon", "coordinates": [ [ [ -73.965000000000117, 40.7 ], [ -73.960000000000122, 40.7 ], [ -73.960000000000122, 40.705 ], [ -73.965000000000117, 40.705 ], [ -73.965000000000117, 40.7 ] ] ] } },
{ "type": "Feature", "properties": { "center_lat": 40.7025, "center_lon": -73.9575, "predicted_risk": 0.16862778207863438, "cell_id": "cell_20_28" }, "geometry": { "type": "Polygon", "coordinates": [ [ [ -73.960000000000122, 40.7 ], [ -73.955000000000126, 40.7 ], [ -73.955000000000126, 40.705 ], [ -73.960000000000122, 40.705 ], [ -73.960000000000122, 40.7 ] ] ] } },
{ "type": "Feature", "properties": { "center_lat": 40.7025, "center_lon": -73.9525, "predicted_risk": 0.62175382911406163, "cell_id": "cell_20_29" }, "geometry": { "type": "Polygon", "coordinates": [ [ [ -73.955000000000126, 40.7 ], [ -73.950000000000131, 40.7 ], [ -73.950000000000131, 40.705 ], [ -73.955000000000126, 40.705 ], [ -73.955000000000126, 40.7 ] ] ] } },
{ "type": "Feature", "properties": { "center_lat": 40.7025, "center_lon": -73.9475, "predicted_risk": 0.17658515323134066, "cell_id": "cell_20_30" }, "geometry": { "type": "Polygon", "coordinates": [ [ [ -73.950000000000131, 40.7 ], [ -73.945000000000135, 40.7 ], [ -73.945000000000135, 40.705 ], [ -73.950000000000131, 40.705 ], [ -73.950000000000131, 40.7 ] ] ] } },
{ "type": "Feature", "properties": { "center_lat": 40.7025, "center_lon": -73.9425, "predicted_risk": 0.45378084250225853, "cell_id": "cell_20_31" }, "geometry": { "type": "Polygon", "coordinates": [ [ [ -73.945000000000135, 40.7 ], [ -73.94000000000014, 40.7 ], [ -73.94000000000014, 40.705 ], [ -73.945000000000135, 40.705 ], [ -73.945000000000135, 40.7 ] ] ] } },
{ "type": "Feature", "properties": { "center_lat": 40.7025, "center_lon": -73.9375, "predicted_risk": 0.42005396752706364, "cell_id": "cell_20_32" }, "geometry": { "type": "Polygon", "coordinates": [ [ [ -73.94000000000014, 40.7 ], [ -73.935000000000144, 40.7 ], [ -73.935000000000144, 40.705 ], [ -73.94000000000014, 40.705 ], [ -73.94000000000014, 40.7 ] ] ] } },
{ "type": "Feature", "properties": { "center_lat": 40.7025, "center_lon": -73.9325, "predicted_risk": 0.38741486430637895, "cell_id": "cell_20_33" }, "geometry": { "type": "Polygon", "coordinates": [ [ [ -73.935000000000144, 40.7 ], [ -73.930000000000149, 40.7 ], [ -73.930000000000149, 40.705 ], [ -73.935000000000144, 40.705 ], [ -73.935000000000144, 40.7 ] ] ] } },
{ "type": "Feature", "properties": { "center_lat": 40.7025, "center_lon": -73.9275, "predicted_risk": 0.44250027140569298, "cell_id": "cell_20_34" }, "geometry": { "type": "Polygon", "coordinates": [ [ [ -73.930000000000149, 40.7 ], [ -73.925000000000153, 40.7 ], [ -73.925000000000153, 40.705 ], [ -73.930000000000149, 40.705 ], [ -73.930000000000149, 40.7 ] ] ] } },
{ "type": "Feature", "properties": { "center_lat": 40.7025, "center_lon": -73.9225, "predicted_risk": 0.6224131574863847, "cell_id": "cell_20_35" }, "geometry": { "type": "Polygon", "coordinates": [ [ [ -73.925000000000153, 40.7 ], [ -73.920000000000158, 40.7 ], [ -73.920000000000158, 40.705 ], [ -73.925000000000153, 40.705 ], [ -73.925000000000153, 40.7 ] ] ] } },
{ "type": "Feature", "properties": { "center_lat": 40.7025, "center_lon": -73.9175, "predicted_risk": 0.30292787822159239, "cell_id": "cell_20_36" }, "geometry": { "type": "Polygon", "coordinates": [ [ [ -73.920000000000158, 40.7 ], [ -73.915000000000163, 40.7 ], [ -73.915000000000163, 40.705 ], [ -73.920000000000158, 40.705 ], [ -73.920000000000158, 40.7 ] ] ] } },
{ "type": "Feature", "properties": { "center_lat": 40.7025, "center_lon": -73.9125, "predicted_risk": 0.40828649098464226, "cell_id": "cell_20_37" }, "geometry": { "type": "Polygon", "coordinates": [ [ [ -73.915000000000163, 40.7 ], [ -73.910000000000167, 40.7 ], [ -73.910000000000167, 40.705 ], [ -73.915000000000163, 40.705 ], [ -73.915000000000163, 40.7 ] ] ] } },
{ "type": "Feature", "properties": { "center_lat": 40.7025, "center_lon": -73.9075, "predicted_risk": 0.33978208094107243, "cell_id": "cell_20_38" }, "geometry": { "type": "Polygon", "coordinates": [ [ [ -73.910000000000167, 40.7 ], [ -73.905000000000172, 40.7 ], [ -73.905000000000172, 40.705 ], [ -73.910000000000167, 40.705 ], [ -73.910000000000167, 40.7 ] ] ] } },
{ "type": "Feature", "properties": { "center_lat": 40.7075, "center_lon": -74.0975, "predicted_risk": 0.23282204709433704, "cell_id": "cell_21_0" }, "geometry": { "type": "Polygon", "coordinates": [ [ [ -74.1, 40.705 ], [ -74.095, 40.705 ], [ -74.095, 40.71 ], [ -74.1, 40.71 ], [ -74.1, 40.705 ] ] ] } },
{ "type": "Feature", "properties": { "center_lat": 40.7075, "center_lon": -74.0925, "predicted_risk": 0.39420243063006577, "cell_id": "cell_21_1" }, "geometry": { "type": "Polygon", "coordinates": [ [ [ -74.095, 40.705 ], [ -74.09, 40.705 ], [ -74.09, 40.71 ], [ -74.095, 40.71 ], [ -74.095, 40.705 ] ] ] } },
{ "type": "Feature", "properties": { "center_lat": 40.7075, "center_lon": -74.0875, "predicted_risk": 0.32966451547793002, "cell_id": "cell_21_2" }, "geometry": { "type": "Polygon", "coordinates": [ [ [ -74.09, 40.705 ], [ -74.085, 40.705 ], [ -74.085, 40.71 ], [ -74.09, 40.71 ], [ -74.09, 40.705 ] ] ] } },
{ "type": "Feature", "properties": { "center_lat": 40.7075, "center_lon": -74.0825, "predicted_risk": 0.14391574059987947, "cell_id": "cell_21_3" }, "geometry": { "type": "Polygon", "coordinates": [ [ [ -74.085, 40.705 ], [ -74.08, 40.705 ], [ -74.08, 40.71 ], [ -74.085, 40.71 ], [ -74.085, 40.705 ] ] ] } },
{ "type": "Feature", "properties": { "center_lat": 40.7075, "center_lon": -74.0775, "predicted_risk": 0.069736378391259207, "cell_id": "cell_21_4" }, "geometry": { "type": "Polygon", "coordinates": [ [ [ -74.08, 40.705 ], [ -74.075, 40.705 ], [ -74.075, 40.71 ], [ -74.08, 40.71 ], [ -74.08, 40.705 ] ] ] } },
{ "type": "Feature", "properties": { "center_lat": 40.7075, "center_lon": -74.0725, "predicted_risk": 0.22888665551975071, "cell_id": "cell_21_5" }, "geometry": { "type": "Polygon", "coordinates": [ [ [ -74.075, 40.705 ], [ -74.07, 40.705 ], [ -74.07, 40.71 ], [ -74.075, 40.71 ], [ -74.075, 40.705 ] ] ] } },
{ "type": "Feature", "properties": { "center_lat": 40.7075, "center_lon": -74.0675, "predicted_risk": 0.36011790490596973, "cell_id": "cell_21_6" }, "geometry": { "type": "Polygon", "coordinates": [ [ [ -74.07, 40.705 ], [ -74.065, 40.705 ], [ -74.065, 40.71 ], [ -74.07, 40.71 ], [ -74.07, 40.705 ] ] ] } },
{ "type": "Feature", "properties": { "center_lat": 40.7075, "center_lon": -74.0625, "predicted_risk": 0.32272682362152871, "cell_id": "cell_21_7" }, "geometry": { "type": "Polygon", "coordinates": [ [ [ -74.065, 40.705 ], [ -74.06, 40.705 ], [ -74.06, 40.71 ], [ -74.065, 40.71 ], [ -74.065, 40.705 ] ] ] } },
{ "type": "Feature", "properties": { "center_lat": 40.7075, "center_lon": -74.0575, "predicted_risk": 0.24927608362383064, "cell_id": "cell_21_8" }, "geometry": { "type": "Polygon", "coordinates": [ [ [ -74.06, 40.705 ], [ -74.055, 40.705 ], [ -74.055, 40.71 ], [ -74.06, 40.71 ], [ -74.06, 40.705 ] ] ] } },
{ "type": "Feature", "properties": { "center_lat": 40.7075, "center_lon": -74.0525, "predicted_risk": 0.27407859827908654, "cell_id": "cell_21_9" }, "geometry": { "type": "Polygon", "coordinates": [ [ [ -74.055, 40.705 ], [ -74.05, 40.705 ], [ -74.05, 40.71 ], [ -74.055, 40.71 ], [ -74.055, 40.705 ] ] ] } },
{ "type": "Feature", "properties": { "center_lat": 40.7075, "center_lon": -74.0475, "predicted_risk": 0.14174311955392052, "cell_id": "cell_21_10" }, "geometry": { "type": "Polygon", "coordinates": [ [ [ -74.05, 40.705 ], [ -74.045, 40.705 ], [ -74.045, 40.71 ], [ -74.05, 40.71 ], [ -74.05, 40.705 ] ] ] } },
{ "type": "Feature", "properties": { "center_lat": 40.7075, "center_lon": -74.0425, "predicted_risk": 0.41279353129845636, "cell_id": "cell_21_11" }, "geometry": { "type": "Polygon", "coordinates": [ [ [ -74.045, 40.705 ], [ -74.04, 40.705 ], [ -74.04, 40.71 ], [ -74.045, 40.71 ], [ -74.045, 40.705 ] ] ] } },
{ "type": "Feature", "properties": { "center_lat": 40.7075, "center_lon": -74.0375, "predicted_risk": 0.12561837986064223, "cell_id": "cell_21_12" }, "geometry": { "type": "Polygon", "coordinates": [ [ [ -74.04, 40.705 ], [ -74.035, 40.705 ], [ -74.035, 40.71 ], [ -74.04, 40.71 ], [ -74.04, 40.705 ] ] ] } },
{ "type": "Feature", "properties": { "center_lat": 40.7075, "center_lon": -74.0325, "predicted_risk": 0.32621315519948002, "cell_id": "cell_21_13" }, "geometry": { "type": "Polygon", "coordinates": [ [ [ -74.035, 40.705 ], [ -74.03, 40.705 ], [ -74.03, 40.71 ], [ -74.035, 40.71 ], [ -74.035, 40.705 ] ] ] } },
{ "type": "Feature", "properties": { "center_lat": 40.7075, "center_lon": -74.0275, "predicted_risk": 0.27326650212902637, "cell_id": "cell_21_14" }, "geometry": { "type": "Polygon", "coordinates": [ [ [ -74.03, 40.705 ], [ -74.025, 40.705 ], [ -74.025, 40.71 ], [ -74.03, 40.71 ], [ -74.03, 40.705 ] ] ] } },
{ "type": "Feature", "properties": { "center_lat": 40.7075, "center_lon": -74.0225, "predicted_risk": 0.69293510286331639, "cell_id": "cell_21_15" }, "geometry": { "type": "Polygon", "coordinates": [ [ [ -74.025, 40.705 ], [ -74.02, 40.705 ], [ -74.02, 40.71 ], [ -74.025, 40.71 ], [ -74.025, 40.705 ] ] ] } },
{ "type": "Feature", "properties": { "center_lat": 40.7075, "center_lon": -74.0175, "predicted_risk": 0.20970236185362107, "cell_id": "cell_21_16" }, "geometry": { "type": "Polygon", "coordinates": [ [ [ -74.02, 40.705 ], [ -74.015, 40.705 ], [ -74.015, 40.71 ], [ -74.02, 40.71 ], [ -74.02, 40.705 ] ] ] } },
{ "type": "Feature", "properties": { "center_lat": 40.7075, "center_lon": -74.0125, "predicted_risk": 0.64394277919505893, "cell_id": "cell_21_17" }, "geometry": { "type": "Polygon", "coordinates": [ [ [ -74.015, 40.705 ], [ -74.01, 40.705 ], [ -74.01, 40.71 ], [ -74.015, 40.71 ], [ -74.015, 40.705 ] ] ] } },
{ "type": "Feature", "properties": { "center_lat": 40.7075, "center_lon": -74.0075, "predicted_risk": 0.48920659236753883, "cell_id": "cell_21_18" }, "geometry": { "type": "Polygon", "coordinates": [ [ [ -74.01, 40.705 ], [ -74.005, 40.705 ], [ -74.005, 40.71 ], [ -74.01, 40.71 ], [ -74.01, 40.705 ] ] ] } },
{ "type": "Feature", "properties": { "center_lat": 40.7075, "center_lon": -74.0025, "predicted_risk": 0.87670581103451195, "cell_id": "cell_21_19" }, "geometry": { "type": "Polygon", "coordinates": [ [ [ -74.005, 40.705 ], [ -74.0, 40.705 ], [ -74.0, 40.71 ], [ -74.005, 40.71 ], [ -74.005, 40.705 ] ] ] } },
{ "type": "Feature", "properties": { "center_lat": 40.7075, "center_lon": -73.9975, "predicted_risk": 1.3835261882011656, "cell_id": "cell_21_20" }, "geometry": { "type": "Polygon", "coordinates": [ [ [ -74.0, 40.705 ], [ -73.995, 40.705 ], [ -73.995, 40.71 ], [ -74.0, 40.71 ], [ -74.0, 40.705 ] ] ] } },
{ "type": "Feature", "properties": { "center_lat": 40.7075, "center_lon": -73.9925, "predicted_risk": 0.39240764678351908, "cell_id": "cell_21_21" }, "geometry": { "type": "Polygon", "coordinates": [ [ [ -73.995, 40.705 ], [ -73.99, 40.705 ], [ -73.99, 40.71 ], [ -73.995, 40.71 ], [ -73.995, 40.705 ] ] ] } },
{ "type": "Feature", "properties": { "center_lat": 40.7075, "center_lon": -73.9875, "predicted_risk": 0.14014078589174855, "cell_id": "cell_21_22" }, "geometry": { "type": "Polygon", "coordinates": [ [ [ -73.99, 40.705 ], [ -73.985, 40.705 ], [ -73.985, 40.71 ], [ -73.99, 40.71 ], [ -73.99, 40.705 ] ] ] } },
{ "type": "Feature", "properties": { "center_lat": 40.7075, "center_lon": -73.9825, "predicted_risk": 0.56408893526943582, "cell_id": "cell_21_23" }, "geometry": { "type": "Polygon", "coordinates": [ [ [ -73.985, 40.705 ], [ -73.980000000000103, 40.705 ], [ -73.980000000000103, 40.71 ], [ -73.985, 40.71 ], [ -73.985, 40.705 ] ] ] } },
{ "type": "Feature", "properties": { "center_lat": 40.7075, "center_lon": -73.9775, "predicted_risk": 0.26646216702181591, "cell_id": "cell_21_24" }, "geometry": { "type": "Polygon", "coordinates": [ [ [ -73.980000000000103, 40.705 ], [ -73.975000000000108, 40.705 ], [ -73.975000000000108, 40.71 ], [ -73.980000000000103, 40.71 ], [ -73.980000000000103, 40.705 ] ] ] } },
{ "type": "Feature", "properties": { "center_lat": 40.7075, "center_lon": -73.9725, "predicted_risk": 0.23734976058650681, "cell_id": "cell_21_25" }, "geometry": { "type": "Polygon", "coordinates": [ [ [ -73.975000000000108, 40.705 ], [ -73.970000000000113, 40.705 ], [ -73.970000000000113, 40.71 ], [ -73.975000000000108, 40.71 ], [ -73.975000000000108, 40.705 ] ] ] } },
{ "type": "Feature", "properties": { "center_lat": 40.7075, "center_lon": -73.9675, "predicted_risk": 0.40366996150980466, "cell_id": "cell_21_26" }, "geometry": { "type": "Polygon", "coordinates": [ [ [ -73.970000000000113, 40.705 ], [ -73.965000000000117, 40.705 ], [ -73.965000000000117, 40.71 ], [ -73.970000000000113, 40.71 ], [ -73.970000000000113, 40.705 ] ] ] } },
{ "type": "Feature", "properties": { "center_lat": 40.7075, "center_lon": -73.9625, "predicted_risk": 0.16861308425090102, "cell_id": "cell_21_27" }, "geometry": { "type": "Polygon", "coordinates": [ [ [ -73.965000000000117, 40.705 ], [ -73.960000000000122, 40.705 ], [ -73.960000000000122, 40.71 ], [ -73.965000000000117, 40.71 ], [ -73.965000000000117, 40.705 ] ] ] } },
{ "type": "Feature", "properties": { "center_lat": 40.7075, "center_lon": -73.9575, "predicted_risk": 0.29163589998583644, "cell_id": "cell_21_28" }, "geometry": { "type": "Polygon", "coordinates": [ [ [ -73.960000000000122, 40.705 ], [ -73.955000000000126, 40.705 ], [ -73.955000000000126, 40.71 ], [ -73.960000000000122, 40.71 ], [ -73.960000000000122, 40.705 ] ] ] } },
{ "type": "Feature", "properties": { "center_lat": 40.7075, "center_lon": -73.9525, "predicted_risk": 0.20854593278299091, "cell_id": "cell_21_29" }, "geometry": { "type": "Polygon", "coordinates": [ [ [ -73.955000000000126, 40.705 ], [ -73.950000000000131, 40.705 ], [ -73.950000000000131, 40.71 ], [ -73.955000000000126, 40.71 ], [ -73.955000000000126, 40.705 ] ] ] } },
{ "type": "Feature", "properties": { "center_lat": 40.7075, "center_lon": -73.9475, "predicted_risk": 0.22486931172385946, "cell_id": "cell_21_30" }, "geometry": { "type": "Polygon", "coordinates": [ [ [ -73.950000000000131, 40.705 ], [ -73.945000000000135, 40.705 ], [ -73.945000000000135, 40.71 ], [ -73.950000000000131, 40.71 ], [ -73.950000000000131, 40.705 ] ] ] } },
{ "type": "Feature", "properties": { "center_lat": 40.7075, "center_lon": -73.9425, "predicted_risk": 0.35160070579943148, "cell_id": "cell_21_31" }, "geometry": { "type": "Polygon", "coordinates": [ [ [ -73.945000000000135, 40.705 ], [ -73.94000000000014, 40.705 ], [ -73.94000000000014, 40.71 ], [ -73.945000000000135, 40.71 ], [ -73.945000000000135, 40.705 ] ] ] } },
{ "type": "Feature", "properties": { "center_lat": 40.7075, "center_lon": -73.9375, "predicted_risk": 0.31553234929919421, "cell_id": "cell_21_32" }, "geometry": { "type": "Polygon", "coordinates": [ [ [ -73.94000000000014, 40.705 ], [ -73.935000000000144, 40.705 ], [ -73.935000000000144, 40.71 ], [ -73.94000000000014, 40.71 ], [ -73.94000000000014, 40.705 ] ] ] } },
{ "type": "Feature", "properties": { "center_lat": 40.7075, "center_lon": -73.9325, "predicted_risk": 0.49023271246842914, "cell_id": "cell_21_33" }, "geometry": { "type": "Polygon", "coordinates": [ [ [ -73.935000000000144, 40.705 ], [ -73.930000000000149, 40.705 ], [ -73.930000000000149, 40.71 ], [ -73.935000000000144, 40.71 ], [ -73.935000000000144, 40.705 ] ] ] } },
{ "type": "Feature", "properties": { "center_lat": 40.7075, "center_lon": -73.9275, "predicted_risk": 0.54314781211036955, "cell_id": "cell_21_34" }, "geometry": { "type": "Polygon", "coordinates": [ [ [ -73.930000000000149, 40.705 ], [ -73.925000000000153, 40.705 ], [ -73.925000000000153, 40.71 ], [ -73.930000000000149, 40.71 ], [ -73.930000000000149, 40.705 ] ] ] } },
{ "type": "Feature", "properties": { "center_lat": 40.7075, "center_lon": -73.9225, "predicted_risk": 0.28324981806031901, "cell_id": "cell_21_35" }, "geometry": { "type": "Polygon", "coordinates": [ [ [ -73.925000000000153, 40.705 ], [ -73.920000000000158, 40.705 ], [ -73.920000000000158, 40.71 ], [ -73.925000000000153, 40.71 ], [ -73.925000000000153, 40.705 ] ] ] } },
{ "type": "Feature", "properties": { "center_lat": 40.7075, "center_lon": -73.9175, "predicted_risk": 0.41592813266859274, "cell_id": "cell_21_36" }, "geometry": { "type": "Polygon", "coordinates": [ [ [ -73.920000000000158, 40.705 ], [ -73.915000000000163, 40.705 ], [ -73.915000000000163, 40.71 ], [ -73.920000000000158, 40.71 ], [ -73.920000000000158, 40.705 ] ] ] } },
{ "type": "Feature", "properties": { "center_lat": 40.7075, "center_lon": -73.9125, "predicted_risk": 0.38271151415495441, "cell_id": "cell_21_37" }, "geometry": { "type": "Polygon", "coordinates": [ [ [ -73.915000000000163, 40.705 ], [ -73.910000000000167, 40.705 ], [ -73.910000000000167, 40.71 ], [ -73.915000000000163, 40.71 ], [ -73.915000000000163, 40.705 ] ] ] } },
{ "type": "Feature", "properties": { "center_lat": 40.7075, "center_lon": -73.9075, "predicted_risk": 0.44447661097581559, "cell_id": "cell_21_38" }, "geometry": { "type": "Polygon", "coordinates": [ [ [ -73.910000000000167, 40.705 ], [ -73.905000000000172, 40.705 ], [ -73.905000000000172, 40.71 ], [ -73.910000000000167, 40.71 ], [ -73.910000000000167, 40.705 ] ] ] } },
{ "type": "Feature", "properties": { "center_lat": 40.7125, "center_lon": -74.0975, "predicted_risk": 0.43827686414807371, "cell_id": "cell_22_0" }, "geometry": { "type": "Polygon", "coordinates": [ [ [ -74.1, 40.71 ], [ -74.095, 40.71 ], [ -74.095, 40.715 ], [ -74.1, 40.715 ], [ -74.1, 40.71 ] ] ] } },
{ "type": "Feature", "properties": { "center_lat": 40.7125, "center_lon": -74.0925, "predicted_risk": 0.30903554707425956, "cell_id": "cell_22_1" }, "geometry": { "type": "Polygon", "coordinates": [ [ [ -74.095, 40.71 ], [ -74.09, 40.71 ], [ -74.09, 40.715 ], [ -74.095, 40.715 ], [ -74.095, 40.71 ] ] ] } },
{ "type": "Feature", "properties": { "center_lat": 40.7125, "center_lon": -74.0875, "predicted_risk": 0.29126445490847552, "cell_id": "cell_22_2" }, "geometry": { "type": "Polygon", "coordinates": [ [ [ -74.09, 40.71 ], [ -74.085, 40.71 ], [ -74.085, 40.715 ], [ -74.09, 40.715 ], [ -74.09, 40.71 ] ] ] } },
{ "type": "Feature", "properties": { "center_lat": 40.7125, "center_lon": -74.0825, "predicted_risk": 0.37299380635244067, "cell_id": "cell_22_3" }, "geometry": { "type": "Polygon", "coordinates": [ [ [ -74.085, 40.71 ], [ -74.08, 40.71 ], [ -74.08, 40.715 ], [ -74.085, 40.715 ], [ -74.085, 40.71 ] ] ] } },
{ "type": "Feature", "properties": { "center_lat": 40.7125, "center_lon": -74.0775, "predicted_risk": 0.2772985240998046, "cell_id": "cell_22_4" }, "geometry": { "type": "Polygon", "coordinates": [ [ [ -74.08, 40.71 ], [ -74.075, 40.71 ], [ -74.075, 40.715 ], [ -74.08, 40.715 ], [ -74.08, 40.71 ] ] ] } },
{ "type": "Feature", "properties": { "center_lat": 40.7125, "center_lon": -74.0725, "predicted_risk": 0.37936404319702344, "cell_id": "cell_22_5" }, "geometry": { "type": "Polygon", "coordinates": [ [ [ -74.075, 40.71 ], [ -74.07, 40.71 ], [ -74.07, 40.715 ], [ -74.075, 40.715 ], [ -74.075, 40.71 ] ] ] } },
{ "type": "Feature", "properties": { "center_lat": 40.7125, "center_lon": -74.0675, "predicted_risk": 0.19976671204221561, "cell_id": "cell_22_6" }, "geometry": { "type": "Polygon", "coordinates": [ [ [ -74.07, 40.71 ], [ -74.065, 40.71 ], [ -74.065, 40.715 ], [ -74.07, 40.715 ], [ -74.07, 40.71 ] ] ] } },
{ "type": "Feature", "properties": { "center_lat": 40.7125, "center_lon": -74.0625, "predicted_risk": 0.21265067012785685, "cell_id": "cell_22_7" }, "geometry": { "type": "Polygon", "coordinates": [ [ [ -74.065, 40.71 ], [ -74.06, 40.71 ], [ -74.06, 40.715 ], [ -74.065, 40.715 ], [ -74.065, 40.71 ] ] ] } },
{ "type": "Feature", "properties": { "center_lat": 40.7125, "center_lon": -74.0575, "predicted_risk": 0.4503589071445776, "cell_id": "cell_22_8" }, "geometry": { "type": "Polygon", "coordinates": [ [ [ -74.06, 40.71 ], [ -74.055, 40.71 ], [ -74.055, 40.715 ], [ -74.06, 40.715 ], [ -74.06, 40.71 ] ] ] } },
{ "type": "Feature", "properties": { "center_lat": 40.7125, "center_lon": -74.0525, "predicted_risk": 0.51542827430987359, "cell_id": "cell_22_9" }, "geometry": { "type": "Polygon", "coordinates": [ [ [ -74.055, 40.71 ], [ -74.05, 40.71 ], [ -74.05, 40.715 ], [ -74.055, 40.715 ], [ -74.055, 40.71 ] ] ] } },
{ "type": "Feature", "properties": { "center_lat": 40.7125, "center_lon": -74.0475, "predicted_risk": 0.7845405148599951, "cell_id": "cell_22_10" }, "geometry": { "type": "Polygon", "coordinates": [ [ [ -74.05, 40.71 ], [ -74.045, 40.71 ], [ -74.045, 40.715 ], [ -74.05, 40.715 ], [ -74.05, 40.71 ] ] ] } },
{ "type": "Feature", "properties": { "center_lat": 40.7125, "center_lon": -74.0425, "predicted_risk": 0.11734785662731119, "cell_id": "cell_22_11" }, "geometry": { "type": "Polygon", "coordinates": [ [ [ -74.045, 40.71 ], [ -74.04, 40.71 ], [ -74.04, 40.715 ], [ -74.045, 40.715 ], [ -74.045, 40.71 ] ] ] } },
{ "type": "Feature", "properties": { "center_lat": 40.7125, "center_lon": -74.0375, "predicted_risk": 0.112949653252656, "cell_id": "cell_22_12" }, "geometry": { "type": "Polygon", "coordinates": [ [ [ -74.04, 40.71 ], [ -74.035, 40.71 ], [ -74.035, 40.715 ], [ -74.04, 40.715 ], [ -74.04, 40.71 ] ] ] } },
{ "type": "Feature", "properties": { "center_lat": 40.7125, "center_lon": -74.0325, "predicted_risk": 0.10675199843362675, "cell_id": "cell_22_13" }, "geometry": { "type": "Polygon", "coordinates": [ [ [ -74.035, 40.71 ], [ -74.03, 40.71 ], [ -74.03, 40.715 ], [ -74.035, 40.715 ], [ -74.035, 40.71 ] ] ] } },
{ "type": "Feature", "properties": { "center_lat": 40.7125, "center_lon": -74.0275, "predicted_risk": 0.30081688266212026, "cell_id": "cell_22_14" }, "geometry": { "type": "Polygon", "coordinates": [ [ [ -74.03, 40.71 ], [ -74.025, 40.71 ], [ -74.025, 40.715 ], [ -74.03, 40.715 ], [ -74.03, 40.71 ] ] ] } },
{ "type": "Feature", "properties": { "center_lat": 40.7125, "center_lon": -74.0225, "predicted_risk": 0.57058198915668368, "cell_id": "cell_22_15" }, "geometry": { "type": "Polygon", "coordinates": [ [ [ -74.025, 40.71 ], [ -74.02, 40.71 ], [ -74.02, 40.715 ], [ -74.025, 40.715 ], [ -74.025, 40.71 ] ] ] } },
{ "type": "Feature", "properties": { "center_lat": 40.7125, "center_lon": -74.0175, "predicted_risk": 1.1099184397470905, "cell_id": "cell_22_16" }, "geometry": { "type": "Polygon", "coordinates": [ [ [ -74.02, 40.71 ], [ -74.015, 40.71 ], [ -74.015, 40.715 ], [ -74.02, 40.715 ], [ -74.02, 40.71 ] ] ] } },
{ "type": "Feature", "properties": { "center_lat": 40.7125, "center_lon": -74.0125, "predicted_risk": 1.1171809125168173, "cell_id": "cell_22_17" }, "geometry": { "type": "Polygon", "coordinates": [ [ [ -74.015, 40.71 ], [ -74.01, 40.71 ], [ -74.01, 40.715 ], [ -74.015, 40.715 ], [ -74.015, 40.71 ] ] ] } },
{ "type": "Feature", "properties": { "center_lat": 40.7125, "center_lon": -74.0075, "predicted_risk": 1.1611732900009066, "cell_id": "cell_22_18" }, "geometry": { "type": "Polygon", "coordinates": [ [ [ -74.01, 40.71 ], [ -74.005, 40.71 ], [ -74.005, 40.715 ], [ -74.01, 40.715 ], [ -74.01, 40.71 ] ] ] } },
{ "type": "Feature", "properties": { "center_lat": 40.7125, "center_lon": -74.0025, "predicted_risk": 0.61556235195180387, "cell_id": "cell_22_19" }, "geometry": { "type": "Polygon", "coordinates": [ [ [ -74.005, 40.71 ], [ -74.0, 40.71 ], [ -74.0, 40.715 ], [ -74.005, 40.715 ], [ -74.005, 40.71 ] ] ] } },
{ "type": "Feature", "properties": { "center_lat": 40.7125, "center_lon": -73.9975, "predicted_risk": 0.65495430423025114, "cell_id": "cell_22_20" }, "geometry": { "type": "Polygon", "coordinates": [ [ [ -74.0, 40.71 ], [ -73.995, 40.71 ], [ -73.995, 40.715 ], [ -74.0, 40.715 ], [ -74.0, 40.71 ] ] ] } },
{ "type": "Feature", "properties": { "center_lat": 40.7125, "center_lon": -73.9925, "predicted_risk": 1.3782359561516142, "cell_id": "cell_22_21" }, "geometry": { "type": "Polygon", "coordinates": [ [ [ -73.995, 40.71 ], [ -73.99, 40.71 ], [ -73.99, 40.715 ], [ -73.995, 40.715 ], [ -73.995, 40.71 ] ] ] } },
{ "type": "Feature", "properties": { "center_lat": 40.7125, "center_lon": -73.9875, "predicted_risk": 0.11828148577186805, "cell_id": "cell_22_22" }, "geometry": { "type": "Polygon", "coordinates": [ [ [ -73.99, 40.71 ], [ -73.985, 40.71 ], [ -73.985, 40.715 ], [ -73.99, 40.715 ], [ -73.99, 40.71 ] ] ] } },
{ "type": "Feature", "properties": { "center_lat": 40.7125, "center_lon": -73.9825, "predicted_risk": 0.23721021039709067, "cell_id": "cell_22_23" }, "geometry": { "type": "Polygon", "coordinates": [ [ [ -73.985, 40.71 ], [ -73.980000000000103, 40.71 ], [ -73.980000000000103, 40.715 ], [ -73.985, 40.715 ], [ -73.985, 40.71 ] ] ] } },
{ "type": "Feature", "properties": { "center_lat": 40.7125, "center_lon": -73.9775, "predicted_risk": 0.23148924260745238, "cell_id": "cell_22_24" }, "geometry": { "type": "Polygon", "coordinates": [ [ [ -73.980000000000103, 40.71 ], [ -73.975000000000108, 40.71 ], [ -73.975000000000108, 40.715 ], [ -73.980000000000103, 40.715 ], [ -73.980000000000103, 40.71 ] ] ] } },
{ "type": "Feature", "properties": { "center_lat": 40.7125, "center_lon": -73.9725, "predicted_risk": 0.33120114092314684, "cell_id": "cell_22_25" }, "geometry": { "type": "Polygon", "coordinates": [ [ [ -73.975000000000108, 40.71 ], [ -73.970000000000113, 40.71 ], [ -73.970000000000113, 40.715 ], [ -73.975000000000108, 40.715 ], [ -73.975000000000108, 40.71 ] ] ] } },
{ "type": "Feature", "properties": { "center_lat": 40.7125, "center_lon": -73.9675, "predicted_risk": 0.41552335517308847, "cell_id": "cell_22_26" }, "geometry": { "type": "Polygon", "coordinates": [ [ [ -73.970000000000113, 40.71 ], [ -73.965000000000117, 40.71 ], [ -73.965000000000117, 40.715 ], [ -73.970000000000113, 40.715 ], [ -73.970000000000113, 40.71 ] ] ] } },
{ "type": "Feature", "properties": { "center_lat": 40.7125, "center_lon": -73.9625, "predicted_risk": 0.39112883160027012, "cell_id": "cell_22_27" }, "geometry": { "type": "Polygon", "coordinates": [ [ [ -73.965000000000117, 40.71 ], [ -73.960000000000122, 40.71 ], [ -73.960000000000122, 40.715 ], [ -73.965000000000117, 40.715 ], [ -73.965000000000117, 40.71 ] ] ] } },
{ "type": "Feature", "properties": { "center_lat": 40.7125, "center_lon": -73.9575, "predicted_risk": 0.093597645167962928, "cell_id": "cell_22_28" }, "geometry": { "type": "Polygon", "coordinates": [ [ [ -73.960000000000122, 40.71 ], [ -73.955000000000126, 40.71 ], [ -73.955000000000126, 40.715 ], [ -73.960000000000122, 40.715 ], [ -73.960000000000122, 40.71 ] ] ] } },
{ "type": "Feature", "properties": { "center_lat": 40.7125, "center_lon": -73.9525, "predicted_risk": 0.27705503248646984, "cell_id": "cell_22_29" }, "geometry": { "type": "Polygon", "coordinates": [ [ [ -73.955000000000126, 40.71 ], [ -73.950000000000131, 40.71 ], [ -73.950000000000131, 40.715 ], [ -73.955000000000126, 40.715 ], [ -73.955000000000126, 40.71 ] ] ] } },
{ "type": "Feature", "properties": { "center_lat": 40.7125, "center_lon": -73.9475, "predicted_risk": 0.094349361223515046, "cell_id": "cell_22_30" }, "geometry": { "type": "Polygon", "coordinates": [ [ [ -73.950000000000131, 40.71 ], [ -73.945000000000135, 40.71 ], [ -73.945000000000135, 40.715 ], [ -73.950000000000131, 40.715 ], [ -73.950000000000131, 40.71 ] ] ] } },
{ "type": "Feature", "properties": { "center_lat": 40.7125, "center_lon": -73.9425, "predicted_risk": 0.0991015937037691, "cell_id": "cell_22_31" }, "geometry": { "type": "Polygon", "coordinates": [ [ [ -73.945000000000135, 40.71 ], [ -73.94000000000014, 40.71 ], [ -73.94000000000014, 40.715 ], [ -73.945000000000135, 40.715 ], [ -73.945000000000135, 40.71 ] ] ] } },
{ "type": "Feature", "properties": { "center_lat": 40.7125, "center_lon": -73.9375, "predicted_risk": 0.10544486268517121, "cell_id": "cell_22_32" }, "geometry": { "type": "Polygon", "coordinates": [ [ [ -73.94000000000014, 40.71 ], [ -73.935000000000144, 40.71 ], [ -73.935000000000144, 40.715 ], [ -73.94000000000014, 40.715 ], [ -73.94000000000014, 40.71 ] ] ] } },
{ "type": "Feature", "properties": { "center_lat": 40.7125, "center_lon": -73.9325, "predicted_risk": 0.33547834407557081, "cell_id": "cell_22_33" }, "geometry": { "type": "Polygon", "coordinates": [ [ [ -73.935000000000144, 40.71 ], [ -73.930000000000149, 40.71 ], [ -73.930000000000149, 40.715 ], [ -73.935000000000144, 40.715 ], [ -73.935000000000144, 40.71 ] ] ] } },
{ "type": "Feature", "properties": { "center_lat": 40.7125, "center_lon": -73.9275, "predicted_risk": 0.23336599335725669, "cell_id": "cell_22_34" }, "geometry": { "type": "Polygon", "coordinates": [ [ [ -73.930000000000149, 40.71 ], [ -73.925000000000153, 40.71 ], [ -73.925000000000153, 40.715 ], [ -73.930000000000149, 40.715 ], [ -73.930000000000149, 40.71 ] ] ] } },
{ "type": "Feature", "properties": { "center_lat": 40.7125, "center_lon": -73.9225, "predicted_risk": 0.23765274909092007, "cell_id": "cell_22_35" }, "geometry": { "type": "Polygon", "coordinates": [ [ [ -73.925000000000153, 40.71 ], [ -73.920000000000158, 40.71 ], [ -73.920000000000158, 40.715 ], [ -73.925000000000153, 40.715 ], [ -73.925000000000153, 40.71 ] ] ] } },
{ "type": "Feature", "properties": { "center_lat": 40.7125, "center_lon": -73.9175, "predicted_risk": 0.11773147463762942, "cell_id": "cell_22_36" }, "geometry": { "type": "Polygon", "coordinates": [ [ [ -73.920000000000158, 40.71 ], [ -73.915000000000163, 40.71 ], [ -73.915000000000163, 40.715 ], [ -73.920000000000158, 40.715 ], [ -73.920000000000158, 40.71 ] ] ] } },
{ "type": "Feature", "properties": { "center_lat": 40.7125, "center_lon": -73.9125, "predicted_risk": 0.11366636663853877, "cell_id": "cell_22_37" }, "geometry": { "type": "Polygon", "coordinates": [ [ [ -73.915000000000163, 40.71 ], [ -73.910000000000167, 40.71 ], [ -73.910000000000167, 40.715 ], [ -73.915000000000163, 40.715 ], [ -73.915000000000163, 40.71 ] ] ] } },
{ "type": "Feature", "properties": { "center_lat": 40.7125, "center_lon": -73.9075, "predicted_risk": 0.21525266152394859, "cell_id": "cell_22_38" }, "geometry": { "type": "Polygon", "coordinates": [ [ [ -73.910000000000167, 40.71 ], [ -73.905000000000172, 40.71 ], [ -73.905000000000172, 40.715 ], [ -73.910000000000167, 40.715 ], [ -73.910000000000167, 40.71 ] ] ] } },
{ "type": "Feature", "properties": { "center_lat": 40.7175, "center_lon": -74.0975, "predicted_risk": 0.10175560600977487, "cell_id": "cell_23_0" }, "geometry": { "type": "Polygon", "coordinates": [ [ [ -74.1, 40.715 ], [ -74.095, 40.715 ], [ -74.095, 40.72 ], [ -74.1, 40.72 ], [ -74.1, 40.715 ] ] ] } },
{ "type": "Feature", "properties": { "center_lat": 40.7175, "center_lon": -74.0925, "predicted_risk": 0.21621352003127972, "cell_id": "cell_23_1" }, "geometry": { "type": "Polygon", "coordinates": [ [ [ -74.095, 40.715 ], [ -74.09, 40.715 ], [ -74.09, 40.72 ], [ -74.095, 40.72 ], [ -74.095, 40.715 ] ] ] } },
{ "type": "Feature", "properties": { "center_lat": 40.7175, "center_lon": -74.0875, "predicted_risk": 0.45537668697342126, "cell_id": "cell_23_2" }, "geometry": { "type": "Polygon", "coordinates": [ [ [ -74.09, 40.715 ], [ -74.085, 40.715 ], [ -74.085, 40.72 ], [ -74.09, 40.72 ], [ -74.09, 40.715 ] ] ] } },
{ "type": "Feature", "properties": { "center_lat": 40.7175, "center_lon": -74.0825, "predicted_risk": 0.11756312270276756, "cell_id": "cell_23_3" }, "geometry": { "type": "Polygon", "coordinates": [ [ [ -74.085, 40.715 ], [ -74.08, 40.715 ], [ -74.08, 40.72 ], [ -74.085, 40.72 ], [ -74.085, 40.715 ] ] ] } },
{ "type": "Feature", "properties": { "center_lat": 40.7175, "center_lon": -74.0775, "predicted_risk": 0.35505925198816024, "cell_id": "cell_23_4" }, "geometry": { "type": "Polygon", "coordinates": [ [ [ -74.08, 40.715 ], [ -74.075, 40.715 ], [ -74.075, 40.72 ], [ -74.08, 40.72 ], [ -74.08, 40.715 ] ] ] } },
{ "type": "Feature", "properties": { "center_lat": 40.7175, "center_lon": -74.0725, "predicted_risk": 0.34806193664326823, "cell_id": "cell_23_5" }, "geometry": { "type": "Polygon", "coordinates": [ [ [ -74.075, 40.715 ], [ -74.07, 40.715 ], [ -74.07, 40.72 ], [ -74.075, 40.72 ], [ -74.075, 40.715 ] ] ] } },
{ "type": "Feature", "properties": { "center_lat": 40.7175, "center_lon": -74.0675, "predicted_risk": 0.22227373927331937, "cell_id": "cell_23_6" }, "geometry": { "type": "Polygon", "coordinates": [ [ [ -74.07, 40.715 ], [ -74.065, 40.715 ], [ -74.065, 40.72 ], [ -74.07, 40.72 ], [ -74.07, 40.715 ] ] ] } },
{ "type": "Feature", "properties": { "center_lat": 40.7175, "center_lon": -74.0625, "predicted_risk": 0.69232333456059014, "cell_id": "cell_23_7" }, "geometry": { "type": "Polygon", "coordinates": [ [ [ -74.065, 40.715 ], [ -74.06, 40.715 ], [ -74.06, 40.72 ], [ -74.065, 40.72 ], [ -74.065, 40.715 ] ] ] } },
{ "type": "Feature", "properties": { "center_lat": 40.7175, "center_lon": -74.0575, "predicted_risk": 0.86970472923762654, "cell_id": "cell_23_8" }, "geometry": { "type": "Polygon", "coordinates": [ [ [ -74.06, 40.715 ], [ -74.055, 40.715 ], [ -74.055, 40.72 ], [ -74.06, 40.72 ], [ -74.06, 40.715 ] ] ] } },
{ "type": "Feature", "properties": { "center_lat": 40.7175, "center_lon": -74.0525, "predicted_risk": 0.62317333732789837, "cell_id": "cell_23_9" }, "geometry": { "type": "Polygon", "coordinates": [ [ [ -74.055, 40.715 ], [ -74.05, 40.715 ], [ -74.05, 40.72 ], [ -74.055, 40.72 ], [ -74.055, 40.715 ] ] ] } },
{ "type": "Feature", "properties": { "center_lat": 40.7175, "center_lon": -74.0475, "predicted_risk": 0.20404455871651137, "cell_id": "cell_23_10" }, "geometry": { "type": "Polygon", "coordinates": [ [ [ -74.05, 40.715 ], [ -74.045, 40.715 ], [ -74.045, 40.72 ], [ -74.05, 40.72 ], [ -74.05, 40.715 ] ] ] } },
{ "type": "Feature", "properties": { "center_lat": 40.7175, "center_lon": -74.0425, "predicted_risk": 0.62186245747119484, "cell_id": "cell_23_11" }, "geometry": { "type": "Polygon", "coordinates": [ [ [ -74.045, 40.715 ], [ -74.04, 40.715 ], [ -74.04, 40.72 ], [ -74.045, 40.72 ], [ -74.045, 40.715 ] ] ] } },
{ "type": "Feature", "properties": { "center_lat": 40.7175, "center_lon": -74.0375, "predicted_risk": 0.64997773632220168, "cell_id": "cell_23_12" }, "geometry": { "type": "Polygon", "coordinates": [ [ [ -74.04, 40.715 ], [ -74.035, 40.715 ], [ -74.035, 40.72 ], [ -74.04, 40.72 ], [ -74.04, 40.715 ] ] ] } },
{ "type": "Feature", "properties": { "center_lat": 40.7175, "center_lon": -74.0325, "predicted_risk": 0.41793691629412033, "cell_id": "cell_23_13" }, "geometry": { "type": "Polygon", "coordinates": [ [ [ -74.035, 40.715 ], [ -74.03, 40.715 ], [ -74.03, 40.72 ], [ -74.035, 40.72 ], [ -74.035, 40.715 ] ] ] } },
{ "type": "Feature", "properties": { "center_lat": 40.7175, "center_lon": -74.0275, "predicted_risk": 0.99684146325048462, "cell_id": "cell_23_14" }, "geometry": { "type": "Polygon", "coordinates": [ [ [ -74.03, 40.715 ], [ -74.025, 40.715 ], [ -74.025, 40.72 ], [ -74.03, 40.72 ], [ -74.03, 40.715 ] ] ] } },
{ "type": "Feature", "properties": { "center_lat": 40.7175, "center_lon": -74.0225, "predicted_risk": 1.0419543749329301, "cell_id": "cell_23_15" }, "geometry": { "type": "Polygon", "coordinates": [ [ [ -74.025, 40.715 ], [ -74.02, 40.715 ], [ -74.02, 40.72 ], [ -74.025, 40.72 ], [ -74.025, 40.715 ] ] ] } },
{ "type": "Feature", "properties": { "center_lat": 40.7175, "center_lon": -74.0175, "predicted_risk": 1.419535443415098, "cell_id": "cell_23_16" }, "geometry": { "type": "Polygon", "coordinates": [ [ [ -74.02, 40.715 ], [ -74.015, 40.715 ], [ -74.015, 40.72 ], [ -74.02, 40.72 ], [ -74.02, 40.715 ] ] ] } },
{ "type": "Feature", "properties": { "center_lat": 40.7175, "center_lon": -74.0125, "predicted_risk": 0.70625067874368397, "cell_id": "cell_23_17" }, "geometry": { "type": "Polygon", "coordinates": [ [ [ -74.015, 40.715 ], [ -74.01, 40.715 ], [ -74.01, 40.72 ], [ -74.015, 40.72 ], [ -74.015, 40.715 ] ] ] } },
{ "type": "Feature", "properties": { "center_lat": 40.7175, "center_lon": -74.0075, "predicted_risk": 1.3698924316848331, "cell_id": "cell_23_18" }, "geometry": { "type": "Polygon", "coordinates": [ [ [ -74.01, 40.715 ], [ -74.005, 40.715 ], [ -74.005, 40.72 ], [ -74.01, 40.72 ], [ -74.01, 40.715 ] ] ] } },
{ "type": "Feature", "properties": { "center_lat": 40.7175, "center_lon": -74.0025, "predicted_risk": 1.3021408170820408, "cell_id": "cell_23_19" }, "geometry": { "type": "Polygon", "coordinates": [ [ [ -74.005, 40.715 ], [ -74.0, 40.715 ], [ -74.0, 40.72 ], [ -74.005, 40.72 ], [ -74.005, 40.715 ] ] ] } },
{ "type": "Feature", "properties": { "center_lat": 40.7175, "center_lon": -73.9975, "predicted_risk": 0.61291723592705138, "cell_id": "cell_23_20" }, "geometry": { "type": "Polygon", "coordinates": [ [ [ -74.0, 40.715 ], [ -73.995, 40.715 ], [ -73.995, 40.72 ], [ -74.0, 40.72 ], [ -74.0, 40.715 ] ] ] } },
{ "type": "Feature", "properties": { "center_lat": 40.7175, "center_lon": -73.9925, "predicted_risk": 0.86974188794202978, "cell_id": "cell_23_21" }, "geometry": { "type": "Polygon", "coordinates": [ [ [ -73.995, 40.715 ], [ -73.99, 40.715 ], [ -73.99, 40.72 ], [ -73.995, 40.72 ], [ -73.995, 40.715 ] ] ] } },
{ "type": "Feature", "properties": { "center_lat": 40.7175, "center_lon": -73.9875, "predicted_risk": 0.18663463130562338, "cell_id": "cell_23_22" }, "geometry": { "type": "Polygon", "coordinates": [ [ [ -73.99, 40.715 ], [ -73.985, 40.715 ], [ -73.985, 40.72 ], [ -73.99, 40.72 ], [ -73.99, 40.715 ] ] ] } },
{ "type": "Feature", "properties": { "center_lat": 40.7175, "center_lon": -73.9825, "predicted_risk": 0.27901161977485384, "cell_id": "cell_23_23" }, "geometry": { "type": "Polygon", "coordinates": [ [ [ -73.985, 40.715 ], [ -73.980000000000103, 40.715 ], [ -73.980000000000103, 40.72 ], [ -73.985, 40.72 ], [ -73.985, 40.715 ] ] ] } },
{ "type": "Feature", "properties": { "center_lat": 40.7175, "center_lon": -73.9775, "predicted_risk": 0.38309760798159975, "cell_id": "cell_23_24" }, "geometry": { "type": "Polygon", "coordinates": [ [ [ -73.980000000000103, 40.715 ], [ -73.975000000000108, 40.715 ], [ -73.975000000000108, 40.72 ], [ -73.980000000000103, 40.72 ], [ -73.980000000000103, 40.715 ] ] ] } },
{ "type": "Feature", "properties": { "center_lat": 40.7175, "center_lon": -73.9725, "predicted_risk": 0.20190115960750804, "cell_id": "cell_23_25" }, "geometry": { "type": "Polygon", "coordinates": [ [ [ -73.975000000000108, 40.715 ], [ -73.970000000000113, 40.715 ], [ -73.970000000000113, 40.72 ], [ -73.975000000000108, 40.72 ], [ -73.975000000000108, 40.715 ] ] ] } },
{ "type": "Feature", "properties": { "center_lat": 40.7175, "center_lon": -73.9675, "predicted_risk": 0.10726509783033568, "cell_id": "cell_23_26" }, "geometry": { "type": "Polygon", "coordinates": [ [ [ -73.970000000000113, 40.715 ], [ -73.965000000000117, 40.715 ], [ -73.965000000000117, 40.72 ], [ -73.970000000000113, 40.72 ], [ -73.970000000000113, 40.715 ] ] ] } },
{ "type": "Feature", "properties": { "center_lat": 40.7175, "center_lon": -73.9625, "predicted_risk": 0.45268776734298027, "cell_id": "cell_23_27" }, "geometry": { "type": "Polygon", "coordinates": [ [ [ -73.965000000000117, 40.715 ], [ -73.960000000000122, 40.715 ], [ -73.960000000000122, 40.72 ], [ -73.965000000000117, 40.72 ], [ -73.965000000000117, 40.715 ] ] ] } },
{ "type": "Feature", "properties": { "center_lat": 40.7175, "center_lon": -73.9575, "predicted_risk": 0.46889964159622166, "cell_id": "cell_23_28" }, "geometry": { "type": "Polygon", "coordinates": [ [ [ -73.960000000000122, 40.715 ], [ -73.955000000000126, 40.715 ], [ -73.955000000000126, 40.72 ], [ -73.960000000000122, 40.72 ], [ -73.960000000000122, 40.715 ] ] ] } },
{ "type": "Feature", "properties": { "center_lat": 40.7175, "center_lon": -73.9525, "predicted_risk": 0.11843169546376257, "cell_id": "cell_23_29" }, "geometry": { "type": "Polygon", "coordinates": [ [ [ -73.955000000000126, 40.715 ], [ -73.950000000000131, 40.715 ], [ -73.950000000000131, 40.72 ], [ -73.955000000000126, 40.72 ], [ -73.955000000000126, 40.715 ] ] ] } },
{ "type": "Feature", "properties": { "center_lat": 40.7175, "center_lon": -73.9475, "predicted_risk": 0.11649683395792244, "cell_id": "cell_23_30" }, "geometry": { "type": "Polygon", "coordinates": [ [ [ -73.950000000000131, 40.715 ], [ -73.945000000000135, 40.715 ], [ -73.945000000000135, 40.72 ], [ -73.950000000000131, 40.72 ], [ -73.950000000000131, 40.715 ] ] ] } },
{ "type": "Feature", "properties": { "center_lat": 40.7175, "center_lon": -73.9425, "predicted_risk": 0.33568214237643573, "cell_id": "cell_23_31" }, "geometry": { "type": "Polygon", "coordinates": [ [ [ -73.945000000000135, 40.715 ], [ -73.94000000000014, 40.715 ], [ -73.94000000000014, 40.72 ], [ -73.945000000000135, 40.72 ], [ -73.945000000000135, 40.715 ] ] ] } },
{ "type": "Feature", "properties": { "center_lat": 40.7175, "center_lon": -73.9375, "predicted_risk": 0.10575025862921676, "cell_id": "cell_23_32" }, "geometry": { "type": "Polygon", "coordinates": [ [ [ -73.94000000000014, 40.715 ], [ -73.935000000000144, 40.715 ], [ -73.935000000000144, 40.72 ], [ -73.94000000000014, 40.72 ], [ -73.94000000000014, 40.715 ] ] ] } },
{ "type": "Feature", "properties": { "center_lat": 40.7175, "center_lon": -73.9325, "predicted_risk": 0.19913936249345252, "cell_id": "cell_23_33" }, "geometry": { "type": "Polygon", "coordinates": [ [ [ -73.935000000000144, 40.715 ], [ -73.930000000000149, 40.715 ], [ -73.930000000000149, 40.72 ], [ -73.935000000000144, 40.72 ], [ -73.935000000000144, 40.715 ] ] ] } },
{ "type": "Feature", "properties": { "center_lat": 40.7175, "center_lon": -73.9275, "predicted_risk": 0.37946214483905039, "cell_id": "cell_23_34" }, "geometry": { "type": "Polygon", "coordinates": [ [ [ -73.930000000000149, 40.715 ], [ -73.925000000000153, 40.715 ], [ -73.925000000000153, 40.72 ], [ -73.930000000000149, 40.72 ], [ -73.930000000000149, 40.715 ] ] ] } },
{ "type": "Feature", "properties": { "center_lat": 40.7175, "center_lon": -73.9225, "predicted_risk": 0.27836868685845445, "cell_id": "cell_23_35" }, "geometry": { "type": "Polygon", "coordinates": [ [ [ -73.925000000000153, 40.715 ], [ -73.920000000000158, 40.715 ], [ -73.920000000000158, 40.72 ], [ -73.925000000000153, 40.72 ], [ -73.925000000000153, 40.715 ] ] ] } },
{ "type": "Feature", "properties": { "center_lat": 40.7175, "center_lon": -73.9175, "predicted_risk": 0.28155009088356053, "cell_id": "cell_23_36" }, "geometry": { "type": "Polygon", "coordinates": [ [ [ -73.920000000000158, 40.715 ], [ -73.915000000000163, 40.715 ], [ -73.915000000000163, 40.72 ], [ -73.920000000000158, 40.72 ], [ -73.920000000000158, 40.715 ] ] ] } },
{ "type": "Feature", "properties": { "center_lat": 40.7175, "center_lon": -73.9125, "predicted_risk": 0.39114920272523629, "cell_id": "cell_23_37" }, "geometry": { "type": "Polygon", "coordinates": [ [ [ -73.915000000000163, 40.715 ], [ -73.910000000000167, 40.715 ], [ -73.910000000000167, 40.72 ], [ -73.915000000000163, 40.72 ], [ -73.915000000000163, 40.715 ] ] ] } },
{ "type": "Feature", "properties": { "center_lat": 40.7175, "center_lon": -73.9075, "predicted_risk": 0.41454956935486548, "cell_id": "cell_23_38" }, "geometry": { "type": "Polygon", "coordinates": [ [ [ -73.910000000000167, 40.715 ], [ -73.905000000000172, 40.715 ], [ -73.905000000000172, 40.72 ], [ -73.910000000000167, 40.72 ], [ -73.910000000000167, 40.715 ] ] ] } },
{ "type": "Feature", "properties": { "center_lat": 40.7225, "center_lon": -74.0975, "predicted_risk": 0.37953295083699462, "cell_id": "cell_24_0" }, "geometry": { "type": "Polygon", "coordinates": [ [ [ -74.1, 40.72 ], [ -74.095, 40.72 ], [ -74.095, 40.725 ], [ -74.1, 40.725 ], [ -74.1, 40.72 ] ] ] } },
{ "type": "Feature", "properties": { "center_lat": 40.7225, "center_lon": -74.0925, "predicted_risk": 0.33776378618519215, "cell_id": "cell_24_1" }, "geometry": { "type": "Polygon", "coordinates": [ [ [ -74.095, 40.72 ], [ -74.09, 40.72 ], [ -74.09, 40.725 ], [ -74.095, 40.725 ], [ -74.095, 40.72 ] ] ] } },
{ "type": "Feature", "properties": { "center_lat": 40.7225, "center_lon": -74.0875, "predicted_risk": 0.12858173108227497, "cell_id": "cell_24_2" }, "geometry": { "type": "Polygon", "coordinates": [ [ [ -74.09, 40.72 ], [ -74.085, 40.72 ], [ -74.085, 40.725 ], [ -74.09, 40.725 ], [ -74.09, 40.72 ] ] ] } },
{ "type": "Feature", "properties": { "center_lat": 40.7225, "center_lon": -74.0825, "predicted_risk": 0.13894880415135155, "cell_id": "cell_24_3" }, "geometry": { "type": "Polygon", "coordinates": [ [ [ -74.085, 40.72 ], [ -74.08, 40.72 ], [ -74.08, 40.725 ], [ -74.085, 40.725 ], [ -74.085, 40.72 ] ] ] } },
{ "type": "Feature", "properties": { "center_lat": 40.7225, "center_lon": -74.0775, "predicted_risk": 0.14115092688397587, "cell_id": "cell_24_4" }, "geometry": { "type": "Polygon", "coordinates": [ [ [ -74.08, 40.72 ], [ -74.075, 40.72 ], [ -74.075, 40.725 ], [ -74.08, 40.725 ], [ -74.08, 40.72 ] ] ] } },
{ "type": "Feature", "properties": { "center_lat": 40.7225, "center_lon": -74.0725, "predicted_risk": 0.5385957713339764, "cell_id": "cell_24_5" }, "geometry": { "type": "Polygon", "coordinates": [ [ [ -74.075, 40.72 ], [ -74.07, 40.72 ], [ -74.07, 40.725 ], [ -74.075, 40.725 ], [ -74.075, 40.72 ] ] ] } },
{ "type": "Feature", "properties": { "center_lat": 40.7225, "center_lon": -74.0675, "predicted_risk": 0.36310429338030914, "cell_id": "cell_24_6" }, "geometry": { "type": "Polygon", "coordinates": [ [ [ -74.07, 40.72 ], [ -74.065, 40.72 ], [ -74.065, 40.725 ], [ -74.07, 40.725 ], [ -74.07, 40.72 ] ] ] } },
{ "type": "Feature", "properties": { "center_lat": 40.7225, "center_lon": -74.0625, "predicted_risk": 0.9120462334775461, "cell_id": "cell_24_7" }, "geometry": { "type": "Polygon", "coordinates": [ [ [ -74.065, 40.72 ], [ -74.06, 40.72 ], [ -74.06, 40.725 ], [ -74.065, 40.725 ], [ -74.065, 40.72 ] ] ] } },
{ "type": "Feature", "properties": { "center_lat": 40.7225, "center_lon": -74.0575, "predicted_risk": 0.76320596679974562, "cell_id": "cell_24_8" }, "geometry": { "type": "Polygon", "coordinates": [ [ [ -74.06, 40.72 ], [ -74.055, 40.72 ], [ -74.055, 40.725 ], [ -74.06, 40.725 ], [ -74.06, 40.72 ] ] ] } },
{ "type": "Feature", "properties": { "center_lat": 40.7225, "center_lon": -74.0525, "predicted_risk": 0.6550264154834754, "cell_id": "cell_24_9" }, "geometry": { "type": "Polygon", "coordinates": [ [ [ -74.055, 40.72 ], [ -74.05, 40.72 ], [ -74.05, 40.725 ], [ -74.055, 40.725 ], [ -74.055, 40.72 ] ] ] } },
{ "type": "Feature", "properties": { "center_lat": 40.7225, "center_lon": -74.0475, "predicted_risk": 0.30699685329250009, "cell_id": "cell_24_10" }, "geometry": { "type": "Polygon", "coordinates": [ [ [ -74.05, 40.72 ], [ -74.045, 40.72 ], [ -74.045, 40.725 ], [ -74.05, 40.725 ], [ -74.05, 40.72 ] ] ] } },
{ "type": "Feature", "properties": { "center_lat": 40.7225, "center_lon": -74.0425, "predicted_risk": 0.48761555873120432, "cell_id": "cell_24_11" }, "geometry": { "type": "Polygon", "coordinates": [ [ [ -74.045, 40.72 ], [ -74.04, 40.72 ], [ -74.04, 40.725 ], [ -74.045, 40.725 ], [ -74.045, 40.72 ] ] ] } },
{ "type": "Feature", "properties": { "center_lat": 40.7225, "center_lon": -74.0375, "predicted_risk": 0.56599065788871394, "cell_id": "cell_24_12" }, "geometry": { "type": "Polygon", "coordinates": [ [ [ -74.04, 40.72 ], [ -74.035, 40.72 ], [ -74.035, 40.725 ], [ -74.04, 40.725 ], [ -74.04, 40.72 ] ] ] } },
{ "type": "Feature", "properties": { "center_lat": 40.7225, "center_lon": -74.0325, "predicted_risk": 0.2049792787001993, "cell_id": "cell_24_13" }, "geometry": { "type": "Polygon", "coordinates": [ [ [ -74.035, 40.72 ], [ -74.03, 40.72 ], [ -74.03, 40.725 ], [ -74.035, 40.725 ], [ -74.035, 40.72 ] ] ] } },
{ "type": "Feature", "properties": { "center_lat": 40.7225, "center_lon": -74.0275, "predicted_risk": 0.3599539295361488, "cell_id": "cell_24_14" }, "geometry": { "type": "Polygon", "coordinates": [ [ [ -74.03, 40.72 ], [ -74.025, 40.72 ], [ -74.025, 40.725 ], [ -74.03, 40.725 ], [ -74.03, 40.72 ] ] ] } },
{ "type": "Feature", "properties": { "center_lat": 40.7225, "center_lon": -74.0225, "predicted_risk": 0.40187335402573859, "cell_id": "cell_24_15" }, "geometry": { "type": "Polygon", "coordinates": [ [ [ -74.025, 40.72 ], [ -74.02, 40.72 ], [ -74.02, 40.725 ], [ -74.025, 40.725 ], [ -74.025, 40.72 ] ] ] } },
{ "type": "Feature", "properties": { "center_lat": 40.7225, "center_lon": -74.0175, "predicted_risk": 1.268891563238594, "cell_id": "cell_24_16" }, "geometry": { "type": "Polygon", "coordinates": [ [ [ -74.02, 40.72 ], [ -74.015, 40.72 ], [ -74.015, 40.725 ], [ -74.02, 40.725 ], [ -74.02, 40.72 ] ] ] } },
{ "type": "Feature", "properties": { "center_lat": 40.7225, "center_lon": -74.0125, "predicted_risk": 1.6722469625836704, "cell_id": "cell_24_17" }, "geometry": { "type": "Polygon", "coordinates": [ [ [ -74.015, 40.72 ], [ -74.01, 40.72 ], [ -74.01, 40.725 ], [ -74.015, 40.725 ], [ -74.015, 40.72 ] ] ] } },
{ "type": "Feature", "properties": { "center_lat": 40.7225, "center_lon": -74.0075, "predicted_risk": 1.5534688845690166, "cell_id": "cell_24_18" }, "geometry": { "type": "Polygon", "coordinates": [ [ [ -74.01, 40.72 ], [ -74.005, 40.72 ], [ -74.005, 40.725 ], [ -74.01, 40.725 ], [ -74.01, 40.72 ] ] ] } },
{ "type": "Feature", "properties": { "center_lat": 40.7225, "center_lon": -74.0025, "predicted_risk": 0.68230109981767606, "cell_id": "cell_24_19" }, "geometry": { "type": "Polygon", "coordinates": [ [ [ -74.005, 40.72 ], [ -74.0, 40.72 ], [ -74.0, 40.725 ], [ -74.005, 40.725 ], [ -74.005, 40.72 ] ] ] } },
{ "type": "Feature", "properties": { "center_lat": 40.7225, "center_lon": -73.9975, "predicted_risk": 1.1518880592108598, "cell_id": "cell_24_20" }, "geometry": { "type": "Polygon", "coordinates": [ [ [ -74.0, 40.72 ], [ -73.995, 40.72 ], [ -73.995, 40.725 ], [ -74.0, 40.725 ], [ -74.0, 40.72 ] ] ] } },
{ "type": "Feature", "properties": { "center_lat": 40.7225, "center_lon": -73.9925, "predicted_risk": 0.16123438392261633, "cell_id": "cell_24_21" }, "geometry": { "type": "Polygon", "coordinates": [ [ [ -73.995, 40.72 ], [ -73.99, 40.72 ], [ -73.99, 40.725 ], [ -73.995, 40.725 ], [ -73.995, 40.72 ] ] ] } },
{ "type": "Feature", "properties": { "center_lat": 40.7225, "center_lon": -73.9875, "predicted_risk": 0.21408112510645039, "cell_id": "cell_24_22" }, "geometry": { "type": "Polygon", "coordinates": [ [ [ -73.99, 40.72 ], [ -73.985, 40.72 ], [ -73.985, 40.725 ], [ -73.99, 40.725 ], [ -73.99, 40.72 ] ] ] } },
{ "type": "Feature", "properties": { "center_lat": 40.7225, "center_lon": -73.9825, "predicted_risk": 0.14097322489923303, "cell_id": "cell_24_23" }, "geometry": { "type": "Polygon", "coordinates": [ [ [ -73.985, 40.72 ], [ -73.980000000000103, 40.72 ], [ -73.980000000000103, 40.725 ], [ -73.985, 40.725 ], [ -73.985, 40.72 ] ] ] } },
{ "type": "Feature", "properties": { "center_lat": 40.7225, "center_lon": -73.9775, "predicted_risk": 0.23462949527479618, "cell_id": "cell_24_24" }, "geometry": { "type": "Polygon", "coordinates": [ [ [ -73.980000000000103, 40.72 ], [ -73.975000000000108, 40.72 ], [ -73.975000000000108, 40.725 ], [ -73.980000000000103, 40.725 ], [ -73.980000000000103, 40.72 ] ] ] } },
{ "type": "Feature", "properties": { "center_lat": 40.7225, "center_lon": -73.9725, "predicted_risk": 0.27791735855403132, "cell_id": "cell_24_25" }, "geometry": { "type": "Polygon", "coordinates": [ [ [ -73.975000000000108, 40.72 ], [ -73.970000000000113, 40.72 ], [ -73.970000000000113, 40.725 ], [ -73.975000000000108, 40.725 ], [ -73.975000000000108, 40.72 ] ] ] } },
{ "type": "Feature", "properties": { "center_lat": 40.7225, "center_lon": -73.9675, "predicted_risk": 0.44096673138489456, "cell_id": "cell_24_26" }, "geometry": { "type": "Polygon", "coordinates": [ [ [ -73.970000000000113, 40.72 ], [ -73.965000000000117, 40.72 ], [ -73.965000000000117, 40.725 ], [ -73.970000000000113, 40.725 ], [ -73.970000000000113, 40.72 ] ] ] } },
{ "type": "Feature", "properties": { "center_lat": 40.7225, "center_lon": -73.9625, "predicted_risk": 0.25341560065872604, "cell_id": "cell_24_27" }, "geometry": { "type": "Polygon", "coordinates": [ [ [ -73.965000000000117, 40.72 ], [ -73.960000000000122, 40.72 ], [ -73.960000000000122, 40.725 ], [ -73.965000000000117, 40.725 ], [ -73.965000000000117, 40.72 ] ] ] } },
{ "type": "Feature", "properties": { "center_lat": 40.7225, "center_lon": -73.9575, "predicted_risk": 0.41401797639476451, "cell_id": "cell_24_28" }, "geometry": { "type": "Polygon", "coordinates": [ [ [ -73.960000000000122, 40.72 ], [ -73.955000000000126, 40.72 ], [ -73.955000000000126, 40.725 ], [ -73.960000000000122, 40.725 ], [ -73.960000000000122, 40.72 ] ] ] } },
{ "type": "Feature", "properties": { "center_lat": 40.7225, "center_lon": -73.9525, "predicted_risk": 0.14137006686154011, "cell_id": "cell_24_29" }, "geometry": { "type": "Polygon", "coordinates": [ [ [ -73.955000000000126, 40.72 ], [ -73.950000000000131, 40.72 ], [ -73.950000000000131, 40.725 ], [ -73.955000000000126, 40.725 ], [ -73.955000000000126, 40.72 ] ] ] } },
{ "type": "Feature", "properties": { "center_lat": 40.7225, "center_lon": -73.9475, "predicted_risk": 0.40792914509732914, "cell_id": "cell_24_30" }, "geometry": { "type": "Polygon", "coordinates": [ [ [ -73.950000000000131, 40.72 ], [ -73.945000000000135, 40.72 ], [ -73.945000000000135, 40.725 ], [ -73.950000000000131, 40.725 ], [ -73.950000000000131, 40.72 ] ] ] } },
{ "type": "Feature", "properties": { "center_lat": 40.7225, "center_lon": -73.9425, "predicted_risk": 0.4925819955335482, "cell_id": "cell_24_31" }, "geometry": { "type": "Polygon", "coordinates": [ [ [ -73.945000000000135, 40.72 ], [ -73.94000000000014, 40.72 ], [ -73.94000000000014, 40.725 ], [ -73.945000000000135, 40.725 ], [ -73.945000000000135, 40.72 ] ] ] } },
{ "type": "Feature", "properties": { "center_lat": 40.7225, "center_lon": -73.9375, "predicted_risk": 0.42407546408151131, "cell_id": "cell_24_32" }, "geometry": { "type": "Polygon", "coordinates": [ [ [ -73.94000000000014, 40.72 ], [ -73.935000000000144, 40.72 ], [ -73.935000000000144, 40.725 ], [ -73.94000000000014, 40.725 ], [ -73.94000000000014, 40.72 ] ] ] } },
{ "type": "Feature", "properties": { "center_lat": 40.7225, "center_lon": -73.9325, "predicted_risk": 0.088789680147088546, "cell_id": "cell_24_33" }, "geometry": { "type": "Polygon", "coordinates": [ [ [ -73.935000000000144, 40.72 ], [ -73.930000000000149, 40.72 ], [ -73.930000000000149, 40.725 ], [ -73.935000000000144, 40.725 ], [ -73.935000000000144, 40.72 ] ] ] } },
{ "type": "Feature", "properties": { "center_lat": 40.7225, "center_lon": -73.9275, "predicted_risk": 0.075676246854210844, "cell_id": "cell_24_34" }, "geometry": { "type": "Polygon", "coordinates": [ [ [ -73.930000000000149, 40.72 ], [ -73.925000000000153, 40.72 ], [ -73.925000000000153, 40.725 ], [ -73.930000000000149, 40.725 ], [ -73.930000000000149, 40.72 ] ] ] } },
{ "type": "Feature", "properties": { "center_lat": 40.7225, "center_lon": -73.9225, "predicted_risk": 0.069889191958769178, "cell_id": "cell_24_35" }, "geometry": { "type": "Polygon", "coordinates": [ [ [ -73.925000000000153, 40.72 ], [ -73.920000000000158, 40.72 ], [ -73.920000000000158, 40.725 ], [ -73.925000000000153, 40.725 ], [ -73.925000000000153, 40.72 ] ] ] } },
{ "type": "Feature", "properties": { "center_lat": 40.7225, "center_lon": -73.9175, "predicted_risk": 0.21853616498933581, "cell_id": "cell_24_36" }, "geometry": { "type": "Polygon", "coordinates": [ [ [ -73.920000000000158, 40.72 ], [ -73.915000000000163, 40.72 ], [ -73.915000000000163, 40.725 ], [ -73.920000000000158, 40.725 ], [ -73.920000000000158, 40.72 ] ] ] } },
{ "type": "Feature", "properties": { "center_lat": 40.7225, "center_lon": -73.9125, "predicted_risk": 0.083821055994673752, "cell_id": "cell_24_37" }, "geometry": { "type": "Polygon", "coordinates": [ [ [ -73.915000000000163, 40.72 ], [ -73.910000000000167, 40.72 ], [ -73.910000000000167, 40.725 ], [ -73.915000000000163, 40.725 ], [ -73.915000000000163, 40.72 ] ] ] } },
{ "type": "Feature", "properties": { "center_lat": 40.7225, "center_lon": -73.9075, "predicted_risk": 0.10012896871926684, "cell_id": "cell_24_38" }, "geometry": { "type": "Polygon", "coordinates": [ [ [ -73.910000000000167, 40.72 ], [ -73.905000000000172, 40.72 ], [ -73.905000000000172, 40.725 ], [ -73.910000000000167, 40.725 ], [ -73.910000000000167, 40.72 ] ] ] } },
{ "type": "Feature", "properties": { "center_lat": 40.7275, "center_lon": -74.0975, "predicted_risk": 0.27190411973299783, "cell_id": "cell_25_0" }, "geometry": { "type": "Polygon", "coordinates": [ [ [ -74.1, 40.725 ], [ -74.095, 40.725 ], [ -74.095, 40.73 ], [ -74.1, 40.73 ], [ -74.1, 40.725 ] ] ] } },
{ "type": "Feature", "properties": { "center_lat": 40.7275, "center_lon": -74.0925, "predicted_risk": 0.34607462632769459, "cell_id": "cell_25_1" }, "geometry": { "type": "Polygon", "coordinates": [ [ [ -74.095, 40.725 ], [ -74.09, 40.725 ], [ -74.09, 40.73 ], [ -74.095, 40.73 ], [ -74.095, 40.725 ] ] ] } },
{ "type": "Feature", "properties": { "center_lat": 40.7275, "center_lon": -74.0875, "predicted_risk": 0.41307768340898066, "cell_id": "cell_25_2" }, "geometry": { "type": "Polygon", "coordinates": [ [ [ -74.09, 40.725 ], [ -74.085, 40.725 ], [ -74.085, 40.73 ], [ -74.09, 40.73 ], [ -74.09, 40.725 ] ] ] } },
{ "type": "Feature", "properties": { "center_lat": 40.7275, "center_lon": -74.0825, "predicted_risk": 0.45650860579028624, "cell_id": "cell_25_3" }, "geometry": { "type": "Polygon", "coordinates": [ [ [ -74.085, 40.725 ], [ -74.08, 40.725 ], [ -74.08, 40.73 ], [ -74.085, 40.73 ], [ -74.085, 40.725 ] ] ] } },
{ "type": "Feature", "properties": { "center_lat": 40.7275, "center_lon": -74.0775, "predicted_risk": 0.15524466298872652, "cell_id": "cell_25_4" }, "geometry": { "type": "Polygon", "coordinates": [ [ [ -74.08, 40.725 ], [ -74.075, 40.725 ], [ -74.075, 40.73 ], [ -74.08, 40.73 ], [ -74.08, 40.725 ] ] ] } },
{ "type": "Feature", "properties": { "center_lat": 40.7275, "center_lon": -74.0725, "predicted_risk": 0.4384951373887484, "cell_id": "cell_25_5" }, "geometry": { "type": "Polygon", "coordinates": [ [ [ -74.075, 40.725 ], [ -74.07, 40.725 ], [ -74.07, 40.73 ], [ -74.075, 40.73 ], [ -74.075, 40.725 ] ] ] } },
{ "type": "Feature", "properties": { "center_lat": 40.7275, "center_lon": -74.0675, "predicted_risk": 0.83921435820723855, "cell_id": "cell_25_6" }, "geometry": { "type": "Polygon", "coordinates": [ [ [ -74.07, 40.725 ], [ -74.065, 40.725 ], [ -74.065, 40.73 ], [ -74.07, 40.73 ], [ -74.07, 40.725 ] ] ] } },
{ "type": "Feature", "properties": { "center_lat": 40.7275, "center_lon": -74.0625, "predicted_risk": 0.22630352865857864, "cell_id": "cell_25_7" }, "geometry": { "type": "Polygon", "coordinates": [ [ [ -74.065, 40.725 ], [ -74.06, 40.725 ], [ -74.06, 40.73 ], [ -74.065, 40.73 ], [ -74.065, 40.725 ] ] ] } },
{ "type": "Feature", "properties": { "center_lat": 40.7275, "center_lon": -74.0575, "predicted_risk": 0.17434197993098316, "cell_id": "cell_25_8" }, "geometry": { "type": "Polygon", "coordinates": [ [ [ -74.06, 40.725 ], [ -74.055, 40.725 ], [ -74.055, 40.73 ], [ -74.06, 40.73 ], [ -74.06, 40.725 ] ] ] } },
{ "type": "Feature", "properties": { "center_lat": 40.7275, "center_lon": -74.0525, "predicted_risk": 0.54630189028129161, "cell_id": "cell_25_9" }, "geometry": { "type": "Polygon", "coordinates": [ [ [ -74.055, 40.725 ], [ -74.05, 40.725 ], [ -74.05, 40.73 ], [ -74.055, 40.73 ], [ -74.055, 40.725 ] ] ] } },
{ "type": "Feature", "properties": { "center_lat": 40.7275, "center_lon": -74.0475, "predicted_risk": 0.24450112946316058, "cell_id": "cell_25_10" }, "geometry": { "type": "Polygon", "coordinates": [ [ [ -74.05, 40.725 ], [ -74.045, 40.725 ], [ -74.045, 40.73 ], [ -74.05, 40.73 ], [ -74.05, 40.725 ] ] ] } },
{ "type": "Feature", "properties": { "center_lat": 40.7275, "center_lon": -74.0425, "predicted_risk": 0.53949797380902031, "cell_id": "cell_25_11" }, "geometry": { "type": "Polygon", "coordinates": [ [ [ -74.045, 40.725 ], [ -74.04, 40.725 ], [ -74.04, 40.73 ], [ -74.045, 40.73 ], [ -74.045, 40.725 ] ] ] } },
{ "type": "Feature", "properties": { "center_lat": 40.7275, "center_lon": -74.0375, "predicted_risk": 0.17135648070658618, "cell_id": "cell_25_12" }, "geometry": { "type": "Polygon", "coordinates": [ [ [ -74.04, 40.725 ], [ -74.035, 40.725 ], [ -74.035, 40.73 ], [ -74.04, 40.73 ], [ -74.04, 40.725 ] ] ] } },
{ "type": "Feature", "properties": { "center_lat": 40.7275, "center_lon": -74.0325, "predicted_risk": 0.66829339098317098, "cell_id": "cell_25_13" }, "geometry": { "type": "Polygon", "coordinates": [ [ [ -74.035, 40.725 ], [ -74.03, 40.725 ], [ -74.03, 40.73 ], [ -74.035, 40.73 ], [ -74.035, 40.725 ] ] ] } },
{ "type": "Feature", "properties": { "center_lat": 40.7275, "center_lon": -74.0275, "predicted_risk": 0.12568726144190445, "cell_id": "cell_25_14" }, "geometry": { "type": "Polygon", "coordinates": [ [ [ -74.03, 40.725 ], [ -74.025, 40.725 ], [ -74.025, 40.73 ], [ -74.03, 40.73 ], [ -74.03, 40.725 ] ] ] } },
{ "type": "Feature", "properties": { "center_lat": 40.7275, "center_lon": -74.0225, "predicted_risk": 0.14519988632375225, "cell_id": "cell_25_15" }, "geometry": { "type": "Polygon", "coordinates": [ [ [ -74.025, 40.725 ], [ -74.02, 40.725 ], [ -74.02, 40.73 ], [ -74.025, 40.73 ], [ -74.025, 40.725 ] ] ] } },
{ "type": "Feature", "properties": { "center_lat": 40.7275, "center_lon": -74.0175, "predicted_risk": 1.8602049352706453, "cell_id": "cell_25_16" }, "geometry": { "type": "Polygon", "coordinates": [ [ [ -74.02, 40.725 ], [ -74.015, 40.725 ], [ -74.015, 40.73 ], [ -74.02, 40.73 ], [ -74.02, 40.725 ] ] ] } },
{ "type": "Feature", "properties": { "center_lat": 40.7275, "center_lon": -74.0125, "predicted_risk": 1.3746172085491515, "cell_id": "cell_25_17" }, "geometry": { "type": "Polygon", "coordinates": [ [ [ -74.015, 40.725 ], [ -74.01, 40.725 ], [ -74.01, 40.73 ], [ -74.015, 40.73 ], [ -74.015, 40.725 ] ] ] } },
{ "type": "Feature", "properties": { "center_lat": 40.7275, "center_lon": -74.0075, "predicted_risk": 0.41673918263347182, "cell_id": "cell_25_18" }, "geometry": { "type": "Polygon", "coordinates": [ [ [ -74.01, 40.725 ], [ -74.005, 40.725 ], [ -74.005, 40.73 ], [ -74.01, 40.73 ], [ -74.01, 40.725 ] ] ] } },
{ "type": "Feature", "properties": { "center_lat": 40.7275, "center_lon": -74.0025, "predicted_risk": 0.70160806334865566, "cell_id": "cell_25_19" }, "geometry": { "type": "Polygon", "coordinates": [ [ [ -74.005, 40.725 ], [ -74.0, 40.725 ], [ -74.0, 40.73 ], [ -74.005, 40.73 ], [ -74.005, 40.725 ] ] ] } },
{ "type": "Feature", "properties": { "center_lat": 40.7275, "center_lon": -73.9975, "predicted_risk": 0.36872467710583423, "cell_id": "cell_25_20" }, "geometry": { "type": "Polygon", "coordinates": [ [ [ -74.0, 40.725 ], [ -73.995, 40.725 ], [ -73.995, 40.73 ], [ -74.0, 40.73 ], [ -74.0, 40.725 ] ] ] } },
{ "type": "Feature", "properties": { "center_lat": 40.7275, "center_lon": -73.9925, "predicted_risk": 0.28285223634920897, "cell_id": "cell_25_21" }, "geometry": { "type": "Polygon", "coordinates": [ [ [ -73.995, 40.725 ], [ -73.99, 40.725 ], [ -73.99, 40.73 ], [ -73.995, 40.73 ], [ -73.995, 40.725 ] ] ] } },
{ "type": "Feature", "properties": { "center_lat": 40.7275, "center_lon": -73.9875, "predicted_risk": 0.23114595503275265, "cell_id": "cell_25_22" }, "geometry": { "type": "Polygon", "coordinates": [ [ [ -73.99, 40.725 ], [ -73.985, 40.725 ], [ -73.985, 40.73 ], [ -73.99, 40.73 ], [ -73.99, 40.725 ] ] ] } },
{ "type": "Feature", "properties": { "center_lat": 40.7275, "center_lon": -73.9825, "predicted_risk": 0.16969900060661516, "cell_id": "cell_25_23" }, "geometry": { "type": "Polygon", "coordinates": [ [ [ -73.985, 40.725 ], [ -73.980000000000103, 40.725 ], [ -73.980000000000103, 40.73 ], [ -73.985, 40.73 ], [ -73.985, 40.725 ] ] ] } },
{ "type": "Feature", "properties": { "center_lat": 40.7275, "center_lon": -73.9775, "predicted_risk": 0.20205398991678589, "cell_id": "cell_25_24" }, "geometry": { "type": "Polygon", "coordinates": [ [ [ -73.980000000000103, 40.725 ], [ -73.975000000000108, 40.725 ], [ -73.975000000000108, 40.73 ], [ -73.980000000000103, 40.73 ], [ -73.980000000000103, 40.725 ] ] ] } },
{ "type": "Feature", "properties": { "center_lat": 40.7275, "center_lon": -73.9725, "predicted_risk": 0.26250280440236085, "cell_id": "cell_25_25" }, "geometry": { "type": "Polygon", "coordinates": [ [ [ -73.975000000000108, 40.725 ], [ -73.970000000000113, 40.725 ], [ -73.970000000000113, 40.73 ], [ -73.975000000000108, 40.73 ], [ -73.975000000000108, 40.725 ] ] ] } },
{ "type": "Feature", "properties": { "center_lat": 40.7275, "center_lon": -73.9675, "predicted_risk": 0.33624546605100109, "cell_id": "cell_25_26" }, "geometry": { "type": "Polygon", "coordinates": [ [ [ -73.970000000000113, 40.725 ], [ -73.965000000000117, 40.725 ], [ -73.965000000000117, 40.73 ], [ -73.970000000000113, 40.73 ], [ -73.970000000000113, 40.725 ] ] ] } },
{ "type": "Feature", "properties": { "center_lat": 40.7275, "center_lon": -73.9625, "predicted_risk": 0.40522719942614605, "cell_id": "cell_25_27" }, "geometry": { "type": "Polygon", "coordinates": [ [ [ -73.965000000000117, 40.725 ], [ -73.960000000000122, 40.725 ], [ -73.960000000000122, 40.73 ], [ -73.965000000000117, 40.73 ], [ -73.965000000000117, 40.725 ] ] ] } },
{ "type": "Feature", "properties": { "center_lat": 40.7275, "center_lon": -73.9575, "predicted_risk": 0.45255887037531695, "cell_id": "cell_25_28" }, "geometry": { "type": "Polygon", "coordinates": [ [ [ -73.960000000000122, 40.725 ], [ -73.955000000000126, 40.725 ], [ -73.955000000000126, 40.73 ], [ -73.960000000000122, 40.73 ], [ -73.960000000000122, 40.725 ] ] ] } },
{ "type": "Feature", "properties": { "center_lat": 40.7275, "center_lon": -73.9525, "predicted_risk": 0.62220271346745559, "cell_id": "cell_25_29" }, "geometry": { "type": "Polygon", "coordinates": [ [ [ -73.955000000000126, 40.725 ], [ -73.950000000000131, 40.725 ], [ -73.950000000000131, 40.73 ], [ -73.955000000000126, 40.73 ], [ -73.955000000000126, 40.725 ] ] ] } },
{ "type": "Feature", "properties": { "center_lat": 40.7275, "center_lon": -73.9475, "predicted_risk": 0.44405619536088203, "cell_id": "cell_25_30" }, "geometry": { "type": "Polygon", "coordinates": [ [ [ -73.950000000000131, 40.725 ], [ -73.945000000000135, 40.725 ], [ -73.945000000000135, 40.73 ], [ -73.950000000000131, 40.73 ], [ -73.950000000000131, 40.725 ] ] ] } },
{ "type": "Feature", "properties": { "center_lat": 40.7275, "center_lon": -73.9425, "predicted_risk": 0.260202400521233, "cell_id": "cell_25_31" }, "geometry": { "type": "Polygon", "coordinates": [ [ [ -73.945000000000135, 40.725 ], [ -73.94000000000014, 40.725 ], [ -73.94000000000014, 40.73 ], [ -73.945000000000135, 40.73 ], [ -73.945000000000135, 40.725 ] ] ] } },
{ "type": "Feature", "properties": { "center_lat": 40.7275, "center_lon": -73.9375, "predicted_risk": 0.31855476120385989, "cell_id": "cell_25_32" }, "geometry": { "type": "Polygon", "coordinates": [ [ [ -73.94000000000014, 40.725 ], [ -73.935000000000144, 40.725 ], [ -73.935000000000144, 40.73 ], [ -73.94000000000014, 40.73 ], [ -73.94000000000014, 40.725 ] ] ] } },
{ "type": "Feature", "properties": { "center_lat": 40.7275, "center_lon": -73.9325, "predicted_risk": 0.082125431627869949, "cell_id": "cell_25_33" }, "geometry": { "type": "Polygon", "coordinates": [ [ [ -73.935000000000144, 40.725 ], [ -73.930000000000149, 40.725 ], [ -73.930000000000149, 40.73 ], [ -73.935000000000144, 40.73 ], [ -73.935000000000144, 40.725 ] ] ] } },
{ "type": "Feature", "properties": { "center_lat": 40.7275, "center_lon": -73.9275, "predicted_risk": 0.25525334358467677, "cell_id": "cell_25_34" }, "geometry": { "type": "Polygon", "coordinates": [ [ [ -73.930000000000149, 40.725 ], [ -73.925000000000153, 40.725 ], [ -73.925000000000153, 40.73 ], [ -73.930000000000149, 40.73 ], [ -73.930000000000149, 40.725 ] ] ] } },
{ "type": "Feature", "properties": { "center_lat": 40.7275, "center_lon": -73.9225, "predicted_risk": 0.055732072897905237, "cell_id": "cell_25_35" }, "geometry": { "type": "Polygon", "coordinates": [ [ [ -73.925000000000153, 40.725 ], [ -73.920000000000158, 40.725 ], [ -73.920000000000158, 40.73 ], [ -73.925000000000153, 40.73 ], [ -73.925000000000153, 40.725 ] ] ] } },
{ "type": "Feature", "properties": { "center_lat": 40.7275, "center_lon": -73.9175, "predicted_risk": 0.11972043531795003, "cell_id": "cell_25_36" }, "geometry": { "type": "Polygon", "coordinates": [ [ [ -73.920000000000158, 40.725 ], [ -73.915000000000163, 40.725 ], [ -73.915000000000163, 40.73 ], [ -73.920000000000158, 40.73 ], [ -73.920000000000158, 40.725 ] ] ] } },
{ "type": "Feature", "properties": { "center_lat": 40.7275, "center_lon": -73.9125, "predicted_risk": 0.30074822547120617, "cell_id": "cell_25_37" }, "geometry": { "type": "Polygon", "coordinates": [ [ [ -73.915000000000163, 40.725 ], [ -73.910000000000167, 40.725 ], [ -73.910000000000167, 40.73 ], [ -73.915000000000163, 40.73 ], [ -73.915000000000163, 40.725 ] ] ] } },
{ "type": "Feature", "properties": { "center_lat": 40.7275, "center_lon": -73.9075, "predicted_risk": 0.097960044366235566, "cell_id": "cell_25_38" }, "geometry": { "type": "Polygon", "coordinates": [ [ [ -73.910000000000167, 40.725 ], [ -73.905000000000172, 40.725 ], [ -73.905000000000172, 40.73 ], [ -73.910000000000167, 40.73 ], [ -73.910000000000167, 40.725 ] ] ] } },
{ "type": "Feature", "properties": { "center_lat": 40.7325, "center_lon": -74.0975, "predicted_risk": 0.090050201208722438, "cell_id": "cell_26_0" }, "geometry": { "type": "Polygon", "coordinates": [ [ [ -74.1, 40.73 ], [ -74.095, 40.73 ], [ -74.095, 40.735 ], [ -74.1, 40.735 ], [ -74.1, 40.73 ] ] ] } },
{ "type": "Feature", "properties": { "center_lat": 40.7325, "center_lon": -74.0925, "predicted_risk": 0.11573933898563213, "cell_id": "cell_26_1" }, "geometry": { "type": "Polygon", "coordinates": [ [ [ -74.095, 40.73 ], [ -74.09, 40.73 ], [ -74.09, 40.735 ], [ -74.095, 40.735 ], [ -74.095, 40.73 ] ] ] } },
{ "type": "Feature", "properties": { "center_lat": 40.7325, "center_lon": -74.0875, "predicted_risk": 0.13894601295701325, "cell_id": "cell_26_2" }, "geometry": { "type": "Polygon", "coordinates": [ [ [ -74.09, 40.73 ], [ -74.085, 40.73 ], [ -74.085, 40.735 ], [ -74.09, 40.735 ], [ -74.09, 40.73 ] ] ] } },
{ "type": "Feature", "properties": { "center_lat": 40.7325, "center_lon": -74.0825, "predicted_risk": 0.61595367989481908, "cell_id": "cell_26_3" }, "geometry": { "type": "Polygon", "coordinates": [ [ [ -74.085, 40.73 ], [ -74.08, 40.73 ], [ -74.08, 40.735 ], [ -74.085, 40.735 ], [ -74.085, 40.73 ] ] ] } },
{ "type": "Feature", "properties": { "center_lat": 40.7325, "center_lon": -74.0775, "predicted_risk": 0.62873461670277953, "cell_id": "cell_26_4" }, "geometry": { "type": "Polygon", "coordinates": [ [ [ -74.08, 40.73 ], [ -74.075, 40.73 ], [ -74.075, 40.735 ], [ -74.08, 40.735 ], [ -74.08, 40.73 ] ] ] } },
{ "type": "Feature", "properties": { "center_lat": 40.7325, "center_lon": -74.0725, "predicted_risk": 0.14774941079265921, "cell_id": "cell_26_5" }, "geometry": { "type": "Polygon", "coordinates": [ [ [ -74.075, 40.73 ], [ -74.07, 40.73 ], [ -74.07, 40.735 ], [ -74.075, 40.735 ], [ -74.075, 40.73 ] ] ] } },
{ "type": "Feature", "properties": { "center_lat": 40.7325, "center_lon": -74.0675, "predicted_risk": 0.56318029519633639, "cell_id": "cell_26_6" }, "geometry": { "type": "Polygon", "coordinates": [ [ [ -74.07, 40.73 ], [ -74.065, 40.73 ], [ -74.065, 40.735 ], [ -74.07, 40.735 ], [ -74.07, 40.73 ] ] ] } },
{ "type": "Feature", "properties": { "center_lat": 40.7325, "center_lon": -74.0625, "predicted_risk": 0.67820562289176978, "cell_id": "cell_26_7" }, "geometry": { "type": "Polygon", "coordinates": [ [ [ -74.065, 40.73 ], [ -74.06, 40.73 ], [ -74.06, 40.735 ], [ -74.065, 40.735 ], [ -74.065, 40.73 ] ] ] } },
{ "type": "Feature", "properties": { "center_lat": 40.7325, "center_lon": -74.0575, "predicted_risk": 0.6883100381162176, "cell_id": "cell_26_8" }, "geometry": { "type": "Polygon", "coordinates": [ [ [ -74.06, 40.73 ], [ -74.055, 40.73 ], [ -74.055, 40.735 ], [ -74.06, 40.735 ], [ -74.06, 40.73 ] ] ] } },
{ "type": "Feature", "properties": { "center_lat": 40.7325, "center_lon": -74.0525, "predicted_risk": 0.53134376316670096, "cell_id": "cell_26_9" }, "geometry": { "type": "Polygon", "coordinates": [ [ [ -74.055, 40.73 ], [ -74.05, 40.73 ], [ -74.05, 40.735 ], [ -74.055, 40.735 ], [ -74.055, 40.73 ] ] ] } },
{ "type": "Feature", "properties": { "center_lat": 40.7325, "center_lon": -74.0475, "predicted_risk": 0.23590307875271396, "cell_id": "cell_26_10" }, "geometry": { "type": "Polygon", "coordinates": [ [ [ -74.05, 40.73 ], [ -74.045, 40.73 ], [ -74.045, 40.735 ], [ -74.05, 40.735 ], [ -74.05, 40.73 ] ] ] } },
{ "type": "Feature", "properties": { "center_lat": 40.7325, "center_lon": -74.0425, "predicted_risk": 0.39320557758349106, "cell_id": "cell_26_11" }, "geometry": { "type": "Polygon", "coordinates": [ [ [ -74.045, 40.73 ], [ -74.04, 40.73 ], [ -74.04, 40.735 ], [ -74.045, 40.735 ], [ -74.045, 40.73 ] ] ] } },
{ "type": "Feature", "properties": { "center_lat": 40.7325, "center_lon": -74.0375, "predicted_risk": 0.67590161793473136, "cell_id": "cell_26_12" }, "geometry": { "type": "Polygon", "coordinates": [ [ [ -74.04, 40.73 ], [ -74.035, 40.73 ], [ -74.035, 40.735 ], [ -74.04, 40.735 ], [ -74.04, 40.73 ] ] ] } },
{ "type": "Feature", "properties": { "center_lat": 40.7325, "center_lon": -74.0325, "predicted_risk": 0.66717374792593998, "cell_id": "cell_26_13" }, "geometry": { "type": "Polygon", "coordinates": [ [ [ -74.035, 40.73 ], [ -74.03, 40.73 ], [ -74.03, 40.735 ], [ -74.035, 40.735 ], [ -74.035, 40.73 ] ] ] } },
{ "type": "Feature", "properties": { "center_lat": 40.7325, "center_lon": -74.0275, "predicted_risk": 0.1264718175363839, "cell_id": "cell_26_14" }, "geometry": { "type": "Polygon", "coordinates": [ [ [ -74.03, 40.73 ], [ -74.025, 40.73 ], [ -74.025, 40.735 ], [ -74.03, 40.735 ], [ -74.03, 40.73 ] ] ] } },
{ "type": "Feature", "properties": { "center_lat": 40.7325, "center_lon": -74.0225, "predicted_risk": 0.14674655470589315, "cell_id": "cell_26_15" }, "geometry": { "type": "Polygon", "coordinates": [ [ [ -74.025, 40.73 ], [ -74.02, 40.73 ], [ -74.02, 40.735 ], [ -74.025, 40.735 ], [ -74.025, 40.73 ] ] ] } },
{ "type": "Feature", "properties": { "center_lat": 40.7325, "center_lon": -74.0175, "predicted_risk": 0.15694718024712889, "cell_id": "cell_26_16" }, "geometry": { "type": "Polygon", "coordinates": [ [ [ -74.02, 40.73 ], [ -74.015, 40.73 ], [ -74.015, 40.735 ], [ -74.02, 40.735 ], [ -74.02, 40.73 ] ] ] } },
{ "type": "Feature", "properties": { "center_lat": 40.7325, "center_lon": -74.0125, "predicted_risk": 0.61830490107351976, "cell_id": "cell_26_17" }, "geometry": { "type": "Polygon", "coordinates": [ [ [ -74.015, 40.73 ], [ -74.01, 40.73 ], [ -74.01, 40.735 ], [ -74.015, 40.735 ], [ -74.015, 40.73 ] ] ] } },
{ "type": "Feature", "properties": { "center_lat": 40.7325, "center_lon": -74.0075, "predicted_risk": 0.14021418223839618, "cell_id": "cell_26_18" }, "geometry": { "type": "Polygon", "coordinates": [ [ [ -74.01, 40.73 ], [ -74.005, 40.73 ], [ -74.005, 40.735 ], [ -74.01, 40.735 ], [ -74.01, 40.73 ] ] ] } },
{ "type": "Feature", "properties": { "center_lat": 40.7325, "center_lon": -74.0025, "predicted_risk": 0.46950952073851238, "cell_id": "cell_26_19" }, "geometry": { "type": "Polygon", "coordinates": [ [ [ -74.005, 40.73 ], [ -74.0, 40.73 ], [ -74.0, 40.735 ], [ -74.005, 40.735 ], [ -74.005, 40.73 ] ] ] } },
{ "type": "Feature", "properties": { "center_lat": 40.7325, "center_lon": -73.9975, "predicted_risk": 0.18331412942243008, "cell_id": "cell_26_20" }, "geometry": { "type": "Polygon", "coordinates": [ [ [ -74.0, 40.73 ], [ -73.995, 40.73 ], [ -73.995, 40.735 ], [ -74.0, 40.735 ], [ -74.0, 40.73 ] ] ] } },
{ "type": "Feature", "properties": { "center_lat": 40.7325, "center_lon": -73.9925, "predicted_risk": 0.06935046607331867, "cell_id": "cell_26_21" }, "geometry": { "type": "Polygon", "coordinates": [ [ [ -73.995, 40.73 ], [ -73.99, 40.73 ], [ -73.99, 40.735 ], [ -73.995, 40.735 ], [ -73.995, 40.73 ] ] ] } },
{ "type": "Feature", "properties": { "center_lat": 40.7325, "center_lon": -73.9875, "predicted_risk": 0.16775705276214287, "cell_id": "cell_26_22" }, "geometry": { "type": "Polygon", "coordinates": [ [ [ -73.99, 40.73 ], [ -73.985, 40.73 ], [ -73.985, 40.735 ], [ -73.99, 40.735 ], [ -73.99, 40.73 ] ] ] } },
{ "type": "Feature", "properties": { "center_lat": 40.7325, "center_lon": -73.9825, "predicted_risk": 0.10930241256170775, "cell_id": "cell_26_23" }, "geometry": { "type": "Polygon", "coordinates": [ [ [ -73.985, 40.73 ], [ -73.980000000000103, 40.73 ], [ -73.980000000000103, 40.735 ], [ -73.985, 40.735 ], [ -73.985, 40.73 ] ] ] } },
{ "type": "Feature", "properties": { "center_lat": 40.7325, "center_lon": -73.9775, "predicted_risk": 0.13171487315608757, "cell_id": "cell_26_24" }, "geometry": { "type": "Polygon", "coordinates": [ [ [ -73.980000000000103, 40.73 ], [ -73.975000000000108, 40.73 ], [ -73.975000000000108, 40.735 ], [ -73.980000000000103, 40.735 ], [ -73.980000000000103, 40.73 ] ] ] } },
{ "type": "Feature", "properties": { "center_lat": 40.7325, "center_lon": -73.9725, "predicted_risk": 0.08679403247129365, "cell_id": "cell_26_25" }, "geometry": { "type": "Polygon", "coordinates": [ [ [ -73.975000000000108, 40.73 ], [ -73.970000000000113, 40.73 ], [ -73.970000000000113, 40.735 ], [ -73.975000000000108, 40.735 ], [ -73.975000000000108, 40.73 ] ] ] } },
{ "type": "Feature", "properties": { "center_lat": 40.7325, "center_lon": -73.9675, "predicted_risk": 0.33700495528971236, "cell_id": "cell_26_26" }, "geometry": { "type": "Polygon", "coordinates": [ [ [ -73.970000000000113, 40.73 ], [ -73.965000000000117, 40.73 ], [ -73.965000000000117, 40.735 ], [ -73.970000000000113, 40.735 ], [ -73.970000000000113, 40.73 ] ] ] } },
{ "type": "Feature", "properties": { "center_lat": 40.7325, "center_lon": -73.9625, "predicted_risk": 0.54490791391773818, "cell_id": "cell_26_27" }, "geometry": { "type": "Polygon", "coordinates": [ [ [ -73.965000000000117, 40.73 ], [ -73.960000000000122, 40.73 ], [ -73.960000000000122, 40.735 ], [ -73.965000000000117, 40.735 ], [ -73.965000000000117, 40.73 ] ] ] } },
{ "type": "Feature", "properties": { "center_lat": 40.7325, "center_lon": -73.9575, "predicted_risk": 0.4578612581318881, "cell_id": "cell_26_28" }, "geometry": { "type": "Polygon", "coordinates": [ [ [ -73.960000000000122, 40.73 ], [ -73.955000000000126, 40.73 ], [ -73.955000000000126, 40.735 ], [ -73.960000000000122, 40.735 ], [ -73.960000000000122, 40.73 ] ] ] } },
{ "type": "Feature", "properties": { "center_lat": 40.7325, "center_lon": -73.9525, "predicted_risk": 0.15750162171717802, "cell_id": "cell_26_29" }, "geometry": { "type": "Polygon", "coordinates": [ [ [ -73.955000000000126, 40.73 ], [ -73.950000000000131, 40.73 ], [ -73.950000000000131, 40.735 ], [ -73.955000000000126, 40.735 ], [ -73.955000000000126, 40.73 ] ] ] } },
{ "type": "Feature", "properties": { "center_lat": 40.7325, "center_lon": -73.9475, "predicted_risk": 0.1496754969283812, "cell_id": "cell_26_30" }, "geometry": { "type": "Polygon", "coordinates": [ [ [ -73.950000000000131, 40.73 ], [ -73.945000000000135, 40.73 ], [ -73.945000000000135, 40.735 ], [ -73.950000000000131, 40.735 ], [ -73.950000000000131, 40.73 ] ] ] } },
{ "type": "Feature", "properties": { "center_lat": 40.7325, "center_lon": -73.9425, "predicted_risk": 0.26211630660963853, "cell_id": "cell_26_31" }, "geometry": { "type": "Polygon", "coordinates": [ [ [ -73.945000000000135, 40.73 ], [ -73.94000000000014, 40.73 ], [ -73.94000000000014, 40.735 ], [ -73.945000000000135, 40.735 ], [ -73.945000000000135, 40.73 ] ] ] } },
{ "type": "Feature", "properties": { "center_lat": 40.7325, "center_lon": -73.9375, "predicted_risk": 0.1062077658681484, "cell_id": "cell_26_32" }, "geometry": { "type": "Polygon", "coordinates": [ [ [ -73.94000000000014, 40.73 ], [ -73.935000000000144, 40.73 ], [ -73.935000000000144, 40.735 ], [ -73.94000000000014, 40.735 ], [ -73.94000000000014, 40.73 ] ] ] } },
{ "type": "Feature", "properties": { "center_lat": 40.7325, "center_lon": -73.9325, "predicted_risk": 0.081208576150337899, "cell_id": "cell_26_33" }, "geometry": { "type": "Polygon", "coordinates": [ [ [ -73.935000000000144, 40.73 ], [ -73.930000000000149, 40.73 ], [ -73.930000000000149, 40.735 ], [ -73.935000000000144, 40.735 ], [ -73.935000000000144, 40.73 ] ] ] } },
{ "type": "Feature", "properties": { "center_lat": 40.7325, "center_lon": -73.9275, "predicted_risk": 0.18654377301479041, "cell_id": "cell_26_34" }, "geometry": { "type": "Polygon", "coordinates": [ [ [ -73.930000000000149, 40.73 ], [ -73.925000000000153, 40.73 ], [ -73.925000000000153, 40.735 ], [ -73.930000000000149, 40.735 ], [ -73.930000000000149, 40.73 ] ] ] } },
{ "type": "Feature", "properties": { "center_lat": 40.7325, "center_lon": -73.9225, "predicted_risk": 0.10756872319276851, "cell_id": "cell_26_35" }, "geometry": { "type": "Polygon", "coordinates": [ [ [ -73.925000000000153, 40.73 ], [ -73.920000000000158, 40.73 ], [ -73.920000000000158, 40.735 ], [ -73.925000000000153, 40.735 ], [ -73.925000000000153, 40.73 ] ] ] } },
{ "type": "Feature", "properties": { "center_lat": 40.7325, "center_lon": -73.9175, "predicted_risk": 0.23229496374369379, "cell_id": "cell_26_36" }, "geometry": { "type": "Polygon", "coordinates": [ [ [ -73.920000000000158, 40.73 ], [ -73.915000000000163, 40.73 ], [ -73.915000000000163, 40.735 ], [ -73.920000000000158, 40.735 ], [ -73.920000000000158, 40.73 ] ] ] } },
{ "type": "Feature", "properties": { "center_lat": 40.7325, "center_lon": -73.9125, "predicted_risk": 0.22199761809172849, "cell_id": "cell_26_37" }, "geometry": { "type": "Polygon", "coordinates": [ [ [ -73.915000000000163, 40.73 ], [ -73.910000000000167, 40.73 ], [ -73.910000000000167, 40.735 ], [ -73.915000000000163, 40.735 ], [ -73.915000000000163, 40.73 ] ] ] } },
{ "type": "Feature", "properties": { "center_lat": 40.7325, "center_lon": -73.9075, "predicted_risk": 0.19532329521023239, "cell_id": "cell_26_38" }, "geometry": { "type": "Polygon", "coordinates": [ [ [ -73.910000000000167, 40.73 ], [ -73.905000000000172, 40.73 ], [ -73.905000000000172, 40.735 ], [ -73.910000000000167, 40.735 ], [ -73.910000000000167, 40.73 ] ] ] } },
{ "type": "Feature", "properties": { "center_lat": 40.7375, "center_lon": -74.0975, "predicted_risk": 0.093272828902075777, "cell_id": "cell_27_0" }, "geometry": { "type": "Polygon", "coordinates": [ [ [ -74.1, 40.735 ], [ -74.095, 40.735 ], [ -74.095, 40.74 ], [ -74.1, 40.74 ], [ -74.1, 40.735 ] ] ] } },
{ "type": "Feature", "properties": { "center_lat": 40.7375, "center_lon": -74.0925, "predicted_risk": 0.34091401616962114, "cell_id": "cell_27_1" }, "geometry": { "type": "Polygon", "coordinates": [ [ [ -74.095, 40.735 ], [ -74.09, 40.735 ], [ -74.09, 40.74 ], [ -74.095, 40.74 ], [ -74.095, 40.735 ] ] ] } },
{ "type": "Feature", "properties": { "center_lat": 40.7375, "center_lon": -74.0875, "predicted_risk": 0.26407039564592688, "cell_id": "cell_27_2" }, "geometry": { "type": "Polygon", "coordinates": [ [ [ -74.09, 40.735 ], [ -74.085, 40.735 ], [ -74.085, 40.74 ], [ -74.09, 40.74 ], [ -74.09, 40.735 ] ] ] } },
{ "type": "Feature", "properties": { "center_lat": 40.7375, "center_lon": -74.0825, "predicted_risk": 0.4318803956078196, "cell_id": "cell_27_3" }, "geometry": { "type": "Polygon", "coordinates": [ [ [ -74.085, 40.735 ], [ -74.08, 40.735 ], [ -74.08, 40.74 ], [ -74.085, 40.74 ], [ -74.085, 40.735 ] ] ] } },
{ "type": "Feature", "properties": { "center_lat": 40.7375, "center_lon": -74.0775, "predicted_risk": 0.29298633555523967, "cell_id": "cell_27_4" }, "geometry": { "type": "Polygon", "coordinates": [ [ [ -74.08, 40.735 ], [ -74.075, 40.735 ], [ -74.075, 40.74 ], [ -74.08, 40.74 ], [ -74.08, 40.735 ] ] ] } },
{ "type": "Feature", "properties": { "center_lat": 40.7375, "center_lon": -74.0725, "predicted_risk": 0.27802826002986691, "cell_id": "cell_27_5" }, "geometry": { "type": "Polygon", "coordinates": [ [ [ -74.075, 40.735 ], [ -74.07, 40.735 ], [ -74.07, 40.74 ], [ -74.075, 40.74 ], [ -74.075, 40.735 ] ] ] } },
{ "type": "Feature", "properties": { "center_lat": 40.7375, "center_lon": -74.0675, "predicted_risk": 0.3700624435983017, "cell_id": "cell_27_6" }, "geometry": { "type": "Polygon", "coordinates": [ [ [ -74.07, 40.735 ], [ -74.065, 40.735 ], [ -74.065, 40.74 ], [ -74.07, 40.74 ], [ -74.07, 40.735 ] ] ] } },
{ "type": "Feature", "properties": { "center_lat": 40.7375, "center_lon": -74.0625, "predicted_risk": 0.45472825693711105, "cell_id": "cell_27_7" }, "geometry": { "type": "Polygon", "coordinates": [ [ [ -74.065, 40.735 ], [ -74.06, 40.735 ], [ -74.06, 40.74 ], [ -74.065, 40.74 ], [ -74.065, 40.735 ] ] ] } },
{ "type": "Feature", "properties": { "center_lat": 40.7375, "center_lon": -74.0575, "predicted_risk": 0.18456250182471962, "cell_id": "cell_27_8" }, "geometry": { "type": "Polygon", "coordinates": [ [ [ -74.06, 40.735 ], [ -74.055, 40.735 ], [ -74.055, 40.74 ], [ -74.06, 40.74 ], [ -74.06, 40.735 ] ] ] } },
{ "type": "Feature", "properties": { "center_lat": 40.7375, "center_lon": -74.0525, "predicted_risk": 0.61381430534034964, "cell_id": "cell_27_9" }, "geometry": { "type": "Polygon", "coordinates": [ [ [ -74.055, 40.735 ], [ -74.05, 40.735 ], [ -74.05, 40.74 ], [ -74.055, 40.74 ], [ -74.055, 40.735 ] ] ] } },
{ "type": "Feature", "properties": { "center_lat": 40.7375, "center_lon": -74.0475, "predicted_risk": 0.14165390192131072, "cell_id": "cell_27_10" }, "geometry": { "type": "Polygon", "coordinates": [ [ [ -74.05, 40.735 ], [ -74.045, 40.735 ], [ -74.045, 40.74 ], [ -74.05, 40.74 ], [ -74.05, 40.735 ] ] ] } },
{ "type": "Feature", "properties": { "center_lat": 40.7375, "center_lon": -74.0425, "predicted_risk": 0.30410490081574404, "cell_id": "cell_27_11" }, "geometry": { "type": "Polygon", "coordinates": [ [ [ -74.045, 40.735 ], [ -74.04, 40.735 ], [ -74.04, 40.74 ], [ -74.045, 40.74 ], [ -74.045, 40.735 ] ] ] } },
{ "type": "Feature", "properties": { "center_lat": 40.7375, "center_lon": -74.0375, "predicted_risk": 0.54630988338952846, "cell_id": "cell_27_12" }, "geometry": { "type": "Polygon", "coordinates": [ [ [ -74.04, 40.735 ], [ -74.035, 40.735 ], [ -74.035, 40.74 ], [ -74.04, 40.74 ], [ -74.04, 40.735 ] ] ] } },
{ "type": "Feature", "properties": { "center_lat": 40.7375, "center_lon": -74.0325, "predicted_risk": 0.40808898073230132, "cell_id": "cell_27_13" }, "geometry": { "type": "Polygon", "coordinates": [ [ [ -74.035, 40.735 ], [ -74.03, 40.735 ], [ -74.03, 40.74 ], [ -74.035, 40.74 ], [ -74.035, 40.735 ] ] ] } },
{ "type": "Feature", "properties": { "center_lat": 40.7375, "center_lon": -74.0275, "predicted_risk": 0.12214622476787176, "cell_id": "cell_27_14" }, "geometry": { "type": "Polygon", "coordinates": [ [ [ -74.03, 40.735 ], [ -74.025, 40.735 ], [ -74.025, 40.74 ], [ -74.03, 40.74 ], [ -74.03, 40.735 ] ] ] } },
{ "type": "Feature", "properties": { "center_lat": 40.7375, "center_lon": -74.0225, "predicted_risk": 0.27643822291953535, "cell_id": "cell_27_15" }, "geometry": { "type": "Polygon", "coordinates": [ [ [ -74.025, 40.735 ], [ -74.02, 40.735 ], [ -74.02, 40.74 ], [ -74.025, 40.74 ], [ -74.025, 40.735 ] ] ] } },
{ "type": "Feature", "properties": { "center_lat": 40.7375, "center_lon": -74.0175, "predicted_risk": 0.14630570203502347, "cell_id": "cell_27_16" }, "geometry": { "type": "Polygon", "coordinates": [ [ [ -74.02, 40.735 ], [ -74.015, 40.735 ], [ -74.015, 40.74 ], [ -74.02, 40.74 ], [ -74.02, 40.735 ] ] ] } },
{ "type": "Feature", "properties": { "center_lat": 40.7375, "center_lon": -74.0125, "predicted_risk": 0.43327835127341791, "cell_id": "cell_27_17" }, "geometry": { "type": "Polygon", "coordinates": [ [ [ -74.015, 40.735 ], [ -74.01, 40.735 ], [ -74.01, 40.74 ], [ -74.015, 40.74 ], [ -74.015, 40.735 ] ] ] } },
{ "type": "Feature", "properties": { "center_lat": 40.7375, "center_lon": -74.0075, "predicted_risk": 0.13304054457519973, "cell_id": "cell_27_18" }, "geometry": { "type": "Polygon", "coordinates": [ [ [ -74.01, 40.735 ], [ -74.005, 40.735 ], [ -74.005, 40.74 ], [ -74.01, 40.74 ], [ -74.01, 40.735 ] ] ] } },
{ "type": "Feature", "properties": { "center_lat": 40.7375, "center_lon": -74.0025, "predicted_risk": 0.11493656972478966, "cell_id": "cell_27_19" }, "geometry": { "type": "Polygon", "coordinates": [ [ [ -74.005, 40.735 ], [ -74.0, 40.735 ], [ -74.0, 40.74 ], [ -74.005, 40.74 ], [ -74.005, 40.735 ] ] ] } },
{ "type": "Feature", "properties": { "center_lat": 40.7375, "center_lon": -73.9975, "predicted_risk": 0.18909335396306873, "cell_id": "cell_27_20" }, "geometry": { "type": "Polygon", "coordinates": [ [ [ -74.0, 40.735 ], [ -73.995, 40.735 ], [ -73.995, 40.74 ], [ -74.0, 40.74 ], [ -74.0, 40.735 ] ] ] } },
{ "type": "Feature", "properties": { "center_lat": 40.7375, "center_lon": -73.9925, "predicted_risk": 0.3074520928451201, "cell_id": "cell_27_21" }, "geometry": { "type": "Polygon", "coordinates": [ [ [ -73.995, 40.735 ], [ -73.99, 40.735 ], [ -73.99, 40.74 ], [ -73.995, 40.74 ], [ -73.995, 40.735 ] ] ] } },
{ "type": "Feature", "properties": { "center_lat": 40.7375, "center_lon": -73.9875, "predicted_risk": 0.066215183596018606, "cell_id": "cell_27_22" }, "geometry": { "type": "Polygon", "coordinates": [ [ [ -73.99, 40.735 ], [ -73.985, 40.735 ], [ -73.985, 40.74 ], [ -73.99, 40.74 ], [ -73.99, 40.735 ] ] ] } },
{ "type": "Feature", "properties": { "center_lat": 40.7375, "center_lon": -73.9825, "predicted_risk": 0.065210120629917157, "cell_id": "cell_27_23" }, "geometry": { "type": "Polygon", "coordinates": [ [ [ -73.985, 40.735 ], [ -73.980000000000103, 40.735 ], [ -73.980000000000103, 40.74 ], [ -73.985, 40.74 ], [ -73.985, 40.735 ] ] ] } },
{ "type": "Feature", "properties": { "center_lat": 40.7375, "center_lon": -73.9775, "predicted_risk": 0.18523477194969101, "cell_id": "cell_27_24" }, "geometry": { "type": "Polygon", "coordinates": [ [ [ -73.980000000000103, 40.735 ], [ -73.975000000000108, 40.735 ], [ -73.975000000000108, 40.74 ], [ -73.980000000000103, 40.74 ], [ -73.980000000000103, 40.735 ] ] ] } },
{ "type": "Feature", "properties": { "center_lat": 40.7375, "center_lon": -73.9725, "predicted_risk": 0.90691486873874627, "cell_id": "cell_27_25" }, "geometry": { "type": "Polygon", "coordinates": [ [ [ -73.975000000000108, 40.735 ], [ -73.970000000000113, 40.735 ], [ -73.970000000000113, 40.74 ], [ -73.975000000000108, 40.74 ], [ -73.975000000000108, 40.735 ] ] ] } },
{ "type": "Feature", "properties": { "center_lat": 40.7375, "center_lon": -73.9675, "predicted_risk": 1.1093918893368373, "cell_id": "cell_27_26" }, "geometry": { "type": "Polygon", "coordinates": [ [ [ -73.970000000000113, 40.735 ], [ -73.965000000000117, 40.735 ], [ -73.965000000000117, 40.74 ], [ -73.970000000000113, 40.74 ], [ -73.970000000000113, 40.735 ] ] ] } },
{ "type": "Feature", "properties": { "center_lat": 40.7375, "center_lon": -73.9625, "predicted_risk": 0.32469917832959522, "cell_id": "cell_27_27" }, "geometry": { "type": "Polygon", "coordinates": [ [ [ -73.965000000000117, 40.735 ], [ -73.960000000000122, 40.735 ], [ -73.960000000000122, 40.74 ], [ -73.965000000000117, 40.74 ], [ -73.965000000000117, 40.735 ] ] ] } },
{ "type": "Feature", "properties": { "center_lat": 40.7375, "center_lon": -73.9575, "predicted_risk": 0.28575128680960343, "cell_id": "cell_27_28" }, "geometry": { "type": "Polygon", "coordinates": [ [ [ -73.960000000000122, 40.735 ], [ -73.955000000000126, 40.735 ], [ -73.955000000000126, 40.74 ], [ -73.960000000000122, 40.74 ], [ -73.960000000000122, 40.735 ] ] ] } },
{ "type": "Feature", "properties": { "center_lat": 40.7375, "center_lon": -73.9525, "predicted_risk": 0.14674523793878794, "cell_id": "cell_27_29" }, "geometry": { "type": "Polygon", "coordinates": [ [ [ -73.955000000000126, 40.735 ], [ -73.950000000000131, 40.735 ], [ -73.950000000000131, 40.74 ], [ -73.955000000000126, 40.74 ], [ -73.955000000000126, 40.735 ] ] ] } },
{ "type": "Feature", "properties": { "center_lat": 40.7375, "center_lon": -73.9475, "predicted_risk": 0.28108208647007826, "cell_id": "cell_27_30" }, "geometry": { "type": "Polygon", "coordinates": [ [ [ -73.950000000000131, 40.735 ], [ -73.945000000000135, 40.735 ], [ -73.945000000000135, 40.74 ], [ -73.950000000000131, 40.74 ], [ -73.950000000000131, 40.735 ] ] ] } },
{ "type": "Feature", "properties": { "center_lat": 40.7375, "center_lon": -73.9425, "predicted_risk": 0.25156412507173131, "cell_id": "cell_27_31" }, "geometry": { "type": "Polygon", "coordinates": [ [ [ -73.945000000000135, 40.735 ], [ -73.94000000000014, 40.735 ], [ -73.94000000000014, 40.74 ], [ -73.945000000000135, 40.74 ], [ -73.945000000000135, 40.735 ] ] ] } },
{ "type": "Feature", "properties": { "center_lat": 40.7375, "center_lon": -73.9375, "predicted_risk": 0.21216361810782353, "cell_id": "cell_27_32" }, "geometry": { "type": "Polygon", "coordinates": [ [ [ -73.94000000000014, 40.735 ], [ -73.935000000000144, 40.735 ], [ -73.935000000000144, 40.74 ], [ -73.94000000000014, 40.74 ], [ -73.94000000000014, 40.735 ] ] ] } },
{ "type": "Feature", "properties": { "center_lat": 40.7375, "center_lon": -73.9325, "predicted_risk": 0.086263591911849388, "cell_id": "cell_27_33" }, "geometry": { "type": "Polygon", "coordinates": [ [ [ -73.935000000000144, 40.735 ], [ -73.930000000000149, 40.735 ], [ -73.930000000000149, 40.74 ], [ -73.935000000000144, 40.74 ], [ -73.935000000000144, 40.735 ] ] ] } },
{ "type": "Feature", "properties": { "center_lat": 40.7375, "center_lon": -73.9275, "predicted_risk": 0.14235920370118993, "cell_id": "cell_27_34" }, "geometry": { "type": "Polygon", "coordinates": [ [ [ -73.930000000000149, 40.735 ], [ -73.925000000000153, 40.735 ], [ -73.925000000000153, 40.74 ], [ -73.930000000000149, 40.74 ], [ -73.930000000000149, 40.735 ] ] ] } },
{ "type": "Feature", "properties": { "center_lat": 40.7375, "center_lon": -73.9225, "predicted_risk": 0.258091702838538, "cell_id": "cell_27_35" }, "geometry": { "type": "Polygon", "coordinates": [ [ [ -73.925000000000153, 40.735 ], [ -73.920000000000158, 40.735 ], [ -73.920000000000158, 40.74 ], [ -73.925000000000153, 40.74 ], [ -73.925000000000153, 40.735 ] ] ] } },
{ "type": "Feature", "properties": { "center_lat": 40.7375, "center_lon": -73.9175, "predicted_risk": 0.2037700499039688, "cell_id": "cell_27_36" }, "geometry": { "type": "Polygon", "coordinates": [ [ [ -73.920000000000158, 40.735 ], [ -73.915000000000163, 40.735 ], [ -73.915000000000163, 40.74 ], [ -73.920000000000158, 40.74 ], [ -73.920000000000158, 40.735 ] ] ] } },
{ "type": "Feature", "properties": { "center_lat": 40.7375, "center_lon": -73.9125, "predicted_risk": 0.16109666434657008, "cell_id": "cell_27_37" }, "geometry": { "type": "Polygon", "coordinates": [ [ [ -73.915000000000163, 40.735 ], [ -73.910000000000167, 40.735 ], [ -73.910000000000167, 40.74 ], [ -73.915000000000163, 40.74 ], [ -73.915000000000163, 40.735 ] ] ] } },
{ "type": "Feature", "properties": { "center_lat": 40.7375, "center_lon": -73.9075, "predicted_risk": 0.39722734547993233, "cell_id": "cell_27_38" }, "geometry": { "type": "Polygon", "coordinates": [ [ [ -73.910000000000167, 40.735 ], [ -73.905000000000172, 40.735 ], [ -73.905000000000172, 40.74 ], [ -73.910000000000167, 40.74 ], [ -73.910000000000167, 40.735 ] ] ] } },
{ "type": "Feature", "properties": { "center_lat": 40.7425, "center_lon": -74.0975, "predicted_risk": 0.099513578005337486, "cell_id": "cell_28_0" }, "geometry": { "type": "Polygon", "coordinates": [ [ [ -74.1, 40.74 ], [ -74.095, 40.74 ], [ -74.095, 40.745 ], [ -74.1, 40.745 ], [ -74.1, 40.74 ] ] ] } },
{ "type": "Feature", "properties": { "center_lat": 40.7425, "center_lon": -74.0925, "predicted_risk": 0.10956868773942639, "cell_id": "cell_28_1" }, "geometry": { "type": "Polygon", "coordinates": [ [ [ -74.095, 40.74 ], [ -74.09, 40.74 ], [ -74.09, 40.745 ], [ -74.095, 40.745 ], [ -74.095, 40.74 ] ] ] } },
{ "type": "Feature", "properties": { "center_lat": 40.7425, "center_lon": -74.0875, "predicted_risk": 0.3559563729061973, "cell_id": "cell_28_2" }, "geometry": { "type": "Polygon", "coordinates": [ [ [ -74.09, 40.74 ], [ -74.085, 40.74 ], [ -74.085, 40.745 ], [ -74.09, 40.745 ], [ -74.09, 40.74 ] ] ] } },
{ "type": "Feature", "properties": { "center_lat": 40.7425, "center_lon": -74.0825, "predicted_risk": 0.2490798912536574, "cell_id": "cell_28_3" }, "geometry": { "type": "Polygon", "coordinates": [ [ [ -74.085, 40.74 ], [ -74.08, 40.74 ], [ -74.08, 40.745 ], [ -74.085, 40.745 ], [ -74.085, 40.74 ] ] ] } },
{ "type": "Feature", "properties": { "center_lat": 40.7425, "center_lon": -74.0775, "predicted_risk": 0.12579060770844994, "cell_id": "cell_28_4" }, "geometry": { "type": "Polygon", "coordinates": [ [ [ -74.08, 40.74 ], [ -74.075, 40.74 ], [ -74.075, 40.745 ], [ -74.08, 40.745 ], [ -74.08, 40.74 ] ] ] } },
{ "type": "Feature", "properties": { "center_lat": 40.7425, "center_lon": -74.0725, "predicted_risk": 0.24419580970197616, "cell_id": "cell_28_5" }, "geometry": { "type": "Polygon", "coordinates": [ [ [ -74.075, 40.74 ], [ -74.07, 40.74 ], [ -74.07, 40.745 ], [ -74.075, 40.745 ], [ -74.075, 40.74 ] ] ] } },
{ "type": "Feature", "properties": { "center_lat": 40.7425, "center_lon": -74.0675, "predicted_risk": 0.34309781850442267, "cell_id": "cell_28_6" }, "geometry": { "type": "Polygon", "coordinates": [ [ [ -74.07, 40.74 ], [ -74.065, 40.74 ], [ -74.065, 40.745 ], [ -74.07, 40.745 ], [ -74.07, 40.74 ] ] ] } },
{ "type": "Feature", "properties": { "center_lat": 40.7425, "center_lon": -74.0625, "predicted_risk": 0.22987308616615335, "cell_id": "cell_28_7" }, "geometry": { "type": "Polygon", "coordinates": [ [ [ -74.065, 40.74 ], [ -74.06, 40.74 ], [ -74.06, 40.745 ], [ -74.065, 40.745 ], [ -74.065, 40.74 ] ] ] } },
{ "type": "Feature", "properties": { "center_lat": 40.7425, "center_lon": -74.0575, "predicted_risk": 0.83496078109890826, "cell_id": "cell_28_8" }, "geometry": { "type": "Polygon", "coordinates": [ [ [ -74.06, 40.74 ], [ -74.055, 40.74 ], [ -74.055, 40.745 ], [ -74.06, 40.745 ], [ -74.06, 40.74 ] ] ] } },
{ "type": "Feature", "properties": { "center_lat": 40.7425, "center_lon": -74.0525, "predicted_risk": 0.19338046295444652, "cell_id": "cell_28_9" }, "geometry": { "type": "Polygon", "coordinates": [ [ [ -74.055, 40.74 ], [ -74.05, 40.74 ], [ -74.05, 40.745 ], [ -74.055, 40.745 ], [ -74.055, 40.74 ] ] ] } },
{ "type": "Feature", "properties": { "center_lat": 40.7425, "center_lon": -74.0475, "predicted_risk": 0.37510897473349963, "cell_id": "cell_28_10" }, "geometry": { "type": "Polygon", "coordinates": [ [ [ -74.05, 40.74 ], [ -74.045, 40.74 ], [ -74.045, 40.745 ], [ -74.05, 40.745 ], [ -74.05, 40.74 ] ] ] } },
{ "type": "Feature", "properties": { "center_lat": 40.7425, "center_lon": -74.0425, "predicted_risk": 0.77075468209394515, "cell_id": "cell_28_11" }, "geometry": { "type": "Polygon", "coordinates": [ [ [ -74.045, 40.74 ], [ -74.04, 40.74 ], [ -74.04, 40.745 ], [ -74.045, 40.745 ], [ -74.045, 40.74 ] ] ] } },
{ "type": "Feature", "properties": { "center_lat": 40.7425, "center_lon": -74.0375, "predicted_risk": 0.41505197065395127, "cell_id": "cell_28_12" }, "geometry": { "type": "Polygon", "coordinates": [ [ [ -74.04, 40.74 ], [ -74.035, 40.74 ], [ -74.035, 40.745 ], [ -74.04, 40.745 ], [ -74.04, 40.74 ] ] ] } },
{ "type": "Feature", "properties": { "center_lat": 40.7425, "center_lon": -74.0325, "predicted_risk": 0.20766703603993833, "cell_id": "cell_28_13" }, "geometry": { "type": "Polygon", "coordinates": [ [ [ -74.035, 40.74 ], [ -74.03, 40.74 ], [ -74.03, 40.745 ], [ -74.035, 40.745 ], [ -74.035, 40.74 ] ] ] } },
{ "type": "Feature", "properties": { "center_lat": 40.7425, "center_lon": -74.0275, "predicted_risk": 0.22753907821280467, "cell_id": "cell_28_14" }, "geometry": { "type": "Polygon", "coordinates": [ [ [ -74.03, 40.74 ], [ -74.025, 40.74 ], [ -74.025, 40.745 ], [ -74.03, 40.745 ], [ -74.03, 40.74 ] ] ] } },
{ "type": "Feature", "properties": { "center_lat": 40.7425, "center_lon": -74.0225, "predicted_risk": 0.48682148838787825, "cell_id": "cell_28_15" }, "geometry": { "type": "Polygon", "coordinates": [ [ [ -74.025, 40.74 ], [ -74.02, 40.74 ], [ -74.02, 40.745 ], [ -74.025, 40.745 ], [ -74.025, 40.74 ] ] ] } },
{ "type": "Feature", "properties": { "center_lat": 40.7425, "center_lon": -74.0175, "predicted_risk": 0.37709414491112192, "cell_id": "cell_28_16" }, "geometry": { "type": "Polygon", "coordinates": [ [ [ -74.02, 40.74 ], [ -74.015, 40.74 ], [ -74.015, 40.745 ], [ -74.02, 40.745 ], [ -74.02, 40.74 ] ] ] } },
{ "type": "Feature", "properties": { "center_lat": 40.7425, "center_lon": -74.0125, "predicted_risk": 0.12477002134176959, "cell_id": "cell_28_17" }, "geometry": { "type": "Polygon", "coordinates": [ [ [ -74.015, 40.74 ], [ -74.01, 40.74 ], [ -74.01, 40.745 ], [ -74.015, 40.745 ], [ -74.015, 40.74 ] ] ] } },
{ "type": "Feature", "properties": { "center_lat": 40.7425, "center_lon": -74.0075, "predicted_risk": 0.47659401831005227, "cell_id": "cell_28_18" }, "geometry": { "type": "Polygon", "coordinates": [ [ [ -74.01, 40.74 ], [ -74.005, 40.74 ], [ -74.005, 40.745 ], [ -74.01, 40.745 ], [ -74.01, 40.74 ] ] ] } },
{ "type": "Feature", "properties": { "center_lat": 40.7425, "center_lon": -74.0025, "predicted_risk": 0.22041968274411783, "cell_id": "cell_28_19" }, "geometry": { "type": "Polygon", "coordinates": [ [ [ -74.005, 40.74 ], [ -74.0, 40.74 ], [ -74.0, 40.745 ], [ -74.005, 40.745 ], [ -74.005, 40.74 ] ] ] } },
{ "type": "Feature", "properties": { "center_lat": 40.7425, "center_lon": -73.9975, "predicted_risk": 0.30042758467471248, "cell_id": "cell_28_20" }, "geometry": { "type": "Polygon", "coordinates": [ [ [ -74.0, 40.74 ], [ -73.995, 40.74 ], [ -73.995, 40.745 ], [ -74.0, 40.745 ], [ -74.0, 40.74 ] ] ] } },
{ "type": "Feature", "properties": { "center_lat": 40.7425, "center_lon": -73.9925, "predicted_risk": 0.36564557801702813, "cell_id": "cell_28_21" }, "geometry": { "type": "Polygon", "coordinates": [ [ [ -73.995, 40.74 ], [ -73.99, 40.74 ], [ -73.99, 40.745 ], [ -73.995, 40.745 ], [ -73.995, 40.74 ] ] ] } },
{ "type": "Feature", "properties": { "center_lat": 40.7425, "center_lon": -73.9875, "predicted_risk": 0.34461650501555779, "cell_id": "cell_28_22" }, "geometry": { "type": "Polygon", "coordinates": [ [ [ -73.99, 40.74 ], [ -73.985, 40.74 ], [ -73.985, 40.745 ], [ -73.99, 40.745 ], [ -73.99, 40.74 ] ] ] } },
{ "type": "Feature", "properties": { "center_lat": 40.7425, "center_lon": -73.9825, "predicted_risk": 0.64243414571334612, "cell_id": "cell_28_23" }, "geometry": { "type": "Polygon", "coordinates": [ [ [ -73.985, 40.74 ], [ -73.980000000000103, 40.74 ], [ -73.980000000000103, 40.745 ], [ -73.985, 40.745 ], [ -73.985, 40.74 ] ] ] } },
{ "type": "Feature", "properties": { "center_lat": 40.7425, "center_lon": -73.9775, "predicted_risk": 0.22511042731444394, "cell_id": "cell_28_24" }, "geometry": { "type": "Polygon", "coordinates": [ [ [ -73.980000000000103, 40.74 ], [ -73.975000000000108, 40.74 ], [ -73.975000000000108, 40.745 ], [ -73.980000000000103, 40.745 ], [ -73.980000000000103, 40.74 ] ] ] } },
{ "type": "Feature", "properties": { "center_lat": 40.7425, "center_lon": -73.9725, "predicted_risk": 0.73679298931740878, "cell_id": "cell_28_25" }, "geometry": { "type": "Polygon", "coordinates": [ [ [ -73.975000000000108, 40.74 ], [ -73.970000000000113, 40.74 ], [ -73.970000000000113, 40.745 ], [ -73.975000000000108, 40.745 ], [ -73.975000000000108, 40.74 ] ] ] } },
{ "type": "Feature", "properties": { "center_lat": 40.7425, "center_lon": -73.9675, "predicted_risk": 0.2705904327727518, "cell_id": "cell_28_26" }, "geometry": { "type": "Polygon", "coordinates": [ [ [ -73.970000000000113, 40.74 ], [ -73.965000000000117, 40.74 ], [ -73.965000000000117, 40.745 ], [ -73.970000000000113, 40.745 ], [ -73.970000000000113, 40.74 ] ] ] } },
{ "type": "Feature", "properties": { "center_lat": 40.7425, "center_lon": -73.9625, "predicted_risk": 1.1758785385903832, "cell_id": "cell_28_27" }, "geometry": { "type": "Polygon", "coordinates": [ [ [ -73.965000000000117, 40.74 ], [ -73.960000000000122, 40.74 ], [ -73.960000000000122, 40.745 ], [ -73.965000000000117, 40.745 ], [ -73.965000000000117, 40.74 ] ] ] } },
{ "type": "Feature", "properties": { "center_lat": 40.7425, "center_lon": -73.9575, "predicted_risk": 0.31001122473313963, "cell_id": "cell_28_28" }, "geometry": { "type": "Polygon", "coordinates": [ [ [ -73.960000000000122, 40.74 ], [ -73.955000000000126, 40.74 ], [ -73.955000000000126, 40.745 ], [ -73.960000000000122, 40.745 ], [ -73.960000000000122, 40.74 ] ] ] } },
{ "type": "Feature", "properties": { "center_lat": 40.7425, "center_lon": -73.9525, "predicted_risk": 0.12591506492259455, "cell_id": "cell_28_29" }, "geometry": { "type": "Polygon", "coordinates": [ [ [ -73.955000000000126, 40.74 ], [ -73.950000000000131, 40.74 ], [ -73.950000000000131, 40.745 ], [ -73.955000000000126, 40.745 ], [ -73.955000000000126, 40.74 ] ] ] } },
{ "type": "Feature", "properties": { "center_lat": 40.7425, "center_lon": -73.9475, "predicted_risk": 0.245703607092467, "cell_id": "cell_28_30" }, "geometry": { "type": "Polygon", "coordinates": [ [ [ -73.950000000000131, 40.74 ], [ -73.945000000000135, 40.74 ], [ -73.945000000000135, 40.745 ], [ -73.950000000000131, 40.745 ], [ -73.950000000000131, 40.74 ] ] ] } },
{ "type": "Feature", "properties": { "center_lat": 40.7425, "center_lon": -73.9425, "predicted_risk": 0.4622587959362815, "cell_id": "cell_28_31" }, "geometry": { "type": "Polygon", "coordinates": [ [ [ -73.945000000000135, 40.74 ], [ -73.94000000000014, 40.74 ], [ -73.94000000000014, 40.745 ], [ -73.945000000000135, 40.745 ], [ -73.945000000000135, 40.74 ] ] ] } },
{ "type": "Feature", "properties": { "center_lat": 40.7425, "center_lon": -73.9375, "predicted_risk": 0.42335155431839505, "cell_id": "cell_28_32" }, "geometry": { "type": "Polygon", "coordinates": [ [ [ -73.94000000000014, 40.74 ], [ -73.935000000000144, 40.74 ], [ -73.935000000000144, 40.745 ], [ -73.94000000000014, 40.745 ], [ -73.94000000000014, 40.74 ] ] ] } },
{ "type": "Feature", "properties": { "center_lat": 40.7425, "center_lon": -73.9325, "predicted_risk": 0.28815850426251294, "cell_id": "cell_28_33" }, "geometry": { "type": "Polygon", "coordinates": [ [ [ -73.935000000000144, 40.74 ], [ -73.930000000000149, 40.74 ], [ -73.930000000000149, 40.745 ], [ -73.935000000000144, 40.745 ], [ -73.935000000000144, 40.74 ] ] ] } },
{ "type": "Feature", "properties": { "center_lat": 40.7425, "center_lon": -73.9275, "predicted_risk": 0.1772105198999214, "cell_id": "cell_28_34" }, "geometry": { "type": "Polygon", "coordinates": [ [ [ -73.930000000000149, 40.74 ], [ -73.925000000000153, 40.74 ], [ -73.925000000000153, 40.745 ], [ -73.930000000000149, 40.745 ], [ -73.930000000000149, 40.74 ] ] ] } },
{ "type": "Feature", "properties": { "center_lat": 40.7425, "center_lon": -73.9225, "predicted_risk": 0.17063718044452769, "cell_id": "cell_28_35" }, "geometry": { "type": "Polygon", "coordinates": [ [ [ -73.925000000000153, 40.74 ], [ -73.920000000000158, 40.74 ], [ -73.920000000000158, 40.745 ], [ -73.925000000000153, 40.745 ], [ -73.925000000000153, 40.74 ] ] ] } },
{ "type": "Feature", "properties": { "center_lat": 40.7425, "center_lon": -73.9175, "predicted_risk": 0.17399503389408702, "cell_id": "cell_28_36" }, "geometry": { "type": "Polygon", "coordinates": [ [ [ -73.920000000000158, 40.74 ], [ -73.915000000000163, 40.74 ], [ -73.915000000000163, 40.745 ], [ -73.920000000000158, 40.745 ], [ -73.920000000000158, 40.74 ] ] ] } },
{ "type": "Feature", "properties": { "center_lat": 40.7425, "center_lon": -73.9125, "predicted_risk": 0.37292392122985213, "cell_id": "cell_28_37" }, "geometry": { "type": "Polygon", "coordinates": [ [ [ -73.915000000000163, 40.74 ], [ -73.910000000000167, 40.74 ], [ -73.910000000000167, 40.745 ], [ -73.915000000000163, 40.745 ], [ -73.915000000000163, 40.74 ] ] ] } },
{ "type": "Feature", "properties": { "center_lat": 40.7425, "center_lon": -73.9075, "predicted_risk": 0.30747843321972018, "cell_id": "cell_28_38" }, "geometry": { "type": "Polygon", "coordinates": [ [ [ -73.910000000000167, 40.74 ], [ -73.905000000000172, 40.74 ], [ -73.905000000000172, 40.745 ], [ -73.910000000000167, 40.745 ], [ -73.910000000000167, 40.74 ] ] ] } },
{ "type": "Feature", "properties": { "center_lat": 40.7475, "center_lon": -74.0975, "predicted_risk": 0.42897798193705772, "cell_id": "cell_29_0" }, "geometry": { "type": "Polygon", "coordinates": [ [ [ -74.1, 40.745 ], [ -74.095, 40.745 ], [ -74.095, 40.75 ], [ -74.1, 40.75 ], [ -74.1, 40.745 ] ] ] } },
{ "type": "Feature", "properties": { "center_lat": 40.7475, "center_lon": -74.0925, "predicted_risk": 0.31358309075266277, "cell_id": "cell_29_1" }, "geometry": { "type": "Polygon", "coordinates": [ [ [ -74.095, 40.745 ], [ -74.09, 40.745 ], [ -74.09, 40.75 ], [ -74.095, 40.75 ], [ -74.095, 40.745 ] ] ] } },
{ "type": "Feature", "properties": { "center_lat": 40.7475, "center_lon": -74.0875, "predicted_risk": 0.40829374217323228, "cell_id": "cell_29_2" }, "geometry": { "type": "Polygon", "coordinates": [ [ [ -74.09, 40.745 ], [ -74.085, 40.745 ], [ -74.085, 40.75 ], [ -74.09, 40.75 ], [ -74.09, 40.745 ] ] ] } },
{ "type": "Feature", "properties": { "center_lat": 40.7475, "center_lon": -74.0825, "predicted_risk": 0.20096520028258072, "cell_id": "cell_29_3" }, "geometry": { "type": "Polygon", "coordinates": [ [ [ -74.085, 40.745 ], [ -74.08, 40.745 ], [ -74.08, 40.75 ], [ -74.085, 40.75 ], [ -74.085, 40.745 ] ] ] } },
{ "type": "Feature", "properties": { "center_lat": 40.7475, "center_lon": -74.0775, "predicted_risk": 0.10014468270024364, "cell_id": "cell_29_4" }, "geometry": { "type": "Polygon", "coordinates": [ [ [ -74.08, 40.745 ], [ -74.075, 40.745 ], [ -74.075, 40.75 ], [ -74.08, 40.75 ], [ -74.08, 40.745 ] ] ] } },
{ "type": "Feature", "properties": { "center_lat": 40.7475, "center_lon": -74.0725, "predicted_risk": 0.20228483439003539, "cell_id": "cell_29_5" }, "geometry": { "type": "Polygon", "coordinates": [ [ [ -74.075, 40.745 ], [ -74.07, 40.745 ], [ -74.07, 40.75 ], [ -74.075, 40.75 ], [ -74.075, 40.745 ] ] ] } },
{ "type": "Feature", "properties": { "center_lat": 40.7475, "center_lon": -74.0675, "predicted_risk": 0.30969457027224651, "cell_id": "cell_29_6" }, "geometry": { "type": "Polygon", "coordinates": [ [ [ -74.07, 40.745 ], [ -74.065, 40.745 ], [ -74.065, 40.75 ], [ -74.07, 40.75 ], [ -74.07, 40.745 ] ] ] } },
{ "type": "Feature", "properties": { "center_lat": 40.7475, "center_lon": -74.0625, "predicted_risk": 0.1059005153224426, "cell_id": "cell_29_7" }, "geometry": { "type": "Polygon", "coordinates": [ [ [ -74.065, 40.745 ], [ -74.06, 40.745 ], [ -74.06, 40.75 ], [ -74.065, 40.75 ], [ -74.065, 40.745 ] ] ] } },
{ "type": "Feature", "properties": { "center_lat": 40.7475, "center_lon": -74.0575, "predicted_risk": 0.21699186117805316, "cell_id": "cell_29_8" }, "geometry": { "type": "Polygon", "coordinates": [ [ [ -74.06, 40.745 ], [ -74.055, 40.745 ], [ -74.055, 40.75 ], [ -74.06, 40.75 ], [ -74.06, 40.745 ] ] ] } },
{ "type": "Feature", "properties": { "center_lat": 40.7475, "center_lon": -74.0525, "predicted_risk": 0.97136442522514277, "cell_id": "cell_29_9" }, "geometry": { "type": "Polygon", "coordinates": [ [ [ -74.055, 40.745 ], [ -74.05, 40.745 ], [ -74.05, 40.75 ], [ -74.055, 40.75 ], [ -74.055, 40.745 ] ] ] } },
{ "type": "Feature", "properties": { "center_lat": 40.7475, "center_lon": -74.0475, "predicted_risk": 0.48883046311304734, "cell_id": "cell_29_10" }, "geometry": { "type": "Polygon", "coordinates": [ [ [ -74.05, 40.745 ], [ -74.045, 40.745 ], [ -74.045, 40.75 ], [ -74.05, 40.75 ], [ -74.05, 40.745 ] ] ] } },
{ "type": "Feature", "properties": { "center_lat": 40.7475, "center_lon": -74.0425, "predicted_risk": 0.11046728285717379, "cell_id": "cell_29_11" }, "geometry": { "type": "Polygon", "coordinates": [ [ [ -74.045, 40.745 ], [ -74.04, 40.745 ], [ -74.04, 40.75 ], [ -74.045, 40.75 ], [ -74.045, 40.745 ] ] ] } },
{ "type": "Feature", "properties": { "center_lat": 40.7475, "center_lon": -74.0375, "predicted_risk": 0.32593515777839682, "cell_id": "cell_29_12" }, "geometry": { "type": "Polygon", "coordinates": [ [ [ -74.04, 40.745 ], [ -74.035, 40.745 ], [ -74.035, 40.75 ], [ -74.04, 40.75 ], [ -74.04, 40.745 ] ] ] } },
{ "type": "Feature", "properties": { "center_lat": 40.7475, "center_lon": -74.0325, "predicted_risk": 0.42430914901513089, "cell_id": "cell_29_13" }, "geometry": { "type": "Polygon", "coordinates": [ [ [ -74.035, 40.745 ], [ -74.03, 40.745 ], [ -74.03, 40.75 ], [ -74.035, 40.75 ], [ -74.035, 40.745 ] ] ] } },
{ "type": "Feature", "properties": { "center_lat": 40.7475, "center_lon": -74.0275, "predicted_risk": 0.31017799604721047, "cell_id": "cell_29_14" }, "geometry": { "type": "Polygon", "coordinates": [ [ [ -74.03, 40.745 ], [ -74.025, 40.745 ], [ -74.025, 40.75 ], [ -74.03, 40.75 ], [ -74.03, 40.745 ] ] ] } },
{ "type": "Feature", "properties": { "center_lat": 40.7475, "center_lon": -74.0225, "predicted_risk": 0.10124847595038751, "cell_id": "cell_29_15" }, "geometry": { "type": "Polygon", "coordinates": [ [ [ -74.025, 40.745 ], [ -74.02, 40.745 ], [ -74.02, 40.75 ], [ -74.025, 40.75 ], [ -74.025, 40.745 ] ] ] } },
{ "type": "Feature", "properties": { "center_lat": 40.7475, "center_lon": -74.0175, "predicted_risk": 0.20033938280751523, "cell_id": "cell_29_16" }, "geometry": { "type": "Polygon", "coordinates": [ [ [ -74.02, 40.745 ], [ -74.015, 40.745 ], [ -74.015, 40.75 ], [ -74.02, 40.75 ], [ -74.02, 40.745 ] ] ] } },
{ "type": "Feature", "properties": { "center_lat": 40.7475, "center_lon": -74.0125, "predicted_risk": 0.40168174316047212, "cell_id": "cell_29_17" }, "geometry": { "type": "Polygon", "coordinates": [ [ [ -74.015, 40.745 ], [ -74.01, 40.745 ], [ -74.01, 40.75 ], [ -74.015, 40.75 ], [ -74.015, 40.745 ] ] ] } },
{ "type": "Feature", "properties": { "center_lat": 40.7475, "center_lon": -74.0075, "predicted_risk": 0.40775727255468336, "cell_id": "cell_29_18" }, "geometry": { "type": "Polygon", "coordinates": [ [ [ -74.01, 40.745 ], [ -74.005, 40.745 ], [ -74.005, 40.75 ], [ -74.01, 40.75 ], [ -74.01, 40.745 ] ] ] } },
{ "type": "Feature", "properties": { "center_lat": 40.7475, "center_lon": -74.0025, "predicted_risk": 0.41741785231048778, "cell_id": "cell_29_19" }, "geometry": { "type": "Polygon", "coordinates": [ [ [ -74.005, 40.745 ], [ -74.0, 40.745 ], [ -74.0, 40.75 ], [ -74.005, 40.75 ], [ -74.005, 40.745 ] ] ] } },
{ "type": "Feature", "properties": { "center_lat": 40.7475, "center_lon": -73.9975, "predicted_risk": 0.32122367668435547, "cell_id": "cell_29_20" }, "geometry": { "type": "Polygon", "coordinates": [ [ [ -74.0, 40.745 ], [ -73.995, 40.745 ], [ -73.995, 40.75 ], [ -74.0, 40.75 ], [ -74.0, 40.745 ] ] ] } },
{ "type": "Feature", "properties": { "center_lat": 40.7475, "center_lon": -73.9925, "predicted_risk": 0.43773452506988209, "cell_id": "cell_29_21" }, "geometry": { "type": "Polygon", "coordinates": [ [ [ -73.995, 40.745 ], [ -73.99, 40.745 ], [ -73.99, 40.75 ], [ -73.995, 40.75 ], [ -73.995, 40.745 ] ] ] } },
{ "type": "Feature", "properties": { "center_lat": 40.7475, "center_lon": -73.9875, "predicted_risk": 0.22170819400662603, "cell_id": "cell_29_22" }, "geometry": { "type": "Polygon", "coordinates": [ [ [ -73.99, 40.745 ], [ -73.985, 40.745 ], [ -73.985, 40.75 ], [ -73.99, 40.75 ], [ -73.99, 40.745 ] ] ] } },
{ "type": "Feature", "properties": { "center_lat": 40.7475, "center_lon": -73.9825, "predicted_risk": 0.27747044137427251, "cell_id": "cell_29_23" }, "geometry": { "type": "Polygon", "coordinates": [ [ [ -73.985, 40.745 ], [ -73.980000000000103, 40.745 ], [ -73.980000000000103, 40.75 ], [ -73.985, 40.75 ], [ -73.985, 40.745 ] ] ] } },
{ "type": "Feature", "properties": { "center_lat": 40.7475, "center_lon": -73.9775, "predicted_risk": 0.27450760639378174, "cell_id": "cell_29_24" }, "geometry": { "type": "Polygon", "coordinates": [ [ [ -73.980000000000103, 40.745 ], [ -73.975000000000108, 40.745 ], [ -73.975000000000108, 40.75 ], [ -73.980000000000103, 40.75 ], [ -73.980000000000103, 40.745 ] ] ] } },
{ "type": "Feature", "properties": { "center_lat": 40.7475, "center_lon": -73.9725, "predicted_risk": 1.0758885716100253, "cell_id": "cell_29_25" }, "geometry": { "type": "Polygon", "coordinates": [ [ [ -73.975000000000108, 40.745 ], [ -73.970000000000113, 40.745 ], [ -73.970000000000113, 40.75 ], [ -73.975000000000108, 40.75 ], [ -73.975000000000108, 40.745 ] ] ] } },
{ "type": "Feature", "properties": { "center_lat": 40.7475, "center_lon": -73.9675, "predicted_risk": 0.52443865083832752, "cell_id": "cell_29_26" }, "geometry": { "type": "Polygon", "coordinates": [ [ [ -73.970000000000113, 40.745 ], [ -73.965000000000117, 40.745 ], [ -73.965000000000117, 40.75 ], [ -73.970000000000113, 40.75 ], [ -73.970000000000113, 40.745 ] ] ] } },
{ "type": "Feature", "properties": { "center_lat": 40.7475, "center_lon": -73.9625, "predicted_risk": 0.76770743752918591, "cell_id": "cell_29_27" }, "geometry": { "type": "Polygon", "coordinates": [ [ [ -73.965000000000117, 40.745 ], [ -73.960000000000122, 40.745 ], [ -73.960000000000122, 40.75 ], [ -73.965000000000117, 40.75 ], [ -73.965000000000117, 40.745 ] ] ] } },
{ "type": "Feature", "properties": { "center_lat": 40.7475, "center_lon": -73.9575, "predicted_risk": 1.0062727537686493, "cell_id": "cell_29_28" }, "geometry": { "type": "Polygon", "coordinates": [ [ [ -73.960000000000122, 40.745 ], [ -73.955000000000126, 40.745 ], [ -73.955000000000126, 40.75 ], [ -73.960000000000122, 40.75 ], [ -73.960000000000122, 40.745 ] ] ] } },
{ "type": "Feature", "properties": { "center_lat": 40.7475, "center_lon": -73.9525, "predicted_risk": 0.20022211100149082, "cell_id": "cell_29_29" }, "geometry": { "type": "Polygon", "coordinates": [ [ [ -73.955000000000126, 40.745 ], [ -73.950000000000131, 40.745 ], [ -73.950000000000131, 40.75 ], [ -73.955000000000126, 40.75 ], [ -73.955000000000126, 40.745 ] ] ] } },
{ "type": "Feature", "properties": { "center_lat": 40.7475, "center_lon": -73.9475, "predicted_risk": 0.1009387206716726, "cell_id": "cell_29_30" }, "geometry": { "type": "Polygon", "coordinates": [ [ [ -73.950000000000131, 40.745 ], [ -73.945000000000135, 40.745 ], [ -73.945000000000135, 40.75 ], [ -73.950000000000131, 40.75 ], [ -73.950000000000131, 40.745 ] ] ] } },
{ "type": "Feature", "properties": { "center_lat": 40.7475, "center_lon": -73.9425, "predicted_risk": 0.20581525917994897, "cell_id": "cell_29_31" }, "geometry": { "type": "Polygon", "coordinates": [ [ [ -73.945000000000135, 40.745 ], [ -73.94000000000014, 40.745 ], [ -73.94000000000014, 40.75 ], [ -73.945000000000135, 40.75 ], [ -73.945000000000135, 40.745 ] ] ] } },
{ "type": "Feature", "properties": { "center_lat": 40.7475, "center_lon": -73.9375, "predicted_risk": 0.42214289873738547, "cell_id": "cell_29_32" }, "geometry": { "type": "Polygon", "coordinates": [ [ [ -73.94000000000014, 40.745 ], [ -73.935000000000144, 40.745 ], [ -73.935000000000144, 40.75 ], [ -73.94000000000014, 40.75 ], [ -73.94000000000014, 40.745 ] ] ] } },
{ "type": "Feature", "properties": { "center_lat": 40.7475, "center_lon": -73.9325, "predicted_risk": 0.21635911323534923, "cell_id": "cell_29_33" }, "geometry": { "type": "Polygon", "coordinates": [ [ [ -73.935000000000144, 40.745 ], [ -73.930000000000149, 40.745 ], [ -73.930000000000149, 40.75 ], [ -73.935000000000144, 40.75 ], [ -73.935000000000144, 40.745 ] ] ] } },
{ "type": "Feature", "properties": { "center_lat": 40.7475, "center_lon": -73.9275, "predicted_risk": 0.33057546937743354, "cell_id": "cell_29_34" }, "geometry": { "type": "Polygon", "coordinates": [ [ [ -73.930000000000149, 40.745 ], [ -73.925000000000153, 40.745 ], [ -73.925000000000153, 40.75 ], [ -73.930000000000149, 40.75 ], [ -73.930000000000149, 40.745 ] ] ] } },
{ "type": "Feature", "properties": { "center_lat": 40.7475, "center_lon": -73.9225, "predicted_risk": 0.1110798511873235, "cell_id": "cell_29_35" }, "geometry": { "type": "Polygon", "coordinates": [ [ [ -73.925000000000153, 40.745 ], [ -73.920000000000158, 40.745 ], [ -73.920000000000158, 40.75 ], [ -73.925000000000153, 40.75 ], [ -73.925000000000153, 40.745 ] ] ] } },
{ "type": "Feature", "properties": { "center_lat": 40.7475, "center_lon": -73.9175, "predicted_risk": 0.22125244112337911, "cell_id": "cell_29_36" }, "geometry": { "type": "Polygon", "coordinates": [ [ [ -73.920000000000158, 40.745 ], [ -73.915000000000163, 40.745 ], [ -73.915000000000163, 40.75 ], [ -73.920000000000158, 40.75 ], [ -73.920000000000158, 40.745 ] ] ] } },
{ "type": "Feature", "properties": { "center_lat": 40.7475, "center_lon": -73.9125, "predicted_risk": 0.10894199584698409, "cell_id": "cell_29_37" }, "geometry": { "type": "Polygon", "coordinates": [ [ [ -73.915000000000163, 40.745 ], [ -73.910000000000167, 40.745 ], [ -73.910000000000167, 40.75 ], [ -73.915000000000163, 40.75 ], [ -73.915000000000163, 40.745 ] ] ] } },
{ "type": "Feature", "properties": { "center_lat": 40.7475, "center_lon": -73.9075, "predicted_risk": 0.10643953399276196, "cell_id": "cell_29_38" }, "geometry": { "type": "Polygon", "coordinates": [ [ [ -73.910000000000167, 40.745 ], [ -73.905000000000172, 40.745 ], [ -73.905000000000172, 40.75 ], [ -73.910000000000167, 40.75 ], [ -73.910000000000167, 40.745 ] ] ] } },
{ "type": "Feature", "properties": { "center_lat": 40.7525, "center_lon": -74.0975, "predicted_risk": 0.4582911324595072, "cell_id": "cell_30_0" }, "geometry": { "type": "Polygon", "coordinates": [ [ [ -74.1, 40.75 ], [ -74.095, 40.75 ], [ -74.095, 40.755 ], [ -74.1, 40.755 ], [ -74.1, 40.75 ] ] ] } },
{ "type": "Feature", "properties": { "center_lat": 40.7525, "center_lon": -74.0925, "predicted_risk": 0.099749243288130229, "cell_id": "cell_30_1" }, "geometry": { "type": "Polygon", "coordinates": [ [ [ -74.095, 40.75 ], [ -74.09, 40.75 ], [ -74.09, 40.755 ], [ -74.095, 40.755 ], [ -74.095, 40.75 ] ] ] } },
{ "type": "Feature", "properties": { "center_lat": 40.7525, "center_lon": -74.0875, "predicted_risk": 0.34543269102697682, "cell_id": "cell_30_2" }, "geometry": { "type": "Polygon", "coordinates": [ [ [ -74.09, 40.75 ], [ -74.085, 40.75 ], [ -74.085, 40.755 ], [ -74.09, 40.755 ], [ -74.09, 40.75 ] ] ] } },
{ "type": "Feature", "properties": { "center_lat": 40.7525, "center_lon": -74.0825, "predicted_risk": 0.31071269046666494, "cell_id": "cell_30_3" }, "geometry": { "type": "Polygon", "coordinates": [ [ [ -74.085, 40.75 ], [ -74.08, 40.75 ], [ -74.08, 40.755 ], [ -74.085, 40.755 ], [ -74.085, 40.75 ] ] ] } },
{ "type": "Feature", "properties": { "center_lat": 40.7525, "center_lon": -74.0775, "predicted_risk": 0.075834409627798763, "cell_id": "cell_30_4" }, "geometry": { "type": "Polygon", "coordinates": [ [ [ -74.08, 40.75 ], [ -74.075, 40.75 ], [ -74.075, 40.755 ], [ -74.08, 40.755 ], [ -74.08, 40.75 ] ] ] } },
{ "type": "Feature", "properties": { "center_lat": 40.7525, "center_lon": -74.0725, "predicted_risk": 0.24383490381987671, "cell_id": "cell_30_5" }, "geometry": { "type": "Polygon", "coordinates": [ [ [ -74.075, 40.75 ], [ -74.07, 40.75 ], [ -74.07, 40.755 ], [ -74.075, 40.755 ], [ -74.075, 40.75 ] ] ] } },
{ "type": "Feature", "properties": { "center_lat": 40.7525, "center_lon": -74.0675, "predicted_risk": 0.092676993015956596, "cell_id": "cell_30_6" }, "geometry": { "type": "Polygon", "coordinates": [ [ [ -74.07, 40.75 ], [ -74.065, 40.75 ], [ -74.065, 40.755 ], [ -74.07, 40.755 ], [ -74.07, 40.75 ] ] ] } },
{ "type": "Feature", "properties": { "center_lat": 40.7525, "center_lon": -74.0625, "predicted_risk": 0.42895875029582298, "cell_id": "cell_30_7" }, "geometry": { "type": "Polygon", "coordinates": [ [ [ -74.065, 40.75 ], [ -74.06, 40.75 ], [ -74.06, 40.755 ], [ -74.065, 40.755 ], [ -74.065, 40.75 ] ] ] } },
{ "type": "Feature", "properties": { "center_lat": 40.7525, "center_lon": -74.0575, "predicted_risk": 0.48560371771089605, "cell_id": "cell_30_8" }, "geometry": { "type": "Polygon", "coordinates": [ [ [ -74.06, 40.75 ], [ -74.055, 40.75 ], [ -74.055, 40.755 ], [ -74.06, 40.755 ], [ -74.06, 40.75 ] ] ] } },
{ "type": "Feature", "properties": { "center_lat": 40.7525, "center_lon": -74.0525, "predicted_risk": 0.52677421072373409, "cell_id": "cell_30_9" }, "geometry": { "type": "Polygon", "coordinates": [ [ [ -74.055, 40.75 ], [ -74.05, 40.75 ], [ -74.05, 40.755 ], [ -74.055, 40.755 ], [ -74.055, 40.75 ] ] ] } },
{ "type": "Feature", "properties": { "center_lat": 40.7525, "center_lon": -74.0475, "predicted_risk": 0.40679269258015699, "cell_id": "cell_30_10" }, "geometry": { "type": "Polygon", "coordinates": [ [ [ -74.05, 40.75 ], [ -74.045, 40.75 ], [ -74.045, 40.755 ], [ -74.05, 40.755 ], [ -74.05, 40.75 ] ] ] } },
{ "type": "Feature", "properties": { "center_lat": 40.7525, "center_lon": -74.0425, "predicted_risk": 0.13215712578968455, "cell_id": "cell_30_11" }, "geometry": { "type": "Polygon", "coordinates": [ [ [ -74.045, 40.75 ], [ -74.04, 40.75 ], [ -74.04, 40.755 ], [ -74.045, 40.755 ], [ -74.045, 40.75 ] ] ] } },
{ "type": "Feature", "properties": { "center_lat": 40.7525, "center_lon": -74.0375, "predicted_risk": 0.24442915356109909, "cell_id": "cell_30_12" }, "geometry": { "type": "Polygon", "coordinates": [ [ [ -74.04, 40.75 ], [ -74.035, 40.75 ], [ -74.035, 40.755 ], [ -74.04, 40.755 ], [ -74.04, 40.75 ] ] ] } },
{ "type": "Feature", "properties": { "center_lat": 40.7525, "center_lon": -74.0325, "predicted_risk": 0.43281679968760289, "cell_id": "cell_30_13" }, "geometry": { "type": "Polygon", "coordinates": [ [ [ -74.035, 40.75 ], [ -74.03, 40.75 ], [ -74.03, 40.755 ], [ -74.035, 40.755 ], [ -74.035, 40.75 ] ] ] } },
{ "type": "Feature", "properties": { "center_lat": 40.7525, "center_lon": -74.0275, "predicted_risk": 0.37422489639099249, "cell_id": "cell_30_14" }, "geometry": { "type": "Polygon", "coordinates": [ [ [ -74.03, 40.75 ], [ -74.025, 40.75 ], [ -74.025, 40.755 ], [ -74.03, 40.755 ], [ -74.03, 40.75 ] ] ] } },
{ "type": "Feature", "properties": { "center_lat": 40.7525, "center_lon": -74.0225, "predicted_risk": 0.24557095396742587, "cell_id": "cell_30_15" }, "geometry": { "type": "Polygon", "coordinates": [ [ [ -74.025, 40.75 ], [ -74.02, 40.75 ], [ -74.02, 40.755 ], [ -74.025, 40.755 ], [ -74.025, 40.75 ] ] ] } },
{ "type": "Feature", "properties": { "center_lat": 40.7525, "center_lon": -74.0175, "predicted_risk": 0.15194172687348076, "cell_id": "cell_30_16" }, "geometry": { "type": "Polygon", "coordinates": [ [ [ -74.02, 40.75 ], [ -74.015, 40.75 ], [ -74.015, 40.755 ], [ -74.02, 40.755 ], [ -74.02, 40.75 ] ] ] } },
{ "type": "Feature", "properties": { "center_lat": 40.7525, "center_lon": -74.0125, "predicted_risk": 0.15467797640120903, "cell_id": "cell_30_17" }, "geometry": { "type": "Polygon", "coordinates": [ [ [ -74.015, 40.75 ], [ -74.01, 40.75 ], [ -74.01, 40.755 ], [ -74.015, 40.755 ], [ -74.015, 40.75 ] ] ] } },
{ "type": "Feature", "properties": { "center_lat": 40.7525, "center_lon": -74.0075, "predicted_risk": 0.17125278858036835, "cell_id": "cell_30_18" }, "geometry": { "type": "Polygon", "coordinates": [ [ [ -74.01, 40.75 ], [ -74.005, 40.75 ], [ -74.005, 40.755 ], [ -74.01, 40.755 ], [ -74.01, 40.75 ] ] ] } },
{ "type": "Feature", "properties": { "center_lat": 40.7525, "center_lon": -74.0025, "predicted_risk": 0.19760807132277591, "cell_id": "cell_30_19" }, "geometry": { "type": "Polygon", "coordinates": [ [ [ -74.005, 40.75 ], [ -74.0, 40.75 ], [ -74.0, 40.755 ], [ -74.005, 40.755 ], [ -74.005, 40.75 ] ] ] } },
{ "type": "Feature", "properties": { "center_lat": 40.7525, "center_lon": -73.9975, "predicted_risk": 0.34093669836059998, "cell_id": "cell_30_20" }, "geometry": { "type": "Polygon", "coordinates": [ [ [ -74.0, 40.75 ], [ -73.995, 40.75 ], [ -73.995, 40.755 ], [ -74.0, 40.755 ], [ -74.0, 40.75 ] ] ] } },
{ "type": "Feature", "properties": { "center_lat": 40.7525, "center_lon": -73.9925, "predicted_risk": 0.50606904557554244, "cell_id": "cell_30_21" }, "geometry": { "type": "Polygon", "coordinates": [ [ [ -73.995, 40.75 ], [ -73.99, 40.75 ], [ -73.99, 40.755 ], [ -73.995, 40.755 ], [ -73.995, 40.75 ] ] ] } },
{ "type": "Feature", "properties": { "center_lat": 40.7525, "center_lon": -73.9875, "predicted_risk": 0.13426768156334543, "cell_id": "cell_30_22" }, "geometry": { "type": "Polygon", "coordinates": [ [ [ -73.99, 40.75 ], [ -73.985, 40.75 ], [ -73.985, 40.755 ], [ -73.99, 40.755 ], [ -73.99, 40.75 ] ] ] } },
{ "type": "Feature", "properties": { "center_lat": 40.7525, "center_lon": -73.9825, "predicted_risk": 0.33749813366442533, "cell_id": "cell_30_23" }, "geometry": { "type": "Polygon", "coordinates": [ [ [ -73.985, 40.75 ], [ -73.980000000000103, 40.75 ], [ -73.980000000000103, 40.755 ], [ -73.985, 40.755 ], [ -73.985, 40.75 ] ] ] } },
{ "type": "Feature", "properties": { "center_lat": 40.7525, "center_lon": -73.9775, "predicted_risk": 0.64266431392491041, "cell_id": "cell_30_24" }, "geometry": { "type": "Polygon", "coordinates": [ [ [ -73.980000000000103, 40.75 ], [ -73.975000000000108, 40.75 ], [ -73.975000000000108, 40.755 ], [ -73.980000000000103, 40.755 ], [ -73.980000000000103, 40.75 ] ] ] } },
{ "type": "Feature", "properties": { "center_lat": 40.7525, "center_lon": -73.9725, "predicted_risk": 0.58225853741437184, "cell_id": "cell_30_25" }, "geometry": { "type": "Polygon", "coordinates": [ [ [ -73.975000000000108, 40.75 ], [ -73.970000000000113, 40.75 ], [ -73.970000000000113, 40.755 ], [ -73.975000000000108, 40.755 ], [ -73.975000000000108, 40.75 ] ] ] } },
{ "type": "Feature", "properties": { "center_lat": 40.7525, "center_lon": -73.9675, "predicted_risk": 0.25428418930614155, "cell_id": "cell_30_26" }, "geometry": { "type": "Polygon", "coordinates": [ [ [ -73.970000000000113, 40.75 ], [ -73.965000000000117, 40.75 ], [ -73.965000000000117, 40.755 ], [ -73.970000000000113, 40.755 ], [ -73.970000000000113, 40.75 ] ] ] } },
{ "type": "Feature", "properties": { "center_lat": 40.7525, "center_lon": -73.9625, "predicted_risk": 0.2198178792136341, "cell_id": "cell_30_27" }, "geometry": { "type": "Polygon", "coordinates": [ [ [ -73.965000000000117, 40.75 ], [ -73.960000000000122, 40.75 ], [ -73.960000000000122, 40.755 ], [ -73.965000000000117, 40.755 ], [ -73.965000000000117, 40.75 ] ] ] } },
{ "type": "Feature", "properties": { "center_lat": 40.7525, "center_lon": -73.9575, "predicted_risk": 0.39233778638997968, "cell_id": "cell_30_28" }, "geometry": { "type": "Polygon", "coordinates": [ [ [ -73.960000000000122, 40.75 ], [ -73.955000000000126, 40.75 ], [ -73.955000000000126, 40.755 ], [ -73.960000000000122, 40.755 ], [ -73.960000000000122, 40.75 ] ] ] } },
{ "type": "Feature", "properties": { "center_lat": 40.7525, "center_lon": -73.9525, "predicted_risk": 0.2269527933776522, "cell_id": "cell_30_29" }, "geometry": { "type": "Polygon", "coordinates": [ [ [ -73.955000000000126, 40.75 ], [ -73.950000000000131, 40.75 ], [ -73.950000000000131, 40.755 ], [ -73.955000000000126, 40.755 ], [ -73.955000000000126, 40.75 ] ] ] } },
{ "type": "Feature", "properties": { "center_lat": 40.7525, "center_lon": -73.9475, "predicted_risk": 0.16033376308886765, "cell_id": "cell_30_30" }, "geometry": { "type": "Polygon", "coordinates": [ [ [ -73.950000000000131, 40.75 ], [ -73.945000000000135, 40.75 ], [ -73.945000000000135, 40.755 ], [ -73.950000000000131, 40.755 ], [ -73.950000000000131, 40.75 ] ] ] } },
{ "type": "Feature", "properties": { "center_lat": 40.7525, "center_lon": -73.9425, "predicted_risk": 0.36363898548769352, "cell_id": "cell_30_31" }, "geometry": { "type": "Polygon", "coordinates": [ [ [ -73.945000000000135, 40.75 ], [ -73.94000000000014, 40.75 ], [ -73.94000000000014, 40.755 ], [ -73.945000000000135, 40.755 ], [ -73.945000000000135, 40.75 ] ] ] } },
{ "type": "Feature", "properties": { "center_lat": 40.7525, "center_lon": -73.9375, "predicted_risk": 0.10524929762804526, "cell_id": "cell_30_32" }, "geometry": { "type": "Polygon", "coordinates": [ [ [ -73.94000000000014, 40.75 ], [ -73.935000000000144, 40.75 ], [ -73.935000000000144, 40.755 ], [ -73.94000000000014, 40.755 ], [ -73.94000000000014, 40.75 ] ] ] } },
{ "type": "Feature", "properties": { "center_lat": 40.7525, "center_lon": -73.9325, "predicted_risk": 0.35902413916805476, "cell_id": "cell_30_33" }, "geometry": { "type": "Polygon", "coordinates": [ [ [ -73.935000000000144, 40.75 ], [ -73.930000000000149, 40.75 ], [ -73.930000000000149, 40.755 ], [ -73.935000000000144, 40.755 ], [ -73.935000000000144, 40.75 ] ] ] } },
{ "type": "Feature", "properties": { "center_lat": 40.7525, "center_lon": -73.9275, "predicted_risk": 0.3919624435652535, "cell_id": "cell_30_34" }, "geometry": { "type": "Polygon", "coordinates": [ [ [ -73.930000000000149, 40.75 ], [ -73.925000000000153, 40.75 ], [ -73.925000000000153, 40.755 ], [ -73.930000000000149, 40.755 ], [ -73.930000000000149, 40.75 ] ] ] } },
{ "type": "Feature", "properties": { "center_lat": 40.7525, "center_lon": -73.9225, "predicted_risk": 0.54199781386118528, "cell_id": "cell_30_35" }, "geometry": { "type": "Polygon", "coordinates": [ [ [ -73.925000000000153, 40.75 ], [ -73.920000000000158, 40.75 ], [ -73.920000000000158, 40.755 ], [ -73.925000000000153, 40.755 ], [ -73.925000000000153, 40.75 ] ] ] } },
{ "type": "Feature", "properties": { "center_lat": 40.7525, "center_lon": -73.9175, "predicted_risk": 0.26604866017464007, "cell_id": "cell_30_36" }, "geometry": { "type": "Polygon", "coordinates": [ [ [ -73.920000000000158, 40.75 ], [ -73.915000000000163, 40.75 ], [ -73.915000000000163, 40.755 ], [ -73.920000000000158, 40.755 ], [ -73.920000000000158, 40.75 ] ] ] } },
{ "type": "Feature", "properties": { "center_lat": 40.7525, "center_lon": -73.9125, "predicted_risk": 0.24766954849404202, "cell_id": "cell_30_37" }, "geometry": { "type": "Polygon", "coordinates": [ [ [ -73.915000000000163, 40.75 ], [ -73.910000000000167, 40.75 ], [ -73.910000000000167, 40.755 ], [ -73.915000000000163, 40.755 ], [ -73.915000000000163, 40.75 ] ] ] } },
{ "type": "Feature", "properties": { "center_lat": 40.7525, "center_lon": -73.9075, "predicted_risk": 0.11018070971109351, "cell_id": "cell_30_38" }, "geometry": { "type": "Polygon", "coordinates": [ [ [ -73.910000000000167, 40.75 ], [ -73.905000000000172, 40.75 ], [ -73.905000000000172, 40.755 ], [ -73.910000000000167, 40.755 ], [ -73.910000000000167, 40.75 ] ] ] } },
{ "type": "Feature", "properties": { "center_lat": 40.7575, "center_lon": -74.0975, "predicted_risk": 0.11970422050219859, "cell_id": "cell_31_0" }, "geometry": { "type": "Polygon", "coordinates": [ [ [ -74.1, 40.755 ], [ -74.095, 40.755 ], [ -74.095, 40.76 ], [ -74.1, 40.76 ], [ -74.1, 40.755 ] ] ] } },
{ "type": "Feature", "properties": { "center_lat": 40.7575, "center_lon": -74.0925, "predicted_risk": 0.2892097768621717, "cell_id": "cell_31_1" }, "geometry": { "type": "Polygon", "coordinates": [ [ [ -74.095, 40.755 ], [ -74.09, 40.755 ], [ -74.09, 40.76 ], [ -74.095, 40.76 ], [ -74.095, 40.755 ] ] ] } },
{ "type": "Feature", "properties": { "center_lat": 40.7575, "center_lon": -74.0875, "predicted_risk": 0.15070796072310541, "cell_id": "cell_31_2" }, "geometry": { "type": "Polygon", "coordinates": [ [ [ -74.09, 40.755 ], [ -74.085, 40.755 ], [ -74.085, 40.76 ], [ -74.09, 40.76 ], [ -74.09, 40.755 ] ] ] } },
{ "type": "Feature", "properties": { "center_lat": 40.7575, "center_lon": -74.0825, "predicted_risk": 0.061709982243310514, "cell_id": "cell_31_3" }, "geometry": { "type": "Polygon", "coordinates": [ [ [ -74.085, 40.755 ], [ -74.08, 40.755 ], [ -74.08, 40.76 ], [ -74.085, 40.76 ], [ -74.085, 40.755 ] ] ] } },
{ "type": "Feature", "properties": { "center_lat": 40.7575, "center_lon": -74.0775, "predicted_risk": 0.17643537356934871, "cell_id": "cell_31_4" }, "geometry": { "type": "Polygon", "coordinates": [ [ [ -74.08, 40.755 ], [ -74.075, 40.755 ], [ -74.075, 40.76 ], [ -74.08, 40.76 ], [ -74.08, 40.755 ] ] ] } },
{ "type": "Feature", "properties": { "center_lat": 40.7575, "center_lon": -74.0725, "predicted_risk": 0.20210695634642925, "cell_id": "cell_31_5" }, "geometry": { "type": "Polygon", "coordinates": [ [ [ -74.075, 40.755 ], [ -74.07, 40.755 ], [ -74.07, 40.76 ], [ -74.075, 40.76 ], [ -74.075, 40.755 ] ] ] } },
{ "type": "Feature", "properties": { "center_lat": 40.7575, "center_lon": -74.0675, "predicted_risk": 0.2558593962695252, "cell_id": "cell_31_6" }, "geometry": { "type": "Polygon", "coordinates": [ [ [ -74.07, 40.755 ], [ -74.065, 40.755 ], [ -74.065, 40.76 ], [ -74.07, 40.76 ], [ -74.07, 40.755 ] ] ] } },
{ "type": "Feature", "properties": { "center_lat": 40.7575, "center_lon": -74.0625, "predicted_risk": 0.43270962848503197, "cell_id": "cell_31_7" }, "geometry": { "type": "Polygon", "coordinates": [ [ [ -74.065, 40.755 ], [ -74.06, 40.755 ], [ -74.06, 40.76 ], [ -74.065, 40.76 ], [ -74.065, 40.755 ] ] ] } },
{ "type": "Feature", "properties": { "center_lat": 40.7575, "center_lon": -74.0575, "predicted_risk": 0.52174923866321854, "cell_id": "cell_31_8" }, "geometry": { "type": "Polygon", "coordinates": [ [ [ -74.06, 40.755 ], [ -74.055, 40.755 ], [ -74.055, 40.76 ], [ -74.06, 40.76 ], [ -74.06, 40.755 ] ] ] } },
{ "type": "Feature", "properties": { "center_lat": 40.7575, "center_lon": -74.0525, "predicted_risk": 0.29323234514549501, "cell_id": "cell_31_9" }, "geometry": { "type": "Polygon", "coordinates": [ [ [ -74.055, 40.755 ], [ -74.05, 40.755 ], [ -74.05, 40.76 ], [ -74.055, 40.76 ], [ -74.055, 40.755 ] ] ] } },
{ "type": "Feature", "properties": { "center_lat": 40.7575, "center_lon": -74.0475, "predicted_risk": 0.4582585378345605, "cell_id": "cell_31_10" }, "geometry": { "type": "Polygon", "coordinates": [ [ [ -74.05, 40.755 ], [ -74.045, 40.755 ], [ -74.045, 40.76 ], [ -74.05, 40.76 ], [ -74.05, 40.755 ] ] ] } },
{ "type": "Feature", "properties": { "center_lat": 40.7575, "center_lon": -74.0425, "predicted_risk": 0.44203457435006061, "cell_id": "cell_31_11" }, "geometry": { "type": "Polygon", "coordinates": [ [ [ -74.045, 40.755 ], [ -74.04, 40.755 ], [ -74.04, 40.76 ], [ -74.045, 40.76 ], [ -74.045, 40.755 ] ] ] } },
{ "type": "Feature", "properties": { "center_lat": 40.7575, "center_lon": -74.0375, "predicted_risk": 0.26343254623753315, "cell_id": "cell_31_12" }, "geometry": { "type": "Polygon", "coordinates": [ [ [ -74.04, 40.755 ], [ -74.035, 40.755 ], [ -74.035, 40.76 ], [ -74.04, 40.76 ], [ -74.04, 40.755 ] ] ] } },
{ "type": "Feature", "properties": { "center_lat": 40.7575, "center_lon": -74.0325, "predicted_risk": 0.10969351362448487, "cell_id": "cell_31_13" }, "geometry": { "type": "Polygon", "coordinates": [ [ [ -74.035, 40.755 ], [ -74.03, 40.755 ], [ -74.03, 40.76 ], [ -74.035, 40.76 ], [ -74.035, 40.755 ] ] ] } },
{ "type": "Feature", "properties": { "center_lat": 40.7575, "center_lon": -74.0275, "predicted_risk": 0.34667407691475943, "cell_id": "cell_31_14" }, "geometry": { "type": "Polygon", "coordinates": [ [ [ -74.03, 40.755 ], [ -74.025, 40.755 ], [ -74.025, 40.76 ], [ -74.03, 40.76 ], [ -74.03, 40.755 ] ] ] } },
{ "type": "Feature", "properties": { "center_lat": 40.7575, "center_lon": -74.0225, "predicted_risk": 0.13655722316828611, "cell_id": "cell_31_15" }, "geometry": { "type": "Polygon", "coordinates": [ [ [ -74.025, 40.755 ], [ -74.02, 40.755 ], [ -74.02, 40.76 ], [ -74.025, 40.76 ], [ -74.025, 40.755 ] ] ] } },
{ "type": "Feature", "properties": { "center_lat": 40.7575, "center_lon": -74.0175, "predicted_risk": 0.059026281452730034, "cell_id": "cell_31_16" }, "geometry": { "type": "Polygon", "coordinates": [ [ [ -74.02, 40.755 ], [ -74.015, 40.755 ], [ -74.015, 40.76 ], [ -74.02, 40.76 ], [ -74.02, 40.755 ] ] ] } },
{ "type": "Feature", "properties": { "center_lat": 40.7575, "center_lon": -74.0125, "predicted_risk": 0.12235364387376409, "cell_id": "cell_31_17" }, "geometry": { "type": "Polygon", "coordinates": [ [ [ -74.015, 40.755 ], [ -74.01, 40.755 ], [ -74.01, 40.76 ], [ -74.015, 40.76 ], [ -74.015, 40.755 ] ] ] } },
{ "type": "Feature", "properties": { "center_lat": 40.7575, "center_lon": -74.0075, "predicted_risk": 0.074203705723351443, "cell_id": "cell_31_18" }, "geometry": { "type": "Polygon", "coordinates": [ [ [ -74.01, 40.755 ], [ -74.005, 40.755 ], [ -74.005, 40.76 ], [ -74.01, 40.76 ], [ -74.01, 40.755 ] ] ] } },
{ "type": "Feature", "properties": { "center_lat": 40.7575, "center_lon": -74.0025, "predicted_risk": 0.094917497332801776, "cell_id": "cell_31_19" }, "geometry": { "type": "Polygon", "coordinates": [ [ [ -74.005, 40.755 ], [ -74.0, 40.755 ], [ -74.0, 40.76 ], [ -74.005, 40.76 ], [ -74.005, 40.755 ] ] ] } },
{ "type": "Feature", "properties": { "center_lat": 40.7575, "center_lon": -73.9975, "predicted_risk": 0.23649347632089227, "cell_id": "cell_31_20" }, "geometry": { "type": "Polygon", "coordinates": [ [ [ -74.0, 40.755 ], [ -73.995, 40.755 ], [ -73.995, 40.76 ], [ -74.0, 40.76 ], [ -74.0, 40.755 ] ] ] } },
{ "type": "Feature", "properties": { "center_lat": 40.7575, "center_lon": -73.9925, "predicted_risk": 0.27695923283208423, "cell_id": "cell_31_21" }, "geometry": { "type": "Polygon", "coordinates": [ [ [ -73.995, 40.755 ], [ -73.99, 40.755 ], [ -73.99, 40.76 ], [ -73.995, 40.76 ], [ -73.995, 40.755 ] ] ] } },
{ "type": "Feature", "properties": { "center_lat": 40.7575, "center_lon": -73.9875, "predicted_risk": 0.30132483571253443, "cell_id": "cell_31_22" }, "geometry": { "type": "Polygon", "coordinates": [ [ [ -73.99, 40.755 ], [ -73.985, 40.755 ], [ -73.985, 40.76 ], [ -73.99, 40.76 ], [ -73.99, 40.755 ] ] ] } },
{ "type": "Feature", "properties": { "center_lat": 40.7575, "center_lon": -73.9825, "predicted_risk": 0.75906183899271773, "cell_id": "cell_31_23" }, "geometry": { "type": "Polygon", "coordinates": [ [ [ -73.985, 40.755 ], [ -73.980000000000103, 40.755 ], [ -73.980000000000103, 40.76 ], [ -73.985, 40.76 ], [ -73.985, 40.755 ] ] ] } },
{ "type": "Feature", "properties": { "center_lat": 40.7575, "center_lon": -73.9775, "predicted_risk": 1.0623593879331934, "cell_id": "cell_31_24" }, "geometry": { "type": "Polygon", "coordinates": [ [ [ -73.980000000000103, 40.755 ], [ -73.975000000000108, 40.755 ], [ -73.975000000000108, 40.76 ], [ -73.980000000000103, 40.76 ], [ -73.980000000000103, 40.755 ] ] ] } },
{ "type": "Feature", "properties": { "center_lat": 40.7575, "center_lon": -73.9725, "predicted_risk": 0.30664420336596981, "cell_id": "cell_31_25" }, "geometry": { "type": "Polygon", "coordinates": [ [ [ -73.975000000000108, 40.755 ], [ -73.970000000000113, 40.755 ], [ -73.970000000000113, 40.76 ], [ -73.975000000000108, 40.76 ], [ -73.975000000000108, 40.755 ] ] ] } },
{ "type": "Feature", "properties": { "center_lat": 40.7575, "center_lon": -73.9675, "predicted_risk": 0.49745564500347766, "cell_id": "cell_31_26" }, "geometry": { "type": "Polygon", "coordinates": [ [ [ -73.970000000000113, 40.755 ], [ -73.965000000000117, 40.755 ], [ -73.965000000000117, 40.76 ], [ -73.970000000000113, 40.76 ], [ -73.970000000000113, 40.755 ] ] ] } },
{ "type": "Feature", "properties": { "center_lat": 40.7575, "center_lon": -73.9625, "predicted_risk": 0.58365180997437949, "cell_id": "cell_31_27" }, "geometry": { "type": "Polygon", "coordinates": [ [ [ -73.965000000000117, 40.755 ], [ -73.960000000000122, 40.755 ], [ -73.960000000000122, 40.76 ], [ -73.965000000000117, 40.76 ], [ -73.965000000000117, 40.755 ] ] ] } },
{ "type": "Feature", "properties": { "center_lat": 40.7575, "center_lon": -73.9575, "predicted_risk": 0.62950807434547784, "cell_id": "cell_31_28" }, "geometry": { "type": "Polygon", "coordinates": [ [ [ -73.960000000000122, 40.755 ], [ -73.955000000000126, 40.755 ], [ -73.955000000000126, 40.76 ], [ -73.960000000000122, 40.76 ], [ -73.960000000000122, 40.755 ] ] ] } },
{ "type": "Feature", "properties": { "center_lat": 40.7575, "center_lon": -73.9525, "predicted_risk": 0.17557014996527184, "cell_id": "cell_31_29" }, "geometry": { "type": "Polygon", "coordinates": [ [ [ -73.955000000000126, 40.755 ], [ -73.950000000000131, 40.755 ], [ -73.950000000000131, 40.76 ], [ -73.955000000000126, 40.76 ], [ -73.955000000000126, 40.755 ] ] ] } },
{ "type": "Feature", "properties": { "center_lat": 40.7575, "center_lon": -73.9475, "predicted_risk": 0.19686587047854864, "cell_id": "cell_31_30" }, "geometry": { "type": "Polygon", "coordinates": [ [ [ -73.950000000000131, 40.755 ], [ -73.945000000000135, 40.755 ], [ -73.945000000000135, 40.76 ], [ -73.950000000000131, 40.76 ], [ -73.950000000000131, 40.755 ] ] ] } },
{ "type": "Feature", "properties": { "center_lat": 40.7575, "center_lon": -73.9425, "predicted_risk": 0.16501709916512108, "cell_id": "cell_31_31" }, "geometry": { "type": "Polygon", "coordinates": [ [ [ -73.945000000000135, 40.755 ], [ -73.94000000000014, 40.755 ], [ -73.94000000000014, 40.76 ], [ -73.945000000000135, 40.76 ], [ -73.945000000000135, 40.755 ] ] ] } },
{ "type": "Feature", "properties": { "center_lat": 40.7575, "center_lon": -73.9375, "predicted_risk": 0.42019493897428867, "cell_id": "cell_31_32" }, "geometry": { "type": "Polygon", "coordinates": [ [ [ -73.94000000000014, 40.755 ], [ -73.935000000000144, 40.755 ], [ -73.935000000000144, 40.76 ], [ -73.94000000000014, 40.76 ], [ -73.94000000000014, 40.755 ] ] ] } },
{ "type": "Feature", "properties": { "center_lat": 40.7575, "center_lon": -73.9325, "predicted_risk": 0.12772388886544267, "cell_id": "cell_31_33" }, "geometry": { "type": "Polygon", "coordinates": [ [ [ -73.935000000000144, 40.755 ], [ -73.930000000000149, 40.755 ], [ -73.930000000000149, 40.76 ], [ -73.935000000000144, 40.76 ], [ -73.935000000000144, 40.755 ] ] ] } },
{ "type": "Feature", "properties": { "center_lat": 40.7575, "center_lon": -73.9275, "predicted_risk": 0.57992937358172159, "cell_id": "cell_31_34" }, "geometry": { "type": "Polygon", "coordinates": [ [ [ -73.930000000000149, 40.755 ], [ -73.925000000000153, 40.755 ], [ -73.925000000000153, 40.76 ], [ -73.930000000000149, 40.76 ], [ -73.930000000000149, 40.755 ] ] ] } },
{ "type": "Feature", "properties": { "center_lat": 40.7575, "center_lon": -73.9225, "predicted_risk": 0.45779588026503487, "cell_id": "cell_31_35" }, "geometry": { "type": "Polygon", "coordinates": [ [ [ -73.925000000000153, 40.755 ], [ -73.920000000000158, 40.755 ], [ -73.920000000000158, 40.76 ], [ -73.925000000000153, 40.76 ], [ -73.925000000000153, 40.755 ] ] ] } },
{ "type": "Feature", "properties": { "center_lat": 40.7575, "center_lon": -73.9175, "predicted_risk": 0.29741601430114406, "cell_id": "cell_31_36" }, "geometry": { "type": "Polygon", "coordinates": [ [ [ -73.920000000000158, 40.755 ], [ -73.915000000000163, 40.755 ], [ -73.915000000000163, 40.76 ], [ -73.920000000000158, 40.76 ], [ -73.920000000000158, 40.755 ] ] ] } },
{ "type": "Feature", "properties": { "center_lat": 40.7575, "center_lon": -73.9125, "predicted_risk": 0.2685260879027338, "cell_id": "cell_31_37" }, "geometry": { "type": "Polygon", "coordinates": [ [ [ -73.915000000000163, 40.755 ], [ -73.910000000000167, 40.755 ], [ -73.910000000000167, 40.76 ], [ -73.915000000000163, 40.76 ], [ -73.915000000000163, 40.755 ] ] ] } },
{ "type": "Feature", "properties": { "center_lat": 40.7575, "center_lon": -73.9075, "predicted_risk": 0.22560073586860846, "cell_id": "cell_31_38" }, "geometry": { "type": "Polygon", "coordinates": [ [ [ -73.910000000000167, 40.755 ], [ -73.905000000000172, 40.755 ], [ -73.905000000000172, 40.76 ], [ -73.910000000000167, 40.76 ], [ -73.910000000000167, 40.755 ] ] ] } },
{ "type": "Feature", "properties": { "center_lat": 40.7625, "center_lon": -74.0975, "predicted_risk": 0.3641473584261028, "cell_id": "cell_32_0" }, "geometry": { "type": "Polygon", "coordinates": [ [ [ -74.1, 40.76 ], [ -74.095, 40.76 ], [ -74.095, 40.765 ], [ -74.1, 40.765 ], [ -74.1, 40.76 ] ] ] } },
{ "type": "Feature", "properties": { "center_lat": 40.7625, "center_lon": -74.0925, "predicted_risk": 0.38123583030233849, "cell_id": "cell_32_1" }, "geometry": { "type": "Polygon", "coordinates": [ [ [ -74.095, 40.76 ], [ -74.09, 40.76 ], [ -74.09, 40.765 ], [ -74.095, 40.765 ], [ -74.095, 40.76 ] ] ] } },
{ "type": "Feature", "properties": { "center_lat": 40.7625, "center_lon": -74.0875, "predicted_risk": 0.21526520532196189, "cell_id": "cell_32_2" }, "geometry": { "type": "Polygon", "coordinates": [ [ [ -74.09, 40.76 ], [ -74.085, 40.76 ], [ -74.085, 40.765 ], [ -74.09, 40.765 ], [ -74.09, 40.76 ] ] ] } },
{ "type": "Feature", "properties": { "center_lat": 40.7625, "center_lon": -74.0825, "predicted_risk": 0.22595039573863149, "cell_id": "cell_32_3" }, "geometry": { "type": "Polygon", "coordinates": [ [ [ -74.085, 40.76 ], [ -74.08, 40.76 ], [ -74.08, 40.765 ], [ -74.085, 40.765 ], [ -74.085, 40.76 ] ] ] } },
{ "type": "Feature", "properties": { "center_lat": 40.7625, "center_lon": -74.0775, "predicted_risk": 0.21297823225727675, "cell_id": "cell_32_4" }, "geometry": { "type": "Polygon", "coordinates": [ [ [ -74.08, 40.76 ], [ -74.075, 40.76 ], [ -74.075, 40.765 ], [ -74.08, 40.765 ], [ -74.08, 40.76 ] ] ] } },
{ "type": "Feature", "properties": { "center_lat": 40.7625, "center_lon": -74.0725, "predicted_risk": 0.18845986601906922, "cell_id": "cell_32_5" }, "geometry": { "type": "Polygon", "coordinates": [ [ [ -74.075, 40.76 ], [ -74.07, 40.76 ], [ -74.07, 40.765 ], [ -74.075, 40.765 ], [ -74.075, 40.76 ] ] ] } },
{ "type": "Feature", "properties": { "center_lat": 40.7625, "center_lon": -74.0675, "predicted_risk": 0.08286939955407821, "cell_id": "cell_32_6" }, "geometry": { "type": "Polygon", "coordinates": [ [ [ -74.07, 40.76 ], [ -74.065, 40.76 ], [ -74.065, 40.765 ], [ -74.07, 40.765 ], [ -74.07, 40.76 ] ] ] } },
{ "type": "Feature", "properties": { "center_lat": 40.7625, "center_lon": -74.0625, "predicted_risk": 0.32545226254518422, "cell_id": "cell_32_7" }, "geometry": { "type": "Polygon", "coordinates": [ [ [ -74.065, 40.76 ], [ -74.06, 40.76 ], [ -74.06, 40.765 ], [ -74.065, 40.765 ], [ -74.065, 40.76 ] ] ] } },
{ "type": "Feature", "properties": { "center_lat": 40.7625, "center_lon": -74.0575, "predicted_risk": 0.40017795079874469, "cell_id": "cell_32_8" }, "geometry": { "type": "Polygon", "coordinates": [ [ [ -74.06, 40.76 ], [ -74.055, 40.76 ], [ -74.055, 40.765 ], [ -74.06, 40.765 ], [ -74.06, 40.76 ] ] ] } },
{ "type": "Feature", "properties": { "center_lat": 40.7625, "center_lon": -74.0525, "predicted_risk": 0.60598641171896428, "cell_id": "cell_32_9" }, "geometry": { "type": "Polygon", "coordinates": [ [ [ -74.055, 40.76 ], [ -74.05, 40.76 ], [ -74.05, 40.765 ], [ -74.055, 40.765 ], [ -74.055, 40.76 ] ] ] } },
{ "type": "Feature", "properties": { "center_lat": 40.7625, "center_lon": -74.0475, "predicted_risk": 0.63345386598418274, "cell_id": "cell_32_10" }, "geometry": { "type": "Polygon", "coordinates": [ [ [ -74.05, 40.76 ], [ -74.045, 40.76 ], [ -74.045, 40.765 ], [ -74.05, 40.765 ], [ -74.05, 40.76 ] ] ] } },
{ "type": "Feature", "properties": { "center_lat": 40.7625, "center_lon": -74.0425, "predicted_risk": 0.15231199327391587, "cell_id": "cell_32_11" }, "geometry": { "type": "Polygon", "coordinates": [ [ [ -74.045, 40.76 ], [ -74.04, 40.76 ], [ -74.04, 40.765 ], [ -74.045, 40.765 ], [ -74.045, 40.76 ] ] ] } },
{ "type": "Feature", "properties": { "center_lat": 40.7625, "center_lon": -74.0375, "predicted_risk": 0.40447138488195661, "cell_id": "cell_32_12" }, "geometry": { "type": "Polygon", "coordinates": [ [ [ -74.04, 40.76 ], [ -74.035, 40.76 ], [ -74.035, 40.765 ], [ -74.04, 40.765 ], [ -74.04, 40.76 ] ] ] } },
{ "type": "Feature", "properties": { "center_lat": 40.7625, "center_lon": -74.0325, "predicted_risk": 0.33054177727655409, "cell_id": "cell_32_13" }, "geometry": { "type": "Polygon", "coordinates": [ [ [ -74.035, 40.76 ], [ -74.03, 40.76 ], [ -74.03, 40.765 ], [ -74.035, 40.765 ], [ -74.035, 40.76 ] ] ] } },
{ "type": "Feature", "properties": { "center_lat": 40.7625, "center_lon": -74.0275, "predicted_risk": 0.084415901110915237, "cell_id": "cell_32_14" }, "geometry": { "type": "Polygon", "coordinates": [ [ [ -74.03, 40.76 ], [ -74.025, 40.76 ], [ -74.025, 40.765 ], [ -74.03, 40.765 ], [ -74.03, 40.76 ] ] ] } },
{ "type": "Feature", "properties": { "center_lat": 40.7625, "center_lon": -74.0225, "predicted_risk": 0.063837816025590174, "cell_id": "cell_32_15" }, "geometry": { "type": "Polygon", "coordinates": [ [ [ -74.025, 40.76 ], [ -74.02, 40.76 ], [ -74.02, 40.765 ], [ -74.025, 40.765 ], [ -74.025, 40.76 ] ] ] } },
{ "type": "Feature", "properties": { "center_lat": 40.7625, "center_lon": -74.0175, "predicted_risk": 0.16045371025287905, "cell_id": "cell_32_16" }, "geometry": { "type": "Polygon", "coordinates": [ [ [ -74.02, 40.76 ], [ -74.015, 40.76 ], [ -74.015, 40.765 ], [ -74.02, 40.765 ], [ -74.02, 40.76 ] ] ] } },
{ "type": "Feature", "properties": { "center_lat": 40.7625, "center_lon": -74.0125, "predicted_risk": 0.055890998975491879, "cell_id": "cell_32_17" }, "geometry": { "type": "Polygon", "coordinates": [ [ [ -74.015, 40.76 ], [ -74.01, 40.76 ], [ -74.01, 40.765 ], [ -74.015, 40.765 ], [ -74.015, 40.76 ] ] ] } },
{ "type": "Feature", "properties": { "center_lat": 40.7625, "center_lon": -74.0075, "predicted_risk": 0.14093584995894634, "cell_id": "cell_32_18" }, "geometry": { "type": "Polygon", "coordinates": [ [ [ -74.01, 40.76 ], [ -74.005, 40.76 ], [ -74.005, 40.765 ], [ -74.01, 40.765 ], [ -74.01, 40.76 ] ] ] } },
{ "type": "Feature", "properties": { "center_lat": 40.7625, "center_lon": -74.0025, "predicted_risk": 0.28093922466734045, "cell_id": "cell_32_19" }, "geometry": { "type": "Polygon", "coordinates": [ [ [ -74.005, 40.76 ], [ -74.0, 40.76 ], [ -74.0, 40.765 ], [ -74.005, 40.765 ], [ -74.005, 40.76 ] ] ] } },
{ "type": "Feature", "properties": { "center_lat": 40.7625, "center_lon": -73.9975, "predicted_risk": 0.23950309525721394, "cell_id": "cell_32_20" }, "geometry": { "type": "Polygon", "coordinates": [ [ [ -74.0, 40.76 ], [ -73.995, 40.76 ], [ -73.995, 40.765 ], [ -74.0, 40.765 ], [ -74.0, 40.76 ] ] ] } },
{ "type": "Feature", "properties": { "center_lat": 40.7625, "center_lon": -73.9925, "predicted_risk": 0.28478378924570602, "cell_id": "cell_32_21" }, "geometry": { "type": "Polygon", "coordinates": [ [ [ -73.995, 40.76 ], [ -73.99, 40.76 ], [ -73.99, 40.765 ], [ -73.995, 40.765 ], [ -73.995, 40.76 ] ] ] } },
{ "type": "Feature", "properties": { "center_lat": 40.7625, "center_lon": -73.9875, "predicted_risk": 0.31204860530245365, "cell_id": "cell_32_22" }, "geometry": { "type": "Polygon", "coordinates": [ [ [ -73.99, 40.76 ], [ -73.985, 40.76 ], [ -73.985, 40.765 ], [ -73.99, 40.765 ], [ -73.99, 40.76 ] ] ] } },
{ "type": "Feature", "properties": { "center_lat": 40.7625, "center_lon": -73.9825, "predicted_risk": 0.31462216556315942, "cell_id": "cell_32_23" }, "geometry": { "type": "Polygon", "coordinates": [ [ [ -73.985, 40.76 ], [ -73.980000000000103, 40.76 ], [ -73.980000000000103, 40.765 ], [ -73.985, 40.765 ], [ -73.985, 40.76 ] ] ] } },
{ "type": "Feature", "properties": { "center_lat": 40.7625, "center_lon": -73.9775, "predicted_risk": 1.0945288976997885, "cell_id": "cell_32_24" }, "geometry": { "type": "Polygon", "coordinates": [ [ [ -73.980000000000103, 40.76 ], [ -73.975000000000108, 40.76 ], [ -73.975000000000108, 40.765 ], [ -73.980000000000103, 40.765 ], [ -73.980000000000103, 40.76 ] ] ] } },
{ "type": "Feature", "properties": { "center_lat": 40.7625, "center_lon": -73.9725, "predicted_risk": 0.93515504931658244, "cell_id": "cell_32_25" }, "geometry": { "type": "Polygon", "coordinates": [ [ [ -73.975000000000108, 40.76 ], [ -73.970000000000113, 40.76 ], [ -73.970000000000113, 40.765 ], [ -73.975000000000108, 40.765 ], [ -73.975000000000108, 40.76 ] ] ] } },
{ "type": "Feature", "properties": { "center_lat": 40.7625, "center_lon": -73.9675, "predicted_risk": 0.49382123476943113, "cell_id": "cell_32_26" }, "geometry": { "type": "Polygon", "coordinates": [ [ [ -73.970000000000113, 40.76 ], [ -73.965000000000117, 40.76 ], [ -73.965000000000117, 40.765 ], [ -73.970000000000113, 40.765 ], [ -73.970000000000113, 40.76 ] ] ] } },
{ "type": "Feature", "properties": { "center_lat": 40.7625, "center_lon": -73.9625, "predicted_risk": 0.55886088562320513, "cell_id": "cell_32_27" }, "geometry": { "type": "Polygon", "coordinates": [ [ [ -73.965000000000117, 40.76 ], [ -73.960000000000122, 40.76 ], [ -73.960000000000122, 40.765 ], [ -73.965000000000117, 40.765 ], [ -73.965000000000117, 40.76 ] ] ] } },
{ "type": "Feature", "properties": { "center_lat": 40.7625, "center_lon": -73.9575, "predicted_risk": 0.11575213474739375, "cell_id": "cell_32_28" }, "geometry": { "type": "Polygon", "coordinates": [ [ [ -73.960000000000122, 40.76 ], [ -73.955000000000126, 40.76 ], [ -73.955000000000126, 40.765 ], [ -73.960000000000122, 40.765 ], [ -73.960000000000122, 40.76 ] ] ] } },
{ "type": "Feature", "properties": { "center_lat": 40.7625, "center_lon": -73.9525, "predicted_risk": 0.15876549940455373, "cell_id": "cell_32_29" }, "geometry": { "type": "Polygon", "coordinates": [ [ [ -73.955000000000126, 40.76 ], [ -73.950000000000131, 40.76 ], [ -73.950000000000131, 40.765 ], [ -73.955000000000126, 40.765 ], [ -73.955000000000126, 40.76 ] ] ] } },
{ "type": "Feature", "properties": { "center_lat": 40.7625, "center_lon": -73.9475, "predicted_risk": 0.12173010271973218, "cell_id": "cell_32_30" }, "geometry": { "type": "Polygon", "coordinates": [ [ [ -73.950000000000131, 40.76 ], [ -73.945000000000135, 40.76 ], [ -73.945000000000135, 40.765 ], [ -73.950000000000131, 40.765 ], [ -73.950000000000131, 40.76 ] ] ] } },
{ "type": "Feature", "properties": { "center_lat": 40.7625, "center_lon": -73.9425, "predicted_risk": 0.31904378079146273, "cell_id": "cell_32_31" }, "geometry": { "type": "Polygon", "coordinates": [ [ [ -73.945000000000135, 40.76 ], [ -73.94000000000014, 40.76 ], [ -73.94000000000014, 40.765 ], [ -73.945000000000135, 40.765 ], [ -73.945000000000135, 40.76 ] ] ] } },
{ "type": "Feature", "properties": { "center_lat": 40.7625, "center_lon": -73.9375, "predicted_risk": 0.10498314081992036, "cell_id": "cell_32_32" }, "geometry": { "type": "Polygon", "coordinates": [ [ [ -73.94000000000014, 40.76 ], [ -73.935000000000144, 40.76 ], [ -73.935000000000144, 40.765 ], [ -73.94000000000014, 40.765 ], [ -73.94000000000014, 40.76 ] ] ] } },
{ "type": "Feature", "properties": { "center_lat": 40.7625, "center_lon": -73.9325, "predicted_risk": 0.5214254603320656, "cell_id": "cell_32_33" }, "geometry": { "type": "Polygon", "coordinates": [ [ [ -73.935000000000144, 40.76 ], [ -73.930000000000149, 40.76 ], [ -73.930000000000149, 40.765 ], [ -73.935000000000144, 40.765 ], [ -73.935000000000144, 40.76 ] ] ] } },
{ "type": "Feature", "properties": { "center_lat": 40.7625, "center_lon": -73.9275, "predicted_risk": 0.29933673553069412, "cell_id": "cell_32_34" }, "geometry": { "type": "Polygon", "coordinates": [ [ [ -73.930000000000149, 40.76 ], [ -73.925000000000153, 40.76 ], [ -73.925000000000153, 40.765 ], [ -73.930000000000149, 40.765 ], [ -73.930000000000149, 40.76 ] ] ] } },
{ "type": "Feature", "properties": { "center_lat": 40.7625, "center_lon": -73.9225, "predicted_risk": 0.15819089708070677, "cell_id": "cell_32_35" }, "geometry": { "type": "Polygon", "coordinates": [ [ [ -73.925000000000153, 40.76 ], [ -73.920000000000158, 40.76 ], [ -73.920000000000158, 40.765 ], [ -73.925000000000153, 40.765 ], [ -73.925000000000153, 40.76 ] ] ] } },
{ "type": "Feature", "properties": { "center_lat": 40.7625, "center_lon": -73.9175, "predicted_risk": 0.30767468123814312, "cell_id": "cell_32_36" }, "geometry": { "type": "Polygon", "coordinates": [ [ [ -73.920000000000158, 40.76 ], [ -73.915000000000163, 40.76 ], [ -73.915000000000163, 40.765 ], [ -73.920000000000158, 40.765 ], [ -73.920000000000158, 40.76 ] ] ] } },
{ "type": "Feature", "properties": { "center_lat": 40.7625, "center_lon": -73.9125, "predicted_risk": 0.55069440335129549, "cell_id": "cell_32_37" }, "geometry": { "type": "Polygon", "coordinates": [ [ [ -73.915000000000163, 40.76 ], [ -73.910000000000167, 40.76 ], [ -73.910000000000167, 40.765 ], [ -73.915000000000163, 40.765 ], [ -73.915000000000163, 40.76 ] ] ] } },
{ "type": "Feature", "properties": { "center_lat": 40.7625, "center_lon": -73.9075, "predicted_risk": 0.11365712496558925, "cell_id": "cell_32_38" }, "geometry": { "type": "Polygon", "coordinates": [ [ [ -73.910000000000167, 40.76 ], [ -73.905000000000172, 40.76 ], [ -73.905000000000172, 40.765 ], [ -73.910000000000167, 40.765 ], [ -73.910000000000167, 40.76 ] ] ] } },
{ "type": "Feature", "properties": { "center_lat": 40.7675, "center_lon": -74.0975, "predicted_risk": 0.47678636094138388, "cell_id": "cell_33_0" }, "geometry": { "type": "Polygon", "coordinates": [ [ [ -74.1, 40.765 ], [ -74.095, 40.765 ], [ -74.095, 40.77 ], [ -74.1, 40.77 ], [ -74.1, 40.765 ] ] ] } },
{ "type": "Feature", "properties": { "center_lat": 40.7675, "center_lon": -74.0925, "predicted_risk": 0.38693704918105076, "cell_id": "cell_33_1" }, "geometry": { "type": "Polygon", "coordinates": [ [ [ -74.095, 40.765 ], [ -74.09, 40.765 ], [ -74.09, 40.77 ], [ -74.095, 40.77 ], [ -74.095, 40.765 ] ] ] } },
{ "type": "Feature", "properties": { "center_lat": 40.7675, "center_lon": -74.0875, "predicted_risk": 0.15288515229748575, "cell_id": "cell_33_2" }, "geometry": { "type": "Polygon", "coordinates": [ [ [ -74.09, 40.765 ], [ -74.085, 40.765 ], [ -74.085, 40.77 ], [ -74.09, 40.77 ], [ -74.09, 40.765 ] ] ] } },
{ "type": "Feature", "properties": { "center_lat": 40.7675, "center_lon": -74.0825, "predicted_risk": 0.25315857704670952, "cell_id": "cell_33_3" }, "geometry": { "type": "Polygon", "coordinates": [ [ [ -74.085, 40.765 ], [ -74.08, 40.765 ], [ -74.08, 40.77 ], [ -74.085, 40.77 ], [ -74.085, 40.765 ] ] ] } },
{ "type": "Feature", "properties": { "center_lat": 40.7675, "center_lon": -74.0775, "predicted_risk": 0.24198305233836626, "cell_id": "cell_33_4" }, "geometry": { "type": "Polygon", "coordinates": [ [ [ -74.08, 40.765 ], [ -74.075, 40.765 ], [ -74.075, 40.77 ], [ -74.08, 40.77 ], [ -74.08, 40.765 ] ] ] } },
{ "type": "Feature", "properties": { "center_lat": 40.7675, "center_lon": -74.0725, "predicted_risk": 0.13748994433927719, "cell_id": "cell_33_5" }, "geometry": { "type": "Polygon", "coordinates": [ [ [ -74.075, 40.765 ], [ -74.07, 40.765 ], [ -74.07, 40.77 ], [ -74.075, 40.77 ], [ -74.075, 40.765 ] ] ] } },
{ "type": "Feature", "properties": { "center_lat": 40.7675, "center_lon": -74.0675, "predicted_risk": 0.172035154863104, "cell_id": "cell_33_6" }, "geometry": { "type": "Polygon", "coordinates": [ [ [ -74.07, 40.765 ], [ -74.065, 40.765 ], [ -74.065, 40.77 ], [ -74.07, 40.77 ], [ -74.07, 40.765 ] ] ] } },
{ "type": "Feature", "properties": { "center_lat": 40.7675, "center_lon": -74.0625, "predicted_risk": 0.43233857079643495, "cell_id": "cell_33_7" }, "geometry": { "type": "Polygon", "coordinates": [ [ [ -74.065, 40.765 ], [ -74.06, 40.765 ], [ -74.06, 40.77 ], [ -74.065, 40.77 ], [ -74.065, 40.765 ] ] ] } },
{ "type": "Feature", "properties": { "center_lat": 40.7675, "center_lon": -74.0575, "predicted_risk": 0.2590867615578899, "cell_id": "cell_33_8" }, "geometry": { "type": "Polygon", "coordinates": [ [ [ -74.06, 40.765 ], [ -74.055, 40.765 ], [ -74.055, 40.77 ], [ -74.06, 40.77 ], [ -74.06, 40.765 ] ] ] } },
{ "type": "Feature", "properties": { "center_lat": 40.7675, "center_lon": -74.0525, "predicted_risk": 0.14513994418953902, "cell_id": "cell_33_9" }, "geometry": { "type": "Polygon", "coordinates": [ [ [ -74.055, 40.765 ], [ -74.05, 40.765 ], [ -74.05, 40.77 ], [ -74.055, 40.77 ], [ -74.055, 40.765 ] ] ] } },
{ "type": "Feature", "properties": { "center_lat": 40.7675, "center_lon": -74.0475, "predicted_risk": 0.15105575025877038, "cell_id": "cell_33_10" }, "geometry": { "type": "Polygon", "coordinates": [ [ [ -74.05, 40.765 ], [ -74.045, 40.765 ], [ -74.045, 40.77 ], [ -74.05, 40.77 ], [ -74.05, 40.765 ] ] ] } },
{ "type": "Feature", "properties": { "center_lat": 40.7675, "center_lon": -74.0425, "predicted_risk": 0.29168480667992552, "cell_id": "cell_33_11" }, "geometry": { "type": "Polygon", "coordinates": [ [ [ -74.045, 40.765 ], [ -74.04, 40.765 ], [ -74.04, 40.77 ], [ -74.045, 40.77 ], [ -74.045, 40.765 ] ] ] } },
{ "type": "Feature", "properties": { "center_lat": 40.7675, "center_lon": -74.0375, "predicted_risk": 0.2615526251613689, "cell_id": "cell_33_12" }, "geometry": { "type": "Polygon", "coordinates": [ [ [ -74.04, 40.765 ], [ -74.035, 40.765 ], [ -74.035, 40.77 ], [ -74.04, 40.77 ], [ -74.04, 40.765 ] ] ] } },
{ "type": "Feature", "properties": { "center_lat": 40.7675, "center_lon": -74.0325, "predicted_risk": 0.1095461824470378, "cell_id": "cell_33_13" }, "geometry": { "type": "Polygon", "coordinates": [ [ [ -74.035, 40.765 ], [ -74.03, 40.765 ], [ -74.03, 40.77 ], [ -74.035, 40.77 ], [ -74.035, 40.765 ] ] ] } },
{ "type": "Feature", "properties": { "center_lat": 40.7675, "center_lon": -74.0275, "predicted_risk": 0.26204966766740972, "cell_id": "cell_33_14" }, "geometry": { "type": "Polygon", "coordinates": [ [ [ -74.03, 40.765 ], [ -74.025, 40.765 ], [ -74.025, 40.77 ], [ -74.03, 40.77 ], [ -74.03, 40.765 ] ] ] } },
{ "type": "Feature", "properties": { "center_lat": 40.7675, "center_lon": -74.0225, "predicted_risk": 0.13924371922213022, "cell_id": "cell_33_15" }, "geometry": { "type": "Polygon", "coordinates": [ [ [ -74.025, 40.765 ], [ -74.02, 40.765 ], [ -74.02, 40.77 ], [ -74.025, 40.77 ], [ -74.025, 40.765 ] ] ] } },
{ "type": "Feature", "properties": { "center_lat": 40.7675, "center_lon": -74.0175, "predicted_risk": 0.18210760064517187, "cell_id": "cell_33_16" }, "geometry": { "type": "Polygon", "coordinates": [ [ [ -74.02, 40.765 ], [ -74.015, 40.765 ], [ -74.015, 40.77 ], [ -74.02, 40.77 ], [ -74.02, 40.765 ] ] ] } },
{ "type": "Feature", "properties": { "center_lat": 40.7675, "center_lon": -74.0125, "predicted_risk": 0.12555134625385758, "cell_id": "cell_33_17" }, "geometry": { "type": "Polygon", "coordinates": [ [ [ -74.015, 40.765 ], [ -74.01, 40.765 ], [ -74.01, 40.77 ], [ -74.015, 40.77 ], [ -74.015, 40.765 ] ] ] } },
{ "type": "Feature", "properties": { "center_lat": 40.7675, "center_lon": -74.0075, "predicted_risk": 0.2260011044237322, "cell_id": "cell_33_18" }, "geometry": { "type": "Polygon", "coordinates": [ [ [ -74.01, 40.765 ], [ -74.005, 40.765 ], [ -74.005, 40.77 ], [ -74.01, 40.77 ], [ -74.01, 40.765 ] ] ] } },
{ "type": "Feature", "properties": { "center_lat": 40.7675, "center_lon": -74.0025, "predicted_risk": 0.19060395055065346, "cell_id": "cell_33_19" }, "geometry": { "type": "Polygon", "coordinates": [ [ [ -74.005, 40.765 ], [ -74.0, 40.765 ], [ -74.0, 40.77 ], [ -74.005, 40.77 ], [ -74.005, 40.765 ] ] ] } },
{ "type": "Feature", "properties": { "center_lat": 40.7675, "center_lon": -73.9975, "predicted_risk": 0.11779156468480445, "cell_id": "cell_33_20" }, "geometry": { "type": "Polygon", "coordinates": [ [ [ -74.0, 40.765 ], [ -73.995, 40.765 ], [ -73.995, 40.77 ], [ -74.0, 40.77 ], [ -74.0, 40.765 ] ] ] } },
{ "type": "Feature", "properties": { "center_lat": 40.7675, "center_lon": -73.9925, "predicted_risk": 0.2745924677275986, "cell_id": "cell_33_21" }, "geometry": { "type": "Polygon", "coordinates": [ [ [ -73.995, 40.765 ], [ -73.99, 40.765 ], [ -73.99, 40.77 ], [ -73.995, 40.77 ], [ -73.995, 40.765 ] ] ] } },
{ "type": "Feature", "properties": { "center_lat": 40.7675, "center_lon": -73.9875, "predicted_risk": 0.59616223819248848, "cell_id": "cell_33_22" }, "geometry": { "type": "Polygon", "coordinates": [ [ [ -73.99, 40.765 ], [ -73.985, 40.765 ], [ -73.985, 40.77 ], [ -73.99, 40.77 ], [ -73.99, 40.765 ] ] ] } },
{ "type": "Feature", "properties": { "center_lat": 40.7675, "center_lon": -73.9825, "predicted_risk": 0.15014912121261495, "cell_id": "cell_33_23" }, "geometry": { "type": "Polygon", "coordinates": [ [ [ -73.985, 40.765 ], [ -73.980000000000103, 40.765 ], [ -73.980000000000103, 40.77 ], [ -73.985, 40.77 ], [ -73.985, 40.765 ] ] ] } },
{ "type": "Feature", "properties": { "center_lat": 40.7675, "center_lon": -73.9775, "predicted_risk": 0.56140201719746918, "cell_id": "cell_33_24" }, "geometry": { "type": "Polygon", "coordinates": [ [ [ -73.980000000000103, 40.765 ], [ -73.975000000000108, 40.765 ], [ -73.975000000000108, 40.77 ], [ -73.980000000000103, 40.77 ], [ -73.980000000000103, 40.765 ] ] ] } },
{ "type": "Feature", "properties": { "center_lat": 40.7675, "center_lon": -73.9725, "predicted_risk": 0.24408750393483825, "cell_id": "cell_33_25" }, "geometry": { "type": "Polygon", "coordinates": [ [ [ -73.975000000000108, 40.765 ], [ -73.970000000000113, 40.765 ], [ -73.970000000000113, 40.77 ], [ -73.975000000000108, 40.77 ], [ -73.975000000000108, 40.765 ] ] ] } },
{ "type": "Feature", "properties": { "center_lat": 40.7675, "center_lon": -73.9675, "predicted_risk": 0.19942199131597754, "cell_id": "cell_33_26" }, "geometry": { "type": "Polygon", "coordinates": [ [ [ -73.970000000000113, 40.765 ], [ -73.965000000000117, 40.765 ], [ -73.965000000000117, 40.77 ], [ -73.970000000000113, 40.77 ], [ -73.970000000000113, 40.765 ] ] ] } },
{ "type": "Feature", "properties": { "center_lat": 40.7675, "center_lon": -73.9625, "predicted_risk": 0.078820072997650856, "cell_id": "cell_33_27" }, "geometry": { "type": "Polygon", "coordinates": [ [ [ -73.965000000000117, 40.765 ], [ -73.960000000000122, 40.765 ], [ -73.960000000000122, 40.77 ], [ -73.965000000000117, 40.77 ], [ -73.965000000000117, 40.765 ] ] ] } },
{ "type": "Feature", "properties": { "center_lat": 40.7675, "center_lon": -73.9575, "predicted_risk": 0.19345743135033425, "cell_id": "cell_33_28" }, "geometry": { "type": "Polygon", "coordinates": [ [ [ -73.960000000000122, 40.765 ], [ -73.955000000000126, 40.765 ], [ -73.955000000000126, 40.77 ], [ -73.960000000000122, 40.77 ], [ -73.960000000000122, 40.765 ] ] ] } },
{ "type": "Feature", "properties": { "center_lat": 40.7675, "center_lon": -73.9525, "predicted_risk": 0.120435470823681, "cell_id": "cell_33_29" }, "geometry": { "type": "Polygon", "coordinates": [ [ [ -73.955000000000126, 40.765 ], [ -73.950000000000131, 40.765 ], [ -73.950000000000131, 40.77 ], [ -73.955000000000126, 40.77 ], [ -73.955000000000126, 40.765 ] ] ] } },
{ "type": "Feature", "properties": { "center_lat": 40.7675, "center_lon": -73.9475, "predicted_risk": 0.13412164301307827, "cell_id": "cell_33_30" }, "geometry": { "type": "Polygon", "coordinates": [ [ [ -73.950000000000131, 40.765 ], [ -73.945000000000135, 40.765 ], [ -73.945000000000135, 40.77 ], [ -73.950000000000131, 40.77 ], [ -73.950000000000131, 40.765 ] ] ] } },
{ "type": "Feature", "properties": { "center_lat": 40.7675, "center_lon": -73.9425, "predicted_risk": 0.25001892779183549, "cell_id": "cell_33_31" }, "geometry": { "type": "Polygon", "coordinates": [ [ [ -73.945000000000135, 40.765 ], [ -73.94000000000014, 40.765 ], [ -73.94000000000014, 40.77 ], [ -73.945000000000135, 40.77 ], [ -73.945000000000135, 40.765 ] ] ] } },
{ "type": "Feature", "properties": { "center_lat": 40.7675, "center_lon": -73.9375, "predicted_risk": 0.42027430214907269, "cell_id": "cell_33_32" }, "geometry": { "type": "Polygon", "coordinates": [ [ [ -73.94000000000014, 40.765 ], [ -73.935000000000144, 40.765 ], [ -73.935000000000144, 40.77 ], [ -73.94000000000014, 40.77 ], [ -73.94000000000014, 40.765 ] ] ] } },
{ "type": "Feature", "properties": { "center_lat": 40.7675, "center_lon": -73.9325, "predicted_risk": 0.25385523943969351, "cell_id": "cell_33_33" }, "geometry": { "type": "Polygon", "coordinates": [ [ [ -73.935000000000144, 40.765 ], [ -73.930000000000149, 40.765 ], [ -73.930000000000149, 40.77 ], [ -73.935000000000144, 40.77 ], [ -73.935000000000144, 40.765 ] ] ] } },
{ "type": "Feature", "properties": { "center_lat": 40.7675, "center_lon": -73.9275, "predicted_risk": 0.43069475630472764, "cell_id": "cell_33_34" }, "geometry": { "type": "Polygon", "coordinates": [ [ [ -73.930000000000149, 40.765 ], [ -73.925000000000153, 40.765 ], [ -73.925000000000153, 40.77 ], [ -73.930000000000149, 40.77 ], [ -73.930000000000149, 40.765 ] ] ] } },
{ "type": "Feature", "properties": { "center_lat": 40.7675, "center_lon": -73.9225, "predicted_risk": 0.15090708162937819, "cell_id": "cell_33_35" }, "geometry": { "type": "Polygon", "coordinates": [ [ [ -73.925000000000153, 40.765 ], [ -73.920000000000158, 40.765 ], [ -73.920000000000158, 40.77 ], [ -73.925000000000153, 40.77 ], [ -73.925000000000153, 40.765 ] ] ] } },
{ "type": "Feature", "properties": { "center_lat": 40.7675, "center_lon": -73.9175, "predicted_risk": 0.58862596307178439, "cell_id": "cell_33_36" }, "geometry": { "type": "Polygon", "coordinates": [ [ [ -73.920000000000158, 40.765 ], [ -73.915000000000163, 40.765 ], [ -73.915000000000163, 40.77 ], [ -73.920000000000158, 40.77 ], [ -73.920000000000158, 40.765 ] ] ] } },
{ "type": "Feature", "properties": { "center_lat": 40.7675, "center_lon": -73.9125, "predicted_risk": 0.39969426489972221, "cell_id": "cell_33_37" }, "geometry": { "type": "Polygon", "coordinates": [ [ [ -73.915000000000163, 40.765 ], [ -73.910000000000167, 40.765 ], [ -73.910000000000167, 40.77 ], [ -73.915000000000163, 40.77 ], [ -73.915000000000163, 40.765 ] ] ] } },
{ "type": "Feature", "properties": { "center_lat": 40.7675, "center_lon": -73.9075, "predicted_risk": 0.33762365040971914, "cell_id": "cell_33_38" }, "geometry": { "type": "Polygon", "coordinates": [ [ [ -73.910000000000167, 40.765 ], [ -73.905000000000172, 40.765 ], [ -73.905000000000172, 40.77 ], [ -73.910000000000167, 40.77 ], [ -73.910000000000167, 40.765 ] ] ] } },
{ "type": "Feature", "properties": { "center_lat": 40.7725, "center_lon": -74.0975, "predicted_risk": 0.45472723269881427, "cell_id": "cell_34_0" }, "geometry": { "type": "Polygon", "coordinates": [ [ [ -74.1, 40.77 ], [ -74.095, 40.77 ], [ -74.095, 40.775 ], [ -74.1, 40.775 ], [ -74.1, 40.77 ] ] ] } },
{ "type": "Feature", "properties": { "center_lat": 40.7725, "center_lon": -74.0925, "predicted_risk": 0.30099062642544211, "cell_id": "cell_34_1" }, "geometry": { "type": "Polygon", "coordinates": [ [ [ -74.095, 40.77 ], [ -74.09, 40.77 ], [ -74.09, 40.775 ], [ -74.095, 40.775 ], [ -74.095, 40.77 ] ] ] } },
{ "type": "Feature", "properties": { "center_lat": 40.7725, "center_lon": -74.0875, "predicted_risk": 0.088268838116353651, "cell_id": "cell_34_2" }, "geometry": { "type": "Polygon", "coordinates": [ [ [ -74.09, 40.77 ], [ -74.085, 40.77 ], [ -74.085, 40.775 ], [ -74.09, 40.775 ], [ -74.09, 40.77 ] ] ] } },
{ "type": "Feature", "properties": { "center_lat": 40.7725, "center_lon": -74.0825, "predicted_risk": 0.32180296119488361, "cell_id": "cell_34_3" }, "geometry": { "type": "Polygon", "coordinates": [ [ [ -74.085, 40.77 ], [ -74.08, 40.77 ], [ -74.08, 40.775 ], [ -74.085, 40.775 ], [ -74.085, 40.77 ] ] ] } },
{ "type": "Feature", "properties": { "center_lat": 40.7725, "center_lon": -74.0775, "predicted_risk": 0.31516023346821453, "cell_id": "cell_34_4" }, "geometry": { "type": "Polygon", "coordinates": [ [ [ -74.08, 40.77 ], [ -74.075, 40.77 ], [ -74.075, 40.775 ], [ -74.08, 40.775 ], [ -74.08, 40.77 ] ] ] } },
{ "type": "Feature", "properties": { "center_lat": 40.7725, "center_lon": -74.0725, "predicted_risk": 0.2510801555295758, "cell_id": "cell_34_5" }, "geometry": { "type": "Polygon", "coordinates": [ [ [ -74.075, 40.77 ], [ -74.07, 40.77 ], [ -74.07, 40.775 ], [ -74.075, 40.775 ], [ -74.075, 40.77 ] ] ] } },
{ "type": "Feature", "properties": { "center_lat": 40.7725, "center_lon": -74.0675, "predicted_risk": 0.28188064594398904, "cell_id": "cell_34_6" }, "geometry": { "type": "Polygon", "coordinates": [ [ [ -74.07, 40.77 ], [ -74.065, 40.77 ], [ -74.065, 40.775 ], [ -74.07, 40.775 ], [ -74.07, 40.77 ] ] ] } },
{ "type": "Feature", "properties": { "center_lat": 40.7725, "center_lon": -74.0625, "predicted_risk": 0.32123061208640524, "cell_id": "cell_34_7" }, "geometry": { "type": "Polygon", "coordinates": [ [ [ -74.065, 40.77 ], [ -74.06, 40.77 ], [ -74.06, 40.775 ], [ -74.065, 40.775 ], [ -74.065, 40.77 ] ] ] } },
{ "type": "Feature", "properties": { "center_lat": 40.7725, "center_lon": -74.0575, "predicted_risk": 0.11983193662233609, "cell_id": "cell_34_8" }, "geometry": { "type": "Polygon", "coordinates": [ [ [ -74.06, 40.77 ], [ -74.055, 40.77 ], [ -74.055, 40.775 ], [ -74.06, 40.775 ], [ -74.06, 40.77 ] ] ] } },
{ "type": "Feature", "properties": { "center_lat": 40.7725, "center_lon": -74.0525, "predicted_risk": 0.51641011243175339, "cell_id": "cell_34_9" }, "geometry": { "type": "Polygon", "coordinates": [ [ [ -74.055, 40.77 ], [ -74.05, 40.77 ], [ -74.05, 40.775 ], [ -74.055, 40.775 ], [ -74.055, 40.77 ] ] ] } },
{ "type": "Feature", "properties": { "center_lat": 40.7725, "center_lon": -74.0475, "predicted_risk": 0.13261888103339359, "cell_id": "cell_34_10" }, "geometry": { "type": "Polygon", "coordinates": [ [ [ -74.05, 40.77 ], [ -74.045, 40.77 ], [ -74.045, 40.775 ], [ -74.05, 40.775 ], [ -74.05, 40.77 ] ] ] } },
{ "type": "Feature", "properties": { "center_lat": 40.7725, "center_lon": -74.0425, "predicted_risk": 0.3885602086964019, "cell_id": "cell_34_11" }, "geometry": { "type": "Polygon", "coordinates": [ [ [ -74.045, 40.77 ], [ -74.04, 40.77 ], [ -74.04, 40.775 ], [ -74.045, 40.775 ], [ -74.045, 40.77 ] ] ] } },
{ "type": "Feature", "properties": { "center_lat": 40.7725, "center_lon": -74.0375, "predicted_risk": 0.48225916330537716, "cell_id": "cell_34_12" }, "geometry": { "type": "Polygon", "coordinates": [ [ [ -74.04, 40.77 ], [ -74.035, 40.77 ], [ -74.035, 40.775 ], [ -74.04, 40.775 ], [ -74.04, 40.77 ] ] ] } },
{ "type": "Feature", "properties": { "center_lat": 40.7725, "center_lon": -74.0325, "predicted_risk": 0.21589121875518966, "cell_id": "cell_34_13" }, "geometry": { "type": "Polygon", "coordinates": [ [ [ -74.035, 40.77 ], [ -74.03, 40.77 ], [ -74.03, 40.775 ], [ -74.035, 40.775 ], [ -74.035, 40.77 ] ] ] } },
{ "type": "Feature", "properties": { "center_lat": 40.7725, "center_lon": -74.0275, "predicted_risk": 0.28425642284173719, "cell_id": "cell_34_14" }, "geometry": { "type": "Polygon", "coordinates": [ [ [ -74.03, 40.77 ], [ -74.025, 40.77 ], [ -74.025, 40.775 ], [ -74.03, 40.775 ], [ -74.03, 40.77 ] ] ] } },
{ "type": "Feature", "properties": { "center_lat": 40.7725, "center_lon": -74.0225, "predicted_risk": 0.084214606745297155, "cell_id": "cell_34_15" }, "geometry": { "type": "Polygon", "coordinates": [ [ [ -74.025, 40.77 ], [ -74.02, 40.77 ], [ -74.02, 40.775 ], [ -74.025, 40.775 ], [ -74.025, 40.77 ] ] ] } },
{ "type": "Feature", "properties": { "center_lat": 40.7725, "center_lon": -74.0175, "predicted_risk": 0.078912962653767696, "cell_id": "cell_34_16" }, "geometry": { "type": "Polygon", "coordinates": [ [ [ -74.02, 40.77 ], [ -74.015, 40.77 ], [ -74.015, 40.775 ], [ -74.02, 40.775 ], [ -74.02, 40.77 ] ] ] } },
{ "type": "Feature", "properties": { "center_lat": 40.7725, "center_lon": -74.0125, "predicted_risk": 0.24043570814263987, "cell_id": "cell_34_17" }, "geometry": { "type": "Polygon", "coordinates": [ [ [ -74.015, 40.77 ], [ -74.01, 40.77 ], [ -74.01, 40.775 ], [ -74.015, 40.775 ], [ -74.015, 40.77 ] ] ] } },
{ "type": "Feature", "properties": { "center_lat": 40.7725, "center_lon": -74.0075, "predicted_risk": 0.35043889369118597, "cell_id": "cell_34_18" }, "geometry": { "type": "Polygon", "coordinates": [ [ [ -74.01, 40.77 ], [ -74.005, 40.77 ], [ -74.005, 40.775 ], [ -74.01, 40.775 ], [ -74.01, 40.77 ] ] ] } },
{ "type": "Feature", "properties": { "center_lat": 40.7725, "center_lon": -74.0025, "predicted_risk": 0.19895771587396877, "cell_id": "cell_34_19" }, "geometry": { "type": "Polygon", "coordinates": [ [ [ -74.005, 40.77 ], [ -74.0, 40.77 ], [ -74.0, 40.775 ], [ -74.005, 40.775 ], [ -74.005, 40.77 ] ] ] } },
{ "type": "Feature", "properties": { "center_lat": 40.7725, "center_lon": -73.9975, "predicted_risk": 0.1128466615104675, "cell_id": "cell_34_20" }, "geometry": { "type": "Polygon", "coordinates": [ [ [ -74.0, 40.77 ], [ -73.995, 40.77 ], [ -73.995, 40.775 ], [ -74.0, 40.775 ], [ -74.0, 40.77 ] ] ] } },
{ "type": "Feature", "properties": { "center_lat": 40.7725, "center_lon": -73.9925, "predicted_risk": 0.37332068883016922, "cell_id": "cell_34_21" }, "geometry": { "type": "Polygon", "coordinates": [ [ [ -73.995, 40.77 ], [ -73.99, 40.77 ], [ -73.99, 40.775 ], [ -73.995, 40.775 ], [ -73.995, 40.77 ] ] ] } },
{ "type": "Feature", "properties": { "center_lat": 40.7725, "center_lon": -73.9875, "predicted_risk": 0.26284210485023518, "cell_id": "cell_34_22" }, "geometry": { "type": "Polygon", "coordinates": [ [ [ -73.99, 40.77 ], [ -73.985, 40.77 ], [ -73.985, 40.775 ], [ -73.99, 40.775 ], [ -73.99, 40.77 ] ] ] } },
{ "type": "Feature", "properties": { "center_lat": 40.7725, "center_lon": -73.9825, "predicted_risk": 0.52831992426336738, "cell_id": "cell_34_23" }, "geometry": { "type": "Polygon", "coordinates": [ [ [ -73.985, 40.77 ], [ -73.980000000000103, 40.77 ], [ -73.980000000000103, 40.775 ], [ -73.985, 40.775 ], [ -73.985, 40.77 ] ] ] } },
{ "type": "Feature", "properties": { "center_lat": 40.7725, "center_lon": -73.9775, "predicted_risk": 0.2525113736400767, "cell_id": "cell_34_24" }, "geometry": { "type": "Polygon", "coordinates": [ [ [ -73.980000000000103, 40.77 ], [ -73.975000000000108, 40.77 ], [ -73.975000000000108, 40.775 ], [ -73.980000000000103, 40.775 ], [ -73.980000000000103, 40.77 ] ] ] } },
{ "type": "Feature", "properties": { "center_lat": 40.7725, "center_lon": -73.9725, "predicted_risk": 0.34612248014526653, "cell_id": "cell_34_25" }, "geometry": { "type": "Polygon", "coordinates": [ [ [ -73.975000000000108, 40.77 ], [ -73.970000000000113, 40.77 ], [ -73.970000000000113, 40.775 ], [ -73.975000000000108, 40.775 ], [ -73.975000000000108, 40.77 ] ] ] } },
{ "type": "Feature", "properties": { "center_lat": 40.7725, "center_lon": -73.9675, "predicted_risk": 0.408398312044911, "cell_id": "cell_34_26" }, "geometry": { "type": "Polygon", "coordinates": [ [ [ -73.970000000000113, 40.77 ], [ -73.965000000000117, 40.77 ], [ -73.965000000000117, 40.775 ], [ -73.970000000000113, 40.775 ], [ -73.970000000000113, 40.77 ] ] ] } },
{ "type": "Feature", "properties": { "center_lat": 40.7725, "center_lon": -73.9625, "predicted_risk": 0.089682021358346645, "cell_id": "cell_34_27" }, "geometry": { "type": "Polygon", "coordinates": [ [ [ -73.965000000000117, 40.77 ], [ -73.960000000000122, 40.77 ], [ -73.960000000000122, 40.775 ], [ -73.965000000000117, 40.775 ], [ -73.965000000000117, 40.77 ] ] ] } },
{ "type": "Feature", "properties": { "center_lat": 40.7725, "center_lon": -73.9575, "predicted_risk": 0.16232348207173192, "cell_id": "cell_34_28" }, "geometry": { "type": "Polygon", "coordinates": [ [ [ -73.960000000000122, 40.77 ], [ -73.955000000000126, 40.77 ], [ -73.955000000000126, 40.775 ], [ -73.960000000000122, 40.775 ], [ -73.960000000000122, 40.77 ] ] ] } },
{ "type": "Feature", "properties": { "center_lat": 40.7725, "center_lon": -73.9525, "predicted_risk": 0.078624798821863254, "cell_id": "cell_34_29" }, "geometry": { "type": "Polygon", "coordinates": [ [ [ -73.955000000000126, 40.77 ], [ -73.950000000000131, 40.77 ], [ -73.950000000000131, 40.775 ], [ -73.955000000000126, 40.775 ], [ -73.955000000000126, 40.77 ] ] ] } },
{ "type": "Feature", "properties": { "center_lat": 40.7725, "center_lon": -73.9475, "predicted_risk": 0.16538465329857222, "cell_id": "cell_34_30" }, "geometry": { "type": "Polygon", "coordinates": [ [ [ -73.950000000000131, 40.77 ], [ -73.945000000000135, 40.77 ], [ -73.945000000000135, 40.775 ], [ -73.950000000000131, 40.775 ], [ -73.950000000000131, 40.77 ] ] ] } },
{ "type": "Feature", "properties": { "center_lat": 40.7725, "center_lon": -73.9425, "predicted_risk": 0.2771053555380108, "cell_id": "cell_34_31" }, "geometry": { "type": "Polygon", "coordinates": [ [ [ -73.945000000000135, 40.77 ], [ -73.94000000000014, 40.77 ], [ -73.94000000000014, 40.775 ], [ -73.945000000000135, 40.775 ], [ -73.945000000000135, 40.77 ] ] ] } },
{ "type": "Feature", "properties": { "center_lat": 40.7725, "center_lon": -73.9375, "predicted_risk": 0.21056824299433863, "cell_id": "cell_34_32" }, "geometry": { "type": "Polygon", "coordinates": [ [ [ -73.94000000000014, 40.77 ], [ -73.935000000000144, 40.77 ], [ -73.935000000000144, 40.775 ], [ -73.94000000000014, 40.775 ], [ -73.94000000000014, 40.77 ] ] ] } },
{ "type": "Feature", "properties": { "center_lat": 40.7725, "center_lon": -73.9325, "predicted_risk": 0.354831387667492, "cell_id": "cell_34_33" }, "geometry": { "type": "Polygon", "coordinates": [ [ [ -73.935000000000144, 40.77 ], [ -73.930000000000149, 40.77 ], [ -73.930000000000149, 40.775 ], [ -73.935000000000144, 40.775 ], [ -73.935000000000144, 40.77 ] ] ] } },
{ "type": "Feature", "properties": { "center_lat": 40.7725, "center_lon": -73.9275, "predicted_risk": 0.12816633358380622, "cell_id": "cell_34_34" }, "geometry": { "type": "Polygon", "coordinates": [ [ [ -73.930000000000149, 40.77 ], [ -73.925000000000153, 40.77 ], [ -73.925000000000153, 40.775 ], [ -73.930000000000149, 40.775 ], [ -73.930000000000149, 40.77 ] ] ] } },
{ "type": "Feature", "properties": { "center_lat": 40.7725, "center_lon": -73.9225, "predicted_risk": 0.53012204982169275, "cell_id": "cell_34_35" }, "geometry": { "type": "Polygon", "coordinates": [ [ [ -73.925000000000153, 40.77 ], [ -73.920000000000158, 40.77 ], [ -73.920000000000158, 40.775 ], [ -73.925000000000153, 40.775 ], [ -73.925000000000153, 40.77 ] ] ] } },
{ "type": "Feature", "properties": { "center_lat": 40.7725, "center_lon": -73.9175, "predicted_risk": 0.5212046505740221, "cell_id": "cell_34_36" }, "geometry": { "type": "Polygon", "coordinates": [ [ [ -73.920000000000158, 40.77 ], [ -73.915000000000163, 40.77 ], [ -73.915000000000163, 40.775 ], [ -73.920000000000158, 40.775 ], [ -73.920000000000158, 40.77 ] ] ] } },
{ "type": "Feature", "properties": { "center_lat": 40.7725, "center_lon": -73.9125, "predicted_risk": 0.48809642693318206, "cell_id": "cell_34_37" }, "geometry": { "type": "Polygon", "coordinates": [ [ [ -73.915000000000163, 40.77 ], [ -73.910000000000167, 40.77 ], [ -73.910000000000167, 40.775 ], [ -73.915000000000163, 40.775 ], [ -73.915000000000163, 40.77 ] ] ] } },
{ "type": "Feature", "properties": { "center_lat": 40.7725, "center_lon": -73.9075, "predicted_risk": 0.21945171336810315, "cell_id": "cell_34_38" }, "geometry": { "type": "Polygon", "coordinates": [ [ [ -73.910000000000167, 40.77 ], [ -73.905000000000172, 40.77 ], [ -73.905000000000172, 40.775 ], [ -73.910000000000167, 40.775 ], [ -73.910000000000167, 40.77 ] ] ] } },
{ "type": "Feature", "properties": { "center_lat": 40.7775, "center_lon": -74.0975, "predicted_risk": 0.10618831760998716, "cell_id": "cell_35_0" }, "geometry": { "type": "Polygon", "coordinates": [ [ [ -74.1, 40.775 ], [ -74.095, 40.775 ], [ -74.095, 40.78 ], [ -74.1, 40.78 ], [ -74.1, 40.775 ] ] ] } },
{ "type": "Feature", "properties": { "center_lat": 40.7775, "center_lon": -74.0925, "predicted_risk": 0.10521638399577091, "cell_id": "cell_35_1" }, "geometry": { "type": "Polygon", "coordinates": [ [ [ -74.095, 40.775 ], [ -74.09, 40.775 ], [ -74.09, 40.78 ], [ -74.095, 40.78 ], [ -74.095, 40.775 ] ] ] } },
{ "type": "Feature", "properties": { "center_lat": 40.7775, "center_lon": -74.0875, "predicted_risk": 0.31301511887540151, "cell_id": "cell_35_2" }, "geometry": { "type": "Polygon", "coordinates": [ [ [ -74.09, 40.775 ], [ -74.085, 40.775 ], [ -74.085, 40.78 ], [ -74.09, 40.78 ], [ -74.09, 40.775 ] ] ] } },
{ "type": "Feature", "properties": { "center_lat": 40.7775, "center_lon": -74.0825, "predicted_risk": 0.20753850444342048, "cell_id": "cell_35_3" }, "geometry": { "type": "Polygon", "coordinates": [ [ [ -74.085, 40.775 ], [ -74.08, 40.775 ], [ -74.08, 40.78 ], [ -74.085, 40.78 ], [ -74.085, 40.775 ] ] ] } },
{ "type": "Feature", "properties": { "center_lat": 40.7775, "center_lon": -74.0775, "predicted_risk": 0.2072967247812787, "cell_id": "cell_35_4" }, "geometry": { "type": "Polygon", "coordinates": [ [ [ -74.08, 40.775 ], [ -74.075, 40.775 ], [ -74.075, 40.78 ], [ -74.08, 40.78 ], [ -74.08, 40.775 ] ] ] } },
{ "type": "Feature", "properties": { "center_lat": 40.7775, "center_lon": -74.0725, "predicted_risk": 0.10400530151208044, "cell_id": "cell_35_5" }, "geometry": { "type": "Polygon", "coordinates": [ [ [ -74.075, 40.775 ], [ -74.07, 40.775 ], [ -74.07, 40.78 ], [ -74.075, 40.78 ], [ -74.075, 40.775 ] ] ] } },
{ "type": "Feature", "properties": { "center_lat": 40.7775, "center_lon": -74.0675, "predicted_risk": 0.10475267844041676, "cell_id": "cell_35_6" }, "geometry": { "type": "Polygon", "coordinates": [ [ [ -74.07, 40.775 ], [ -74.065, 40.775 ], [ -74.065, 40.78 ], [ -74.07, 40.78 ], [ -74.07, 40.775 ] ] ] } },
{ "type": "Feature", "properties": { "center_lat": 40.7775, "center_lon": -74.0625, "predicted_risk": 0.42283003695165039, "cell_id": "cell_35_7" }, "geometry": { "type": "Polygon", "coordinates": [ [ [ -74.065, 40.775 ], [ -74.06, 40.775 ], [ -74.06, 40.78 ], [ -74.065, 40.78 ], [ -74.065, 40.775 ] ] ] } },
{ "type": "Feature", "properties": { "center_lat": 40.7775, "center_lon": -74.0575, "predicted_risk": 0.10663601802445015, "cell_id": "cell_35_8" }, "geometry": { "type": "Polygon", "coordinates": [ [ [ -74.06, 40.775 ], [ -74.055, 40.775 ], [ -74.055, 40.78 ], [ -74.06, 40.78 ], [ -74.06, 40.775 ] ] ] } },
{ "type": "Feature", "properties": { "center_lat": 40.7775, "center_lon": -74.0525, "predicted_risk": 0.10731087346621232, "cell_id": "cell_35_9" }, "geometry": { "type": "Polygon", "coordinates": [ [ [ -74.055, 40.775 ], [ -74.05, 40.775 ], [ -74.05, 40.78 ], [ -74.055, 40.78 ], [ -74.055, 40.775 ] ] ] } },
{ "type": "Feature", "properties": { "center_lat": 40.7775, "center_lon": -74.0475, "predicted_risk": 0.10756684741464757, "cell_id": "cell_35_10" }, "geometry": { "type": "Polygon", "coordinates": [ [ [ -74.05, 40.775 ], [ -74.045, 40.775 ], [ -74.045, 40.78 ], [ -74.05, 40.78 ], [ -74.05, 40.775 ] ] ] } },
{ "type": "Feature", "properties": { "center_lat": 40.7775, "center_lon": -74.0425, "predicted_risk": 0.32202380555932897, "cell_id": "cell_35_11" }, "geometry": { "type": "Polygon", "coordinates": [ [ [ -74.045, 40.775 ], [ -74.04, 40.775 ], [ -74.04, 40.78 ], [ -74.045, 40.78 ], [ -74.045, 40.775 ] ] ] } },
{ "type": "Feature", "properties": { "center_lat": 40.7775, "center_lon": -74.0375, "predicted_risk": 0.10668936636240262, "cell_id": "cell_35_12" }, "geometry": { "type": "Polygon", "coordinates": [ [ [ -74.04, 40.775 ], [ -74.035, 40.775 ], [ -74.035, 40.78 ], [ -74.04, 40.78 ], [ -74.04, 40.775 ] ] ] } },
{ "type": "Feature", "properties": { "center_lat": 40.7775, "center_lon": -74.0325, "predicted_risk": 0.42308299730612736, "cell_id": "cell_35_13" }, "geometry": { "type": "Polygon", "coordinates": [ [ [ -74.035, 40.775 ], [ -74.03, 40.775 ], [ -74.03, 40.78 ], [ -74.035, 40.78 ], [ -74.035, 40.775 ] ] ] } },
{ "type": "Feature", "properties": { "center_lat": 40.7775, "center_lon": -74.0275, "predicted_risk": 0.2096206538008735, "cell_id": "cell_35_14" }, "geometry": { "type": "Polygon", "coordinates": [ [ [ -74.03, 40.775 ], [ -74.025, 40.775 ], [ -74.025, 40.78 ], [ -74.03, 40.78 ], [ -74.03, 40.775 ] ] ] } },
{ "type": "Feature", "properties": { "center_lat": 40.7775, "center_lon": -74.0225, "predicted_risk": 0.31212973196977539, "cell_id": "cell_35_15" }, "geometry": { "type": "Polygon", "coordinates": [ [ [ -74.025, 40.775 ], [ -74.02, 40.775 ], [ -74.02, 40.78 ], [ -74.025, 40.78 ], [ -74.025, 40.775 ] ] ] } },
{ "type": "Feature", "properties": { "center_lat": 40.7775, "center_lon": -74.0175, "predicted_risk": 0.31097192773333215, "cell_id": "cell_35_16" }, "geometry": { "type": "Polygon", "coordinates": [ [ [ -74.02, 40.775 ], [ -74.015, 40.775 ], [ -74.015, 40.78 ], [ -74.02, 40.78 ], [ -74.02, 40.775 ] ] ] } },
{ "type": "Feature", "properties": { "center_lat": 40.7775, "center_lon": -74.0125, "predicted_risk": 0.10374701294963071, "cell_id": "cell_35_17" }, "geometry": { "type": "Polygon", "coordinates": [ [ [ -74.015, 40.775 ], [ -74.01, 40.775 ], [ -74.01, 40.78 ], [ -74.015, 40.78 ], [ -74.015, 40.775 ] ] ] } },
{ "type": "Feature", "properties": { "center_lat": 40.7775, "center_lon": -74.0075, "predicted_risk": 0.31287117752978727, "cell_id": "cell_35_18" }, "geometry": { "type": "Polygon", "coordinates": [ [ [ -74.01, 40.775 ], [ -74.005, 40.775 ], [ -74.005, 40.78 ], [ -74.01, 40.78 ], [ -74.01, 40.775 ] ] ] } },
{ "type": "Feature", "properties": { "center_lat": 40.7775, "center_lon": -74.0025, "predicted_risk": 0.21030881931591078, "cell_id": "cell_35_19" }, "geometry": { "type": "Polygon", "coordinates": [ [ [ -74.005, 40.775 ], [ -74.0, 40.775 ], [ -74.0, 40.78 ], [ -74.005, 40.78 ], [ -74.005, 40.775 ] ] ] } },
{ "type": "Feature", "properties": { "center_lat": 40.7775, "center_lon": -73.9975, "predicted_risk": 0.10612752286221895, "cell_id": "cell_35_20" }, "geometry": { "type": "Polygon", "coordinates": [ [ [ -74.0, 40.775 ], [ -73.995, 40.775 ], [ -73.995, 40.78 ], [ -74.0, 40.78 ], [ -74.0, 40.775 ] ] ] } },
{ "type": "Feature", "properties": { "center_lat": 40.7775, "center_lon": -73.9925, "predicted_risk": 0.10697148007181005, "cell_id": "cell_35_21" }, "geometry": { "type": "Polygon", "coordinates": [ [ [ -73.995, 40.775 ], [ -73.99, 40.775 ], [ -73.99, 40.78 ], [ -73.995, 40.78 ], [ -73.995, 40.775 ] ] ] } },
{ "type": "Feature", "properties": { "center_lat": 40.7775, "center_lon": -73.9875, "predicted_risk": 0.21495930225556373, "cell_id": "cell_35_22" }, "geometry": { "type": "Polygon", "coordinates": [ [ [ -73.99, 40.775 ], [ -73.985, 40.775 ], [ -73.985, 40.78 ], [ -73.99, 40.78 ], [ -73.99, 40.775 ] ] ] } },
{ "type": "Feature", "properties": { "center_lat": 40.7775, "center_lon": -73.9825, "predicted_risk": 0.21505523606509816, "cell_id": "cell_35_23" }, "geometry": { "type": "Polygon", "coordinates": [ [ [ -73.985, 40.775 ], [ -73.980000000000103, 40.775 ], [ -73.980000000000103, 40.78 ], [ -73.985, 40.78 ], [ -73.985, 40.775 ] ] ] } },
{ "type": "Feature", "properties": { "center_lat": 40.7775, "center_lon": -73.9775, "predicted_risk": 0.4284145472596812, "cell_id": "cell_35_24" }, "geometry": { "type": "Polygon", "coordinates": [ [ [ -73.980000000000103, 40.775 ], [ -73.975000000000108, 40.775 ], [ -73.975000000000108, 40.78 ], [ -73.980000000000103, 40.78 ], [ -73.980000000000103, 40.775 ] ] ] } },
{ "type": "Feature", "properties": { "center_lat": 40.7775, "center_lon": -73.9725, "predicted_risk": 0.42524605145532579, "cell_id": "cell_35_25" }, "geometry": { "type": "Polygon", "coordinates": [ [ [ -73.975000000000108, 40.775 ], [ -73.970000000000113, 40.775 ], [ -73.970000000000113, 40.78 ], [ -73.975000000000108, 40.78 ], [ -73.975000000000108, 40.775 ] ] ] } },
{ "type": "Feature", "properties": { "center_lat": 40.7775, "center_lon": -73.9675, "predicted_risk": 0.42138074299519918, "cell_id": "cell_35_26" }, "geometry": { "type": "Polygon", "coordinates": [ [ [ -73.970000000000113, 40.775 ], [ -73.965000000000117, 40.775 ], [ -73.965000000000117, 40.78 ], [ -73.970000000000113, 40.78 ], [ -73.970000000000113, 40.775 ] ] ] } },
{ "type": "Feature", "properties": { "center_lat": 40.7775, "center_lon": -73.9625, "predicted_risk": 0.41776498419767183, "cell_id": "cell_35_27" }, "geometry": { "type": "Polygon", "coordinates": [ [ [ -73.965000000000117, 40.775 ], [ -73.960000000000122, 40.775 ], [ -73.960000000000122, 40.78 ], [ -73.965000000000117, 40.78 ], [ -73.965000000000117, 40.775 ] ] ] } },
{ "type": "Feature", "properties": { "center_lat": 40.7775, "center_lon": -73.9575, "predicted_risk": 0.41528403892038501, "cell_id": "cell_35_28" }, "geometry": { "type": "Polygon", "coordinates": [ [ [ -73.960000000000122, 40.775 ], [ -73.955000000000126, 40.775 ], [ -73.955000000000126, 40.78 ], [ -73.960000000000122, 40.78 ], [ -73.960000000000122, 40.775 ] ] ] } },
{ "type": "Feature", "properties": { "center_lat": 40.7775, "center_lon": -73.9525, "predicted_risk": 0.20727266454660043, "cell_id": "cell_35_29" }, "geometry": { "type": "Polygon", "coordinates": [ [ [ -73.955000000000126, 40.775 ], [ -73.950000000000131, 40.775 ], [ -73.950000000000131, 40.78 ], [ -73.955000000000126, 40.78 ], [ -73.955000000000126, 40.775 ] ] ] } },
{ "type": "Feature", "properties": { "center_lat": 40.7775, "center_lon": -73.9475, "predicted_risk": 0.10393242916130553, "cell_id": "cell_35_30" }, "geometry": { "type": "Polygon", "coordinates": [ [ [ -73.950000000000131, 40.775 ], [ -73.945000000000135, 40.775 ], [ -73.945000000000135, 40.78 ], [ -73.950000000000131, 40.78 ], [ -73.950000000000131, 40.775 ] ] ] } },
{ "type": "Feature", "properties": { "center_lat": 40.7775, "center_lon": -73.9425, "predicted_risk": 0.31391041664756864, "cell_id": "cell_35_31" }, "geometry": { "type": "Polygon", "coordinates": [ [ [ -73.945000000000135, 40.775 ], [ -73.94000000000014, 40.775 ], [ -73.94000000000014, 40.78 ], [ -73.945000000000135, 40.78 ], [ -73.945000000000135, 40.775 ] ] ] } },
{ "type": "Feature", "properties": { "center_lat": 40.7775, "center_lon": -73.9375, "predicted_risk": 0.42230802212484414, "cell_id": "cell_35_32" }, "geometry": { "type": "Polygon", "coordinates": [ [ [ -73.94000000000014, 40.775 ], [ -73.935000000000144, 40.775 ], [ -73.935000000000144, 40.78 ], [ -73.94000000000014, 40.78 ], [ -73.94000000000014, 40.775 ] ] ] } },
{ "type": "Feature", "properties": { "center_lat": 40.7775, "center_lon": -73.9325, "predicted_risk": 0.31956850608346132, "cell_id": "cell_35_33" }, "geometry": { "type": "Polygon", "coordinates": [ [ [ -73.935000000000144, 40.775 ], [ -73.930000000000149, 40.775 ], [ -73.930000000000149, 40.78 ], [ -73.935000000000144, 40.78 ], [ -73.935000000000144, 40.775 ] ] ] } },
{ "type": "Feature", "properties": { "center_lat": 40.7775, "center_lon": -73.9275, "predicted_risk": 0.21448544581935333, "cell_id": "cell_35_34" }, "geometry": { "type": "Polygon", "coordinates": [ [ [ -73.930000000000149, 40.775 ], [ -73.925000000000153, 40.775 ], [ -73.925000000000153, 40.78 ], [ -73.930000000000149, 40.78 ], [ -73.930000000000149, 40.775 ] ] ] } },
{ "type": "Feature", "properties": { "center_lat": 40.7775, "center_lon": -73.9225, "predicted_risk": 0.32268124379384377, "cell_id": "cell_35_35" }, "geometry": { "type": "Polygon", "coordinates": [ [ [ -73.925000000000153, 40.775 ], [ -73.920000000000158, 40.775 ], [ -73.920000000000158, 40.78 ], [ -73.925000000000153, 40.78 ], [ -73.925000000000153, 40.775 ] ] ] } },
{ "type": "Feature", "properties": { "center_lat": 40.7775, "center_lon": -73.9175, "predicted_risk": 0.42959251368317175, "cell_id": "cell_35_36" }, "geometry": { "type": "Polygon", "coordinates": [ [ [ -73.920000000000158, 40.775 ], [ -73.915000000000163, 40.775 ], [ -73.915000000000163, 40.78 ], [ -73.920000000000158, 40.78 ], [ -73.920000000000158, 40.775 ] ] ] } },
{ "type": "Feature", "properties": { "center_lat": 40.7775, "center_lon": -73.9125, "predicted_risk": 0.42718239077722764, "cell_id": "cell_35_37" }, "geometry": { "type": "Polygon", "coordinates": [ [ [ -73.915000000000163, 40.775 ], [ -73.910000000000167, 40.775 ], [ -73.910000000000167, 40.78 ], [ -73.915000000000163, 40.78 ], [ -73.915000000000163, 40.775 ] ] ] } },
{ "type": "Feature", "properties": { "center_lat": 40.7775, "center_lon": -73.9075, "predicted_risk": 0.10590034295432901, "cell_id": "cell_35_38" }, "geometry": { "type": "Polygon", "coordinates": [ [ [ -73.910000000000167, 40.775 ], [ -73.905000000000172, 40.775 ], [ -73.905000000000172, 40.78 ], [ -73.910000000000167, 40.78 ], [ -73.910000000000167, 40.775 ] ] ] } },
{ "type": "Feature", "properties": { "center_lat": 40.7825, "center_lon": -74.0975, "predicted_risk": 0.19710157275207818, "cell_id": "cell_36_0" }, "geometry": { "type": "Polygon", "coordinates": [ [ [ -74.1, 40.78 ], [ -74.095, 40.78 ], [ -74.095, 40.785 ], [ -74.1, 40.785 ], [ -74.1, 40.78 ] ] ] } },
{ "type": "Feature", "properties": { "center_lat": 40.7825, "center_lon": -74.0925, "predicted_risk": 0.22039296351996127, "cell_id": "cell_36_1" }, "geometry": { "type": "Polygon", "coordinates": [ [ [ -74.095, 40.78 ], [ -74.09, 40.78 ], [ -74.09, 40.785 ], [ -74.095, 40.785 ], [ -74.095, 40.78 ] ] ] } },
{ "type": "Feature", "properties": { "center_lat": 40.7825, "center_lon": -74.0875, "predicted_risk": 0.3621503943034704, "cell_id": "cell_36_2" }, "geometry": { "type": "Polygon", "coordinates": [ [ [ -74.09, 40.78 ], [ -74.085, 40.78 ], [ -74.085, 40.785 ], [ -74.09, 40.785 ], [ -74.09, 40.78 ] ] ] } },
{ "type": "Feature", "properties": { "center_lat": 40.7825, "center_lon": -74.0825, "predicted_risk": 0.25507199010085163, "cell_id": "cell_36_3" }, "geometry": { "type": "Polygon", "coordinates": [ [ [ -74.085, 40.78 ], [ -74.08, 40.78 ], [ -74.08, 40.785 ], [ -74.085, 40.785 ], [ -74.085, 40.78 ] ] ] } },
{ "type": "Feature", "properties": { "center_lat": 40.7825, "center_lon": -74.0775, "predicted_risk": 0.12898449536678033, "cell_id": "cell_36_4" }, "geometry": { "type": "Polygon", "coordinates": [ [ [ -74.08, 40.78 ], [ -74.075, 40.78 ], [ -74.075, 40.785 ], [ -74.08, 40.785 ], [ -74.08, 40.78 ] ] ] } },
{ "type": "Feature", "properties": { "center_lat": 40.7825, "center_lon": -74.0725, "predicted_risk": 0.24941531130913461, "cell_id": "cell_36_5" }, "geometry": { "type": "Polygon", "coordinates": [ [ [ -74.075, 40.78 ], [ -74.07, 40.78 ], [ -74.07, 40.785 ], [ -74.075, 40.785 ], [ -74.075, 40.78 ] ] ] } },
{ "type": "Feature", "properties": { "center_lat": 40.7825, "center_lon": -74.0675, "predicted_risk": 0.23150519087069496, "cell_id": "cell_36_6" }, "geometry": { "type": "Polygon", "coordinates": [ [ [ -74.07, 40.78 ], [ -74.065, 40.78 ], [ -74.065, 40.785 ], [ -74.07, 40.785 ], [ -74.07, 40.78 ] ] ] } },
{ "type": "Feature", "properties": { "center_lat": 40.7825, "center_lon": -74.0625, "predicted_risk": 0.10431182576939765, "cell_id": "cell_36_7" }, "geometry": { "type": "Polygon", "coordinates": [ [ [ -74.065, 40.78 ], [ -74.06, 40.78 ], [ -74.06, 40.785 ], [ -74.065, 40.785 ], [ -74.065, 40.78 ] ] ] } },
{ "type": "Feature", "properties": { "center_lat": 40.7825, "center_lon": -74.0575, "predicted_risk": 0.18637289216352881, "cell_id": "cell_36_8" }, "geometry": { "type": "Polygon", "coordinates": [ [ [ -74.06, 40.78 ], [ -74.055, 40.78 ], [ -74.055, 40.785 ], [ -74.06, 40.785 ], [ -74.06, 40.78 ] ] ] } },
{ "type": "Feature", "properties": { "center_lat": 40.7825, "center_lon": -74.0525, "predicted_risk": 0.085100337331122017, "cell_id": "cell_36_9" }, "geometry": { "type": "Polygon", "coordinates": [ [ [ -74.055, 40.78 ], [ -74.05, 40.78 ], [ -74.05, 40.785 ], [ -74.055, 40.785 ], [ -74.055, 40.78 ] ] ] } },
{ "type": "Feature", "properties": { "center_lat": 40.7825, "center_lon": -74.0475, "predicted_risk": 0.24609978285765355, "cell_id": "cell_36_10" }, "geometry": { "type": "Polygon", "coordinates": [ [ [ -74.05, 40.78 ], [ -74.045, 40.78 ], [ -74.045, 40.785 ], [ -74.05, 40.785 ], [ -74.05, 40.78 ] ] ] } },
{ "type": "Feature", "properties": { "center_lat": 40.7825, "center_lon": -74.0425, "predicted_risk": 0.16947228842308676, "cell_id": "cell_36_11" }, "geometry": { "type": "Polygon", "coordinates": [ [ [ -74.045, 40.78 ], [ -74.04, 40.78 ], [ -74.04, 40.785 ], [ -74.045, 40.785 ], [ -74.045, 40.78 ] ] ] } },
{ "type": "Feature", "properties": { "center_lat": 40.7825, "center_lon": -74.0375, "predicted_risk": 0.092547227019940878, "cell_id": "cell_36_12" }, "geometry": { "type": "Polygon", "coordinates": [ [ [ -74.04, 40.78 ], [ -74.035, 40.78 ], [ -74.035, 40.785 ], [ -74.04, 40.785 ], [ -74.04, 40.78 ] ] ] } },
{ "type": "Feature", "properties": { "center_lat": 40.7825, "center_lon": -74.0325, "predicted_risk": 0.20710816777047833, "cell_id": "cell_36_13" }, "geometry": { "type": "Polygon", "coordinates": [ [ [ -74.035, 40.78 ], [ -74.03, 40.78 ], [ -74.03, 40.785 ], [ -74.035, 40.785 ], [ -74.035, 40.78 ] ] ] } },
{ "type": "Feature", "properties": { "center_lat": 40.7825, "center_lon": -74.0275, "predicted_risk": 0.23012370473846055, "cell_id": "cell_36_14" }, "geometry": { "type": "Polygon", "coordinates": [ [ [ -74.03, 40.78 ], [ -74.025, 40.78 ], [ -74.025, 40.785 ], [ -74.03, 40.785 ], [ -74.03, 40.78 ] ] ] } },
{ "type": "Feature", "properties": { "center_lat": 40.7825, "center_lon": -74.0225, "predicted_risk": 0.37275908819885212, "cell_id": "cell_36_15" }, "geometry": { "type": "Polygon", "coordinates": [ [ [ -74.025, 40.78 ], [ -74.02, 40.78 ], [ -74.02, 40.785 ], [ -74.025, 40.785 ], [ -74.025, 40.78 ] ] ] } },
{ "type": "Feature", "properties": { "center_lat": 40.7825, "center_lon": -74.0175, "predicted_risk": 0.51550917714332667, "cell_id": "cell_36_16" }, "geometry": { "type": "Polygon", "coordinates": [ [ [ -74.02, 40.78 ], [ -74.015, 40.78 ], [ -74.015, 40.785 ], [ -74.02, 40.785 ], [ -74.02, 40.78 ] ] ] } },
{ "type": "Feature", "properties": { "center_lat": 40.7825, "center_lon": -74.0125, "predicted_risk": 0.51120986282747338, "cell_id": "cell_36_17" }, "geometry": { "type": "Polygon", "coordinates": [ [ [ -74.015, 40.78 ], [ -74.01, 40.78 ], [ -74.01, 40.785 ], [ -74.015, 40.785 ], [ -74.015, 40.78 ] ] ] } },
{ "type": "Feature", "properties": { "center_lat": 40.7825, "center_lon": -74.0075, "predicted_risk": 0.36387509755445285, "cell_id": "cell_36_18" }, "geometry": { "type": "Polygon", "coordinates": [ [ [ -74.01, 40.78 ], [ -74.005, 40.78 ], [ -74.005, 40.785 ], [ -74.01, 40.785 ], [ -74.01, 40.78 ] ] ] } },
{ "type": "Feature", "properties": { "center_lat": 40.7825, "center_lon": -74.0025, "predicted_risk": 0.33281717230552543, "cell_id": "cell_36_19" }, "geometry": { "type": "Polygon", "coordinates": [ [ [ -74.005, 40.78 ], [ -74.0, 40.78 ], [ -74.0, 40.785 ], [ -74.005, 40.785 ], [ -74.005, 40.78 ] ] ] } },
{ "type": "Feature", "properties": { "center_lat": 40.7825, "center_lon": -73.9975, "predicted_risk": 0.39711691287713874, "cell_id": "cell_36_20" }, "geometry": { "type": "Polygon", "coordinates": [ [ [ -74.0, 40.78 ], [ -73.995, 40.78 ], [ -73.995, 40.785 ], [ -74.0, 40.785 ], [ -74.0, 40.78 ] ] ] } },
{ "type": "Feature", "properties": { "center_lat": 40.7825, "center_lon": -73.9925, "predicted_risk": 0.089166944379914972, "cell_id": "cell_36_21" }, "geometry": { "type": "Polygon", "coordinates": [ [ [ -73.995, 40.78 ], [ -73.99, 40.78 ], [ -73.99, 40.785 ], [ -73.995, 40.785 ], [ -73.995, 40.78 ] ] ] } },
{ "type": "Feature", "properties": { "center_lat": 40.7825, "center_lon": -73.9875, "predicted_risk": 0.083078045679199214, "cell_id": "cell_36_22" }, "geometry": { "type": "Polygon", "coordinates": [ [ [ -73.99, 40.78 ], [ -73.985, 40.78 ], [ -73.985, 40.785 ], [ -73.99, 40.785 ], [ -73.99, 40.78 ] ] ] } },
{ "type": "Feature", "properties": { "center_lat": 40.7825, "center_lon": -73.9825, "predicted_risk": 0.33001322750726825, "cell_id": "cell_36_23" }, "geometry": { "type": "Polygon", "coordinates": [ [ [ -73.985, 40.78 ], [ -73.980000000000103, 40.78 ], [ -73.980000000000103, 40.785 ], [ -73.985, 40.785 ], [ -73.985, 40.78 ] ] ] } },
{ "type": "Feature", "properties": { "center_lat": 40.7825, "center_lon": -73.9775, "predicted_risk": 0.26275033222892907, "cell_id": "cell_36_24" }, "geometry": { "type": "Polygon", "coordinates": [ [ [ -73.980000000000103, 40.78 ], [ -73.975000000000108, 40.78 ], [ -73.975000000000108, 40.785 ], [ -73.980000000000103, 40.785 ], [ -73.980000000000103, 40.78 ] ] ] } },
{ "type": "Feature", "properties": { "center_lat": 40.7825, "center_lon": -73.9725, "predicted_risk": 0.19414932503056118, "cell_id": "cell_36_25" }, "geometry": { "type": "Polygon", "coordinates": [ [ [ -73.975000000000108, 40.78 ], [ -73.970000000000113, 40.78 ], [ -73.970000000000113, 40.785 ], [ -73.975000000000108, 40.785 ], [ -73.975000000000108, 40.78 ] ] ] } },
{ "type": "Feature", "properties": { "center_lat": 40.7825, "center_lon": -73.9675, "predicted_risk": 0.32595954270608662, "cell_id": "cell_36_26" }, "geometry": { "type": "Polygon", "coordinates": [ [ [ -73.970000000000113, 40.78 ], [ -73.965000000000117, 40.78 ], [ -73.965000000000117, 40.785 ], [ -73.970000000000113, 40.785 ], [ -73.970000000000113, 40.78 ] ] ] } },
{ "type": "Feature", "properties": { "center_lat": 40.7825, "center_lon": -73.9625, "predicted_risk": 0.11948417412057394, "cell_id": "cell_36_27" }, "geometry": { "type": "Polygon", "coordinates": [ [ [ -73.965000000000117, 40.78 ], [ -73.960000000000122, 40.78 ], [ -73.960000000000122, 40.785 ], [ -73.965000000000117, 40.785 ], [ -73.965000000000117, 40.78 ] ] ] } },
{ "type": "Feature", "properties": { "center_lat": 40.7825, "center_lon": -73.9575, "predicted_risk": 0.50766334914757016, "cell_id": "cell_36_28" }, "geometry": { "type": "Polygon", "coordinates": [ [ [ -73.960000000000122, 40.78 ], [ -73.955000000000126, 40.78 ], [ -73.955000000000126, 40.785 ], [ -73.960000000000122, 40.785 ], [ -73.960000000000122, 40.78 ] ] ] } },
{ "type": "Feature", "properties": { "center_lat": 40.7825, "center_lon": -73.9525, "predicted_risk": 0.12912864006958238, "cell_id": "cell_36_29" }, "geometry": { "type": "Polygon", "coordinates": [ [ [ -73.955000000000126, 40.78 ], [ -73.950000000000131, 40.78 ], [ -73.950000000000131, 40.785 ], [ -73.955000000000126, 40.785 ], [ -73.955000000000126, 40.78 ] ] ] } },
{ "type": "Feature", "properties": { "center_lat": 40.7825, "center_lon": -73.9475, "predicted_risk": 0.50232324469295986, "cell_id": "cell_36_30" }, "geometry": { "type": "Polygon", "coordinates": [ [ [ -73.950000000000131, 40.78 ], [ -73.945000000000135, 40.78 ], [ -73.945000000000135, 40.785 ], [ -73.950000000000131, 40.785 ], [ -73.950000000000131, 40.78 ] ] ] } },
{ "type": "Feature", "properties": { "center_lat": 40.7825, "center_lon": -73.9425, "predicted_risk": 0.23428196569307164, "cell_id": "cell_36_31" }, "geometry": { "type": "Polygon", "coordinates": [ [ [ -73.945000000000135, 40.78 ], [ -73.94000000000014, 40.78 ], [ -73.94000000000014, 40.785 ], [ -73.945000000000135, 40.785 ], [ -73.945000000000135, 40.78 ] ] ] } },
{ "type": "Feature", "properties": { "center_lat": 40.7825, "center_lon": -73.9375, "predicted_risk": 0.21175103882634588, "cell_id": "cell_36_32" }, "geometry": { "type": "Polygon", "coordinates": [ [ [ -73.94000000000014, 40.78 ], [ -73.935000000000144, 40.78 ], [ -73.935000000000144, 40.785 ], [ -73.94000000000014, 40.785 ], [ -73.94000000000014, 40.78 ] ] ] } },
{ "type": "Feature", "properties": { "center_lat": 40.7825, "center_lon": -73.9325, "predicted_risk": 0.18908519843674237, "cell_id": "cell_36_33" }, "geometry": { "type": "Polygon", "coordinates": [ [ [ -73.935000000000144, 40.78 ], [ -73.930000000000149, 40.78 ], [ -73.930000000000149, 40.785 ], [ -73.935000000000144, 40.785 ], [ -73.935000000000144, 40.78 ] ] ] } },
{ "type": "Feature", "properties": { "center_lat": 40.7825, "center_lon": -73.9275, "predicted_risk": 0.17183383275051603, "cell_id": "cell_36_34" }, "geometry": { "type": "Polygon", "coordinates": [ [ [ -73.930000000000149, 40.78 ], [ -73.925000000000153, 40.78 ], [ -73.925000000000153, 40.785 ], [ -73.930000000000149, 40.785 ], [ -73.930000000000149, 40.78 ] ] ] } },
{ "type": "Feature", "properties": { "center_lat": 40.7825, "center_lon": -73.9225, "predicted_risk": 0.32844135550001141, "cell_id": "cell_36_35" }, "geometry": { "type": "Polygon", "coordinates": [ [ [ -73.925000000000153, 40.78 ], [ -73.920000000000158, 40.78 ], [ -73.920000000000158, 40.785 ], [ -73.925000000000153, 40.785 ], [ -73.925000000000153, 40.78 ] ] ] } },
{ "type": "Feature", "properties": { "center_lat": 40.7825, "center_lon": -73.9175, "predicted_risk": 0.16810969929741981, "cell_id": "cell_36_36" }, "geometry": { "type": "Polygon", "coordinates": [ [ [ -73.920000000000158, 40.78 ], [ -73.915000000000163, 40.78 ], [ -73.915000000000163, 40.785 ], [ -73.920000000000158, 40.785 ], [ -73.920000000000158, 40.78 ] ] ] } },
{ "type": "Feature", "properties": { "center_lat": 40.7825, "center_lon": -73.9125, "predicted_risk": 0.27382309392539561, "cell_id": "cell_36_37" }, "geometry": { "type": "Polygon", "coordinates": [ [ [ -73.915000000000163, 40.78 ], [ -73.910000000000167, 40.78 ], [ -73.910000000000167, 40.785 ], [ -73.915000000000163, 40.785 ], [ -73.915000000000163, 40.78 ] ] ] } },
{ "type": "Feature", "properties": { "center_lat": 40.7825, "center_lon": -73.9075, "predicted_risk": 0.10200129479455342, "cell_id": "cell_36_38" }, "geometry": { "type": "Polygon", "coordinates": [ [ [ -73.910000000000167, 40.78 ], [ -73.905000000000172, 40.78 ], [ -73.905000000000172, 40.785 ], [ -73.910000000000167, 40.785 ], [ -73.910000000000167, 40.78 ] ] ] } },
{ "type": "Feature", "properties": { "center_lat": 40.7875, "center_lon": -74.0975, "predicted_risk": 0.092639148487175027, "cell_id": "cell_37_0" }, "geometry": { "type": "Polygon", "coordinates": [ [ [ -74.1, 40.785 ], [ -74.095, 40.785 ], [ -74.095, 40.79 ], [ -74.1, 40.79 ], [ -74.1, 40.785 ] ] ] } },
{ "type": "Feature", "properties": { "center_lat": 40.7875, "center_lon": -74.0925, "predicted_risk": 0.34215360144428825, "cell_id": "cell_37_1" }, "geometry": { "type": "Polygon", "coordinates": [ [ [ -74.095, 40.785 ], [ -74.09, 40.785 ], [ -74.09, 40.79 ], [ -74.095, 40.79 ], [ -74.095, 40.785 ] ] ] } },
{ "type": "Feature", "properties": { "center_lat": 40.7875, "center_lon": -74.0875, "predicted_risk": 0.13339410385187869, "cell_id": "cell_37_2" }, "geometry": { "type": "Polygon", "coordinates": [ [ [ -74.09, 40.785 ], [ -74.085, 40.785 ], [ -74.085, 40.79 ], [ -74.09, 40.79 ], [ -74.09, 40.785 ] ] ] } },
{ "type": "Feature", "properties": { "center_lat": 40.7875, "center_lon": -74.0825, "predicted_risk": 0.58372816498466717, "cell_id": "cell_37_3" }, "geometry": { "type": "Polygon", "coordinates": [ [ [ -74.085, 40.785 ], [ -74.08, 40.785 ], [ -74.08, 40.79 ], [ -74.085, 40.79 ], [ -74.085, 40.785 ] ] ] } },
{ "type": "Feature", "properties": { "center_lat": 40.7875, "center_lon": -74.0775, "predicted_risk": 0.59438115325713892, "cell_id": "cell_37_4" }, "geometry": { "type": "Polygon", "coordinates": [ [ [ -74.08, 40.785 ], [ -74.075, 40.785 ], [ -74.075, 40.79 ], [ -74.08, 40.79 ], [ -74.08, 40.785 ] ] ] } },
{ "type": "Feature", "properties": { "center_lat": 40.7875, "center_lon": -74.0725, "predicted_risk": 0.42219536786993406, "cell_id": "cell_37_5" }, "geometry": { "type": "Polygon", "coordinates": [ [ [ -74.075, 40.785 ], [ -74.07, 40.785 ], [ -74.07, 40.79 ], [ -74.075, 40.79 ], [ -74.075, 40.785 ] ] ] } },
{ "type": "Feature", "properties": { "center_lat": 40.7875, "center_lon": -74.0675, "predicted_risk": 0.37280040895060251, "cell_id": "cell_37_6" }, "geometry": { "type": "Polygon", "coordinates": [ [ [ -74.07, 40.785 ], [ -74.065, 40.785 ], [ -74.065, 40.79 ], [ -74.07, 40.79 ], [ -74.07, 40.785 ] ] ] } },
{ "type": "Feature", "properties": { "center_lat": 40.7875, "center_lon": -74.0625, "predicted_risk": 0.41292612911673782, "cell_id": "cell_37_7" }, "geometry": { "type": "Polygon", "coordinates": [ [ [ -74.065, 40.785 ], [ -74.06, 40.785 ], [ -74.06, 40.79 ], [ -74.065, 40.79 ], [ -74.065, 40.785 ] ] ] } },
{ "type": "Feature", "properties": { "center_lat": 40.7875, "center_lon": -74.0575, "predicted_risk": 0.24832843522837023, "cell_id": "cell_37_8" }, "geometry": { "type": "Polygon", "coordinates": [ [ [ -74.06, 40.785 ], [ -74.055, 40.785 ], [ -74.055, 40.79 ], [ -74.06, 40.79 ], [ -74.06, 40.785 ] ] ] } },
{ "type": "Feature", "properties": { "center_lat": 40.7875, "center_lon": -74.0525, "predicted_risk": 0.13581766713631316, "cell_id": "cell_37_9" }, "geometry": { "type": "Polygon", "coordinates": [ [ [ -74.055, 40.785 ], [ -74.05, 40.785 ], [ -74.05, 40.79 ], [ -74.055, 40.79 ], [ -74.055, 40.785 ] ] ] } },
{ "type": "Feature", "properties": { "center_lat": 40.7875, "center_lon": -74.0475, "predicted_risk": 0.062269634128090091, "cell_id": "cell_37_10" }, "geometry": { "type": "Polygon", "coordinates": [ [ [ -74.05, 40.785 ], [ -74.045, 40.785 ], [ -74.045, 40.79 ], [ -74.05, 40.79 ], [ -74.05, 40.785 ] ] ] } },
{ "type": "Feature", "properties": { "center_lat": 40.7875, "center_lon": -74.0425, "predicted_risk": 0.26895687781115291, "cell_id": "cell_37_11" }, "geometry": { "type": "Polygon", "coordinates": [ [ [ -74.045, 40.785 ], [ -74.04, 40.785 ], [ -74.04, 40.79 ], [ -74.045, 40.79 ], [ -74.045, 40.785 ] ] ] } },
{ "type": "Feature", "properties": { "center_lat": 40.7875, "center_lon": -74.0375, "predicted_risk": 0.32640344693761647, "cell_id": "cell_37_12" }, "geometry": { "type": "Polygon", "coordinates": [ [ [ -74.04, 40.785 ], [ -74.035, 40.785 ], [ -74.035, 40.79 ], [ -74.04, 40.79 ], [ -74.04, 40.785 ] ] ] } },
{ "type": "Feature", "properties": { "center_lat": 40.7875, "center_lon": -74.0325, "predicted_risk": 0.30551499018799294, "cell_id": "cell_37_13" }, "geometry": { "type": "Polygon", "coordinates": [ [ [ -74.035, 40.785 ], [ -74.03, 40.785 ], [ -74.03, 40.79 ], [ -74.035, 40.79 ], [ -74.035, 40.785 ] ] ] } },
{ "type": "Feature", "properties": { "center_lat": 40.7875, "center_lon": -74.0275, "predicted_risk": 0.12299678638437367, "cell_id": "cell_37_14" }, "geometry": { "type": "Polygon", "coordinates": [ [ [ -74.03, 40.785 ], [ -74.025, 40.785 ], [ -74.025, 40.79 ], [ -74.03, 40.79 ], [ -74.03, 40.785 ] ] ] } },
{ "type": "Feature", "properties": { "center_lat": 40.7875, "center_lon": -74.0225, "predicted_risk": 0.55958361066036555, "cell_id": "cell_37_15" }, "geometry": { "type": "Polygon", "coordinates": [ [ [ -74.025, 40.785 ], [ -74.02, 40.785 ], [ -74.02, 40.79 ], [ -74.025, 40.79 ], [ -74.025, 40.785 ] ] ] } },
{ "type": "Feature", "properties": { "center_lat": 40.7875, "center_lon": -74.0175, "predicted_risk": 0.29679637172393525, "cell_id": "cell_37_16" }, "geometry": { "type": "Polygon", "coordinates": [ [ [ -74.02, 40.785 ], [ -74.015, 40.785 ], [ -74.015, 40.79 ], [ -74.02, 40.79 ], [ -74.02, 40.785 ] ] ] } },
{ "type": "Feature", "properties": { "center_lat": 40.7875, "center_lon": -74.0125, "predicted_risk": 0.29284396104188898, "cell_id": "cell_37_17" }, "geometry": { "type": "Polygon", "coordinates": [ [ [ -74.015, 40.785 ], [ -74.01, 40.785 ], [ -74.01, 40.79 ], [ -74.015, 40.79 ], [ -74.015, 40.785 ] ] ] } },
{ "type": "Feature", "properties": { "center_lat": 40.7875, "center_lon": -74.0075, "predicted_risk": 0.537804522528322, "cell_id": "cell_37_18" }, "geometry": { "type": "Polygon", "coordinates": [ [ [ -74.01, 40.785 ], [ -74.005, 40.785 ], [ -74.005, 40.79 ], [ -74.01, 40.79 ], [ -74.01, 40.785 ] ] ] } },
{ "type": "Feature", "properties": { "center_lat": 40.7875, "center_lon": -74.0025, "predicted_risk": 0.46166607098444923, "cell_id": "cell_37_19" }, "geometry": { "type": "Polygon", "coordinates": [ [ [ -74.005, 40.785 ], [ -74.0, 40.785 ], [ -74.0, 40.79 ], [ -74.005, 40.79 ], [ -74.005, 40.785 ] ] ] } },
{ "type": "Feature", "properties": { "center_lat": 40.7875, "center_lon": -73.9975, "predicted_risk": 0.28193543685872569, "cell_id": "cell_37_20" }, "geometry": { "type": "Polygon", "coordinates": [ [ [ -74.0, 40.785 ], [ -73.995, 40.785 ], [ -73.995, 40.79 ], [ -74.0, 40.79 ], [ -74.0, 40.785 ] ] ] } },
{ "type": "Feature", "properties": { "center_lat": 40.7875, "center_lon": -73.9925, "predicted_risk": 0.30154317530684216, "cell_id": "cell_37_21" }, "geometry": { "type": "Polygon", "coordinates": [ [ [ -73.995, 40.785 ], [ -73.99, 40.785 ], [ -73.99, 40.79 ], [ -73.995, 40.79 ], [ -73.995, 40.785 ] ] ] } },
{ "type": "Feature", "properties": { "center_lat": 40.7875, "center_lon": -73.9875, "predicted_risk": 0.0641906001290245, "cell_id": "cell_37_22" }, "geometry": { "type": "Polygon", "coordinates": [ [ [ -73.99, 40.785 ], [ -73.985, 40.785 ], [ -73.985, 40.79 ], [ -73.99, 40.79 ], [ -73.99, 40.785 ] ] ] } },
{ "type": "Feature", "properties": { "center_lat": 40.7875, "center_lon": -73.9825, "predicted_risk": 0.063133871723034113, "cell_id": "cell_37_23" }, "geometry": { "type": "Polygon", "coordinates": [ [ [ -73.985, 40.785 ], [ -73.980000000000103, 40.785 ], [ -73.980000000000103, 40.79 ], [ -73.985, 40.79 ], [ -73.985, 40.785 ] ] ] } },
{ "type": "Feature", "properties": { "center_lat": 40.7875, "center_lon": -73.9775, "predicted_risk": 0.28989733030888093, "cell_id": "cell_37_24" }, "geometry": { "type": "Polygon", "coordinates": [ [ [ -73.980000000000103, 40.785 ], [ -73.975000000000108, 40.785 ], [ -73.975000000000108, 40.79 ], [ -73.980000000000103, 40.79 ], [ -73.980000000000103, 40.785 ] ] ] } },
{ "type": "Feature", "properties": { "center_lat": 40.7875, "center_lon": -73.9725, "predicted_risk": 0.17985022422910141, "cell_id": "cell_37_25" }, "geometry": { "type": "Polygon", "coordinates": [ [ [ -73.975000000000108, 40.785 ], [ -73.970000000000113, 40.785 ], [ -73.970000000000113, 40.79 ], [ -73.975000000000108, 40.79 ], [ -73.975000000000108, 40.785 ] ] ] } },
{ "type": "Feature", "properties": { "center_lat": 40.7875, "center_lon": -73.9675, "predicted_risk": 0.22242730177405354, "cell_id": "cell_37_26" }, "geometry": { "type": "Polygon", "coordinates": [ [ [ -73.970000000000113, 40.785 ], [ -73.965000000000117, 40.785 ], [ -73.965000000000117, 40.79 ], [ -73.970000000000113, 40.79 ], [ -73.970000000000113, 40.785 ] ] ] } },
{ "type": "Feature", "properties": { "center_lat": 40.7875, "center_lon": -73.9625, "predicted_risk": 0.39338331641842877, "cell_id": "cell_37_27" }, "geometry": { "type": "Polygon", "coordinates": [ [ [ -73.965000000000117, 40.785 ], [ -73.960000000000122, 40.785 ], [ -73.960000000000122, 40.79 ], [ -73.965000000000117, 40.79 ], [ -73.965000000000117, 40.785 ] ] ] } },
{ "type": "Feature", "properties": { "center_lat": 40.7875, "center_lon": -73.9575, "predicted_risk": 0.14479180445998693, "cell_id": "cell_37_28" }, "geometry": { "type": "Polygon", "coordinates": [ [ [ -73.960000000000122, 40.785 ], [ -73.955000000000126, 40.785 ], [ -73.955000000000126, 40.79 ], [ -73.960000000000122, 40.79 ], [ -73.960000000000122, 40.785 ] ] ] } },
{ "type": "Feature", "properties": { "center_lat": 40.7875, "center_lon": -73.9525, "predicted_risk": 0.14886031618675935, "cell_id": "cell_37_29" }, "geometry": { "type": "Polygon", "coordinates": [ [ [ -73.955000000000126, 40.785 ], [ -73.950000000000131, 40.785 ], [ -73.950000000000131, 40.79 ], [ -73.955000000000126, 40.79 ], [ -73.955000000000126, 40.785 ] ] ] } },
{ "type": "Feature", "properties": { "center_lat": 40.7875, "center_lon": -73.9475, "predicted_risk": 0.42701158126428485, "cell_id": "cell_37_30" }, "geometry": { "type": "Polygon", "coordinates": [ [ [ -73.950000000000131, 40.785 ], [ -73.945000000000135, 40.785 ], [ -73.945000000000135, 40.79 ], [ -73.950000000000131, 40.79 ], [ -73.950000000000131, 40.785 ] ] ] } },
{ "type": "Feature", "properties": { "center_lat": 40.7875, "center_lon": -73.9425, "predicted_risk": 0.38045857511151521, "cell_id": "cell_37_31" }, "geometry": { "type": "Polygon", "coordinates": [ [ [ -73.945000000000135, 40.785 ], [ -73.94000000000014, 40.785 ], [ -73.94000000000014, 40.79 ], [ -73.945000000000135, 40.79 ], [ -73.945000000000135, 40.785 ] ] ] } },
{ "type": "Feature", "properties": { "center_lat": 40.7875, "center_lon": -73.9375, "predicted_risk": 0.21221315306742788, "cell_id": "cell_37_32" }, "geometry": { "type": "Polygon", "coordinates": [ [ [ -73.94000000000014, 40.785 ], [ -73.935000000000144, 40.785 ], [ -73.935000000000144, 40.79 ], [ -73.94000000000014, 40.79 ], [ -73.94000000000014, 40.785 ] ] ] } },
{ "type": "Feature", "properties": { "center_lat": 40.7875, "center_lon": -73.9325, "predicted_risk": 0.34107840170917741, "cell_id": "cell_37_33" }, "geometry": { "type": "Polygon", "coordinates": [ [ [ -73.935000000000144, 40.785 ], [ -73.930000000000149, 40.785 ], [ -73.930000000000149, 40.79 ], [ -73.935000000000144, 40.79 ], [ -73.935000000000144, 40.785 ] ] ] } },
{ "type": "Feature", "properties": { "center_lat": 40.7875, "center_lon": -73.9275, "predicted_risk": 0.13882043036753566, "cell_id": "cell_37_34" }, "geometry": { "type": "Polygon", "coordinates": [ [ [ -73.930000000000149, 40.785 ], [ -73.925000000000153, 40.785 ], [ -73.925000000000153, 40.79 ], [ -73.930000000000149, 40.79 ], [ -73.930000000000149, 40.785 ] ] ] } },
{ "type": "Feature", "properties": { "center_lat": 40.7875, "center_lon": -73.9225, "predicted_risk": 0.24964540570436064, "cell_id": "cell_37_35" }, "geometry": { "type": "Polygon", "coordinates": [ [ [ -73.925000000000153, 40.785 ], [ -73.920000000000158, 40.785 ], [ -73.920000000000158, 40.79 ], [ -73.925000000000153, 40.79 ], [ -73.925000000000153, 40.785 ] ] ] } },
{ "type": "Feature", "properties": { "center_lat": 40.7875, "center_lon": -73.9175, "predicted_risk": 0.065986575096066619, "cell_id": "cell_37_36" }, "geometry": { "type": "Polygon", "coordinates": [ [ [ -73.920000000000158, 40.785 ], [ -73.915000000000163, 40.785 ], [ -73.915000000000163, 40.79 ], [ -73.920000000000158, 40.79 ], [ -73.920000000000158, 40.785 ] ] ] } },
{ "type": "Feature", "properties": { "center_lat": 40.7875, "center_lon": -73.9125, "predicted_risk": 0.3170421869960604, "cell_id": "cell_37_37" }, "geometry": { "type": "Polygon", "coordinates": [ [ [ -73.915000000000163, 40.785 ], [ -73.910000000000167, 40.785 ], [ -73.910000000000167, 40.79 ], [ -73.915000000000163, 40.79 ], [ -73.915000000000163, 40.785 ] ] ] } },
{ "type": "Feature", "properties": { "center_lat": 40.7875, "center_lon": -73.9075, "predicted_risk": 0.19796667035662471, "cell_id": "cell_37_38" }, "geometry": { "type": "Polygon", "coordinates": [ [ [ -73.910000000000167, 40.785 ], [ -73.905000000000172, 40.785 ], [ -73.905000000000172, 40.79 ], [ -73.910000000000167, 40.79 ], [ -73.910000000000167, 40.785 ] ] ] } },
{ "type": "Feature", "properties": { "center_lat": 40.7925, "center_lon": -74.0975, "predicted_risk": 0.26970233722242493, "cell_id": "cell_38_0" }, "geometry": { "type": "Polygon", "coordinates": [ [ [ -74.1, 40.79 ], [ -74.095, 40.79 ], [ -74.095, 40.795000000000101 ], [ -74.1, 40.795000000000101 ], [ -74.1, 40.79 ] ] ] } },
{ "type": "Feature", "properties": { "center_lat": 40.7925, "center_lon": -74.0925, "predicted_risk": 0.34751031173732555, "cell_id": "cell_38_1" }, "geometry": { "type": "Polygon", "coordinates": [ [ [ -74.095, 40.79 ], [ -74.09, 40.79 ], [ -74.09, 40.795000000000101 ], [ -74.095, 40.795000000000101 ], [ -74.095, 40.79 ] ] ] } },
{ "type": "Feature", "properties": { "center_lat": 40.7925, "center_lon": -74.0875, "predicted_risk": 0.13926644362641785, "cell_id": "cell_38_2" }, "geometry": { "type": "Polygon", "coordinates": [ [ [ -74.09, 40.79 ], [ -74.085, 40.79 ], [ -74.085, 40.795000000000101 ], [ -74.09, 40.795000000000101 ], [ -74.09, 40.79 ] ] ] } },
{ "type": "Feature", "properties": { "center_lat": 40.7925, "center_lon": -74.0825, "predicted_risk": 0.61781358846302981, "cell_id": "cell_38_3" }, "geometry": { "type": "Polygon", "coordinates": [ [ [ -74.085, 40.79 ], [ -74.08, 40.79 ], [ -74.08, 40.795000000000101 ], [ -74.085, 40.795000000000101 ], [ -74.085, 40.79 ] ] ] } },
{ "type": "Feature", "properties": { "center_lat": 40.7925, "center_lon": -74.0775, "predicted_risk": 0.63071734067750607, "cell_id": "cell_38_4" }, "geometry": { "type": "Polygon", "coordinates": [ [ [ -74.08, 40.79 ], [ -74.075, 40.79 ], [ -74.075, 40.795000000000101 ], [ -74.08, 40.795000000000101 ], [ -74.08, 40.79 ] ] ] } },
{ "type": "Feature", "properties": { "center_lat": 40.7925, "center_lon": -74.0725, "predicted_risk": 0.59261774257295063, "cell_id": "cell_38_5" }, "geometry": { "type": "Polygon", "coordinates": [ [ [ -74.075, 40.79 ], [ -74.07, 40.79 ], [ -74.07, 40.795000000000101 ], [ -74.075, 40.795000000000101 ], [ -74.075, 40.79 ] ] ] } },
{ "type": "Feature", "properties": { "center_lat": 40.7925, "center_lon": -74.0675, "predicted_risk": 0.38463217840154862, "cell_id": "cell_38_6" }, "geometry": { "type": "Polygon", "coordinates": [ [ [ -74.07, 40.79 ], [ -74.065, 40.79 ], [ -74.065, 40.795000000000101 ], [ -74.07, 40.795000000000101 ], [ -74.07, 40.79 ] ] ] } },
{ "type": "Feature", "properties": { "center_lat": 40.7925, "center_lon": -74.0625, "predicted_risk": 0.41092448916089985, "cell_id": "cell_38_7" }, "geometry": { "type": "Polygon", "coordinates": [ [ [ -74.065, 40.79 ], [ -74.06, 40.79 ], [ -74.06, 40.795000000000101 ], [ -74.065, 40.795000000000101 ], [ -74.065, 40.79 ] ] ] } },
{ "type": "Feature", "properties": { "center_lat": 40.7925, "center_lon": -74.0575, "predicted_risk": 0.31181567906240776, "cell_id": "cell_38_8" }, "geometry": { "type": "Polygon", "coordinates": [ [ [ -74.06, 40.79 ], [ -74.055, 40.79 ], [ -74.055, 40.795000000000101 ], [ -74.06, 40.795000000000101 ], [ -74.06, 40.79 ] ] ] } },
{ "type": "Feature", "properties": { "center_lat": 40.7925, "center_lon": -74.0525, "predicted_risk": 0.17983632561920301, "cell_id": "cell_38_9" }, "geometry": { "type": "Polygon", "coordinates": [ [ [ -74.055, 40.79 ], [ -74.05, 40.79 ], [ -74.05, 40.795000000000101 ], [ -74.055, 40.795000000000101 ], [ -74.055, 40.79 ] ] ] } },
{ "type": "Feature", "properties": { "center_lat": 40.7925, "center_lon": -74.0475, "predicted_risk": 0.15934437620515923, "cell_id": "cell_38_10" }, "geometry": { "type": "Polygon", "coordinates": [ [ [ -74.05, 40.79 ], [ -74.045, 40.79 ], [ -74.045, 40.795000000000101 ], [ -74.05, 40.795000000000101 ], [ -74.05, 40.79 ] ] ] } },
{ "type": "Feature", "properties": { "center_lat": 40.7925, "center_lon": -74.0425, "predicted_risk": 0.059134351650960051, "cell_id": "cell_38_11" }, "geometry": { "type": "Polygon", "coordinates": [ [ [ -74.045, 40.79 ], [ -74.04, 40.79 ], [ -74.04, 40.795000000000101 ], [ -74.045, 40.795000000000101 ], [ -74.045, 40.79 ] ] ] } },
{ "type": "Feature", "properties": { "center_lat": 40.7925, "center_lon": -74.0375, "predicted_risk": 0.15306064499095709, "cell_id": "cell_38_12" }, "geometry": { "type": "Polygon", "coordinates": [ [ [ -74.04, 40.79 ], [ -74.035, 40.79 ], [ -74.035, 40.795000000000101 ], [ -74.04, 40.795000000000101 ], [ -74.04, 40.79 ] ] ] } },
{ "type": "Feature", "properties": { "center_lat": 40.7925, "center_lon": -74.0325, "predicted_risk": 0.30313069270071724, "cell_id": "cell_38_13" }, "geometry": { "type": "Polygon", "coordinates": [ [ [ -74.035, 40.79 ], [ -74.03, 40.79 ], [ -74.03, 40.795000000000101 ], [ -74.035, 40.795000000000101 ], [ -74.035, 40.79 ] ] ] } },
{ "type": "Feature", "properties": { "center_lat": 40.7925, "center_lon": -74.0275, "predicted_risk": 0.25334476071699369, "cell_id": "cell_38_14" }, "geometry": { "type": "Polygon", "coordinates": [ [ [ -74.03, 40.79 ], [ -74.025, 40.79 ], [ -74.025, 40.795000000000101 ], [ -74.03, 40.795000000000101 ], [ -74.03, 40.79 ] ] ] } },
{ "type": "Feature", "properties": { "center_lat": 40.7925, "center_lon": -74.0225, "predicted_risk": 0.29428388569350244, "cell_id": "cell_38_15" }, "geometry": { "type": "Polygon", "coordinates": [ [ [ -74.025, 40.79 ], [ -74.02, 40.79 ], [ -74.02, 40.795000000000101 ], [ -74.025, 40.795000000000101 ], [ -74.025, 40.79 ] ] ] } },
{ "type": "Feature", "properties": { "center_lat": 40.7925, "center_lon": -74.0175, "predicted_risk": 0.6297623556008255, "cell_id": "cell_38_16" }, "geometry": { "type": "Polygon", "coordinates": [ [ [ -74.02, 40.79 ], [ -74.015, 40.79 ], [ -74.015, 40.795000000000101 ], [ -74.02, 40.795000000000101 ], [ -74.02, 40.79 ] ] ] } },
{ "type": "Feature", "properties": { "center_lat": 40.7925, "center_lon": -74.0125, "predicted_risk": 0.46514055236152646, "cell_id": "cell_38_17" }, "geometry": { "type": "Polygon", "coordinates": [ [ [ -74.015, 40.79 ], [ -74.01, 40.79 ], [ -74.01, 40.795000000000101 ], [ -74.015, 40.795000000000101 ], [ -74.015, 40.79 ] ] ] } },
{ "type": "Feature", "properties": { "center_lat": 40.7925, "center_lon": -74.0075, "predicted_risk": 0.14054679908227011, "cell_id": "cell_38_18" }, "geometry": { "type": "Polygon", "coordinates": [ [ [ -74.01, 40.79 ], [ -74.005, 40.79 ], [ -74.005, 40.795000000000101 ], [ -74.01, 40.795000000000101 ], [ -74.01, 40.79 ] ] ] } },
{ "type": "Feature", "properties": { "center_lat": 40.7925, "center_lon": -74.0025, "predicted_risk": 0.46996220859912802, "cell_id": "cell_38_19" }, "geometry": { "type": "Polygon", "coordinates": [ [ [ -74.005, 40.79 ], [ -74.0, 40.79 ], [ -74.0, 40.795000000000101 ], [ -74.005, 40.795000000000101 ], [ -74.005, 40.79 ] ] ] } },
{ "type": "Feature", "properties": { "center_lat": 40.7925, "center_lon": -73.9975, "predicted_risk": 0.36609233341427755, "cell_id": "cell_38_20" }, "geometry": { "type": "Polygon", "coordinates": [ [ [ -74.0, 40.79 ], [ -73.995, 40.79 ], [ -73.995, 40.795000000000101 ], [ -74.0, 40.795000000000101 ], [ -74.0, 40.79 ] ] ] } },
{ "type": "Feature", "properties": { "center_lat": 40.7925, "center_lon": -73.9925, "predicted_risk": 0.13800426940397575, "cell_id": "cell_38_21" }, "geometry": { "type": "Polygon", "coordinates": [ [ [ -73.995, 40.79 ], [ -73.99, 40.79 ], [ -73.99, 40.795000000000101 ], [ -73.995, 40.795000000000101 ], [ -73.995, 40.79 ] ] ] } },
{ "type": "Feature", "properties": { "center_lat": 40.7925, "center_lon": -73.9875, "predicted_risk": 0.22176647948219286, "cell_id": "cell_38_22" }, "geometry": { "type": "Polygon", "coordinates": [ [ [ -73.99, 40.79 ], [ -73.985, 40.79 ], [ -73.985, 40.795000000000101 ], [ -73.99, 40.795000000000101 ], [ -73.99, 40.79 ] ] ] } },
{ "type": "Feature", "properties": { "center_lat": 40.7925, "center_lon": -73.9825, "predicted_risk": 0.21664650331770785, "cell_id": "cell_38_23" }, "geometry": { "type": "Polygon", "coordinates": [ [ [ -73.985, 40.79 ], [ -73.980000000000103, 40.79 ], [ -73.980000000000103, 40.795000000000101 ], [ -73.985, 40.795000000000101 ], [ -73.985, 40.79 ] ] ] } },
{ "type": "Feature", "properties": { "center_lat": 40.7925, "center_lon": -73.9775, "predicted_risk": 0.26190215904498754, "cell_id": "cell_38_24" }, "geometry": { "type": "Polygon", "coordinates": [ [ [ -73.980000000000103, 40.79 ], [ -73.975000000000108, 40.79 ], [ -73.975000000000108, 40.795000000000101 ], [ -73.980000000000103, 40.795000000000101 ], [ -73.980000000000103, 40.79 ] ] ] } },
{ "type": "Feature", "properties": { "center_lat": 40.7925, "center_lon": -73.9725, "predicted_risk": 0.17322664189799172, "cell_id": "cell_38_25" }, "geometry": { "type": "Polygon", "coordinates": [ [ [ -73.975000000000108, 40.79 ], [ -73.970000000000113, 40.79 ], [ -73.970000000000113, 40.795000000000101 ], [ -73.975000000000108, 40.795000000000101 ], [ -73.975000000000108, 40.79 ] ] ] } },
{ "type": "Feature", "properties": { "center_lat": 40.7925, "center_lon": -73.9675, "predicted_risk": 0.22479940670392959, "cell_id": "cell_38_26" }, "geometry": { "type": "Polygon", "coordinates": [ [ [ -73.970000000000113, 40.79 ], [ -73.965000000000117, 40.79 ], [ -73.965000000000117, 40.795000000000101 ], [ -73.970000000000113, 40.795000000000101 ], [ -73.970000000000113, 40.79 ] ] ] } },
{ "type": "Feature", "properties": { "center_lat": 40.7925, "center_lon": -73.9625, "predicted_risk": 0.54608512490588912, "cell_id": "cell_38_27" }, "geometry": { "type": "Polygon", "coordinates": [ [ [ -73.965000000000117, 40.79 ], [ -73.960000000000122, 40.79 ], [ -73.960000000000122, 40.795000000000101 ], [ -73.965000000000117, 40.795000000000101 ], [ -73.965000000000117, 40.79 ] ] ] } },
{ "type": "Feature", "properties": { "center_lat": 40.7925, "center_lon": -73.9575, "predicted_risk": 0.45921675311800603, "cell_id": "cell_38_28" }, "geometry": { "type": "Polygon", "coordinates": [ [ [ -73.960000000000122, 40.79 ], [ -73.955000000000126, 40.79 ], [ -73.955000000000126, 40.795000000000101 ], [ -73.960000000000122, 40.795000000000101 ], [ -73.960000000000122, 40.79 ] ] ] } },
{ "type": "Feature", "properties": { "center_lat": 40.7925, "center_lon": -73.9525, "predicted_risk": 0.31600071629034376, "cell_id": "cell_38_29" }, "geometry": { "type": "Polygon", "coordinates": [ [ [ -73.955000000000126, 40.79 ], [ -73.950000000000131, 40.79 ], [ -73.950000000000131, 40.795000000000101 ], [ -73.955000000000126, 40.795000000000101 ], [ -73.955000000000126, 40.79 ] ] ] } },
{ "type": "Feature", "properties": { "center_lat": 40.7925, "center_lon": -73.9475, "predicted_risk": 0.45029709015214803, "cell_id": "cell_38_30" }, "geometry": { "type": "Polygon", "coordinates": [ [ [ -73.950000000000131, 40.79 ], [ -73.945000000000135, 40.79 ], [ -73.945000000000135, 40.795000000000101 ], [ -73.950000000000131, 40.795000000000101 ], [ -73.950000000000131, 40.79 ] ] ] } },
{ "type": "Feature", "properties": { "center_lat": 40.7925, "center_lon": -73.9425, "predicted_risk": 0.13130278744191337, "cell_id": "cell_38_31" }, "geometry": { "type": "Polygon", "coordinates": [ [ [ -73.945000000000135, 40.79 ], [ -73.94000000000014, 40.79 ], [ -73.94000000000014, 40.795000000000101 ], [ -73.945000000000135, 40.795000000000101 ], [ -73.945000000000135, 40.79 ] ] ] } },
{ "type": "Feature", "properties": { "center_lat": 40.7925, "center_lon": -73.9375, "predicted_risk": 0.31864081815398343, "cell_id": "cell_38_32" }, "geometry": { "type": "Polygon", "coordinates": [ [ [ -73.94000000000014, 40.79 ], [ -73.935000000000144, 40.79 ], [ -73.935000000000144, 40.795000000000101 ], [ -73.94000000000014, 40.795000000000101 ], [ -73.94000000000014, 40.79 ] ] ] } },
{ "type": "Feature", "properties": { "center_lat": 40.7925, "center_lon": -73.9325, "predicted_risk": 0.080974192499076392, "cell_id": "cell_38_33" }, "geometry": { "type": "Polygon", "coordinates": [ [ [ -73.935000000000144, 40.79 ], [ -73.930000000000149, 40.79 ], [ -73.930000000000149, 40.795000000000101 ], [ -73.935000000000144, 40.795000000000101 ], [ -73.935000000000144, 40.79 ] ] ] } },
{ "type": "Feature", "properties": { "center_lat": 40.7925, "center_lon": -73.9275, "predicted_risk": 0.2470561419125562, "cell_id": "cell_38_34" }, "geometry": { "type": "Polygon", "coordinates": [ [ [ -73.930000000000149, 40.79 ], [ -73.925000000000153, 40.79 ], [ -73.925000000000153, 40.795000000000101 ], [ -73.930000000000149, 40.795000000000101 ], [ -73.930000000000149, 40.79 ] ] ] } },
{ "type": "Feature", "properties": { "center_lat": 40.7925, "center_lon": -73.9225, "predicted_risk": 0.10657290280964204, "cell_id": "cell_38_35" }, "geometry": { "type": "Polygon", "coordinates": [ [ [ -73.925000000000153, 40.79 ], [ -73.920000000000158, 40.79 ], [ -73.920000000000158, 40.795000000000101 ], [ -73.925000000000153, 40.795000000000101 ], [ -73.925000000000153, 40.79 ] ] ] } },
{ "type": "Feature", "properties": { "center_lat": 40.7925, "center_lon": -73.9175, "predicted_risk": 0.057617048526374233, "cell_id": "cell_38_36" }, "geometry": { "type": "Polygon", "coordinates": [ [ [ -73.920000000000158, 40.79 ], [ -73.915000000000163, 40.79 ], [ -73.915000000000163, 40.795000000000101 ], [ -73.920000000000158, 40.795000000000101 ], [ -73.920000000000158, 40.79 ] ] ] } },
{ "type": "Feature", "properties": { "center_lat": 40.7925, "center_lon": -73.9125, "predicted_risk": 0.22108663689780958, "cell_id": "cell_38_37" }, "geometry": { "type": "Polygon", "coordinates": [ [ [ -73.915000000000163, 40.79 ], [ -73.910000000000167, 40.79 ], [ -73.910000000000167, 40.795000000000101 ], [ -73.915000000000163, 40.795000000000101 ], [ -73.915000000000163, 40.79 ] ] ] } },
{ "type": "Feature", "properties": { "center_lat": 40.7925, "center_lon": -73.9075, "predicted_risk": 0.0975853658746694, "cell_id": "cell_38_38" }, "geometry": { "type": "Polygon", "coordinates": [ [ [ -73.910000000000167, 40.79 ], [ -73.905000000000172, 40.79 ], [ -73.905000000000172, 40.795000000000101 ], [ -73.910000000000167, 40.795000000000101 ], [ -73.910000000000167, 40.79 ] ] ] } }
]
}
